Log file open, 05/30/25 20:50:53
LogWindows: Failed to load 'aqProf.dll' (GetLastError=126)
LogWindows: File 'aqProf.dll' does not exist
LogWindows: Failed to load 'VtuneApi.dll' (GetLastError=126)
LogWindows: File 'VtuneApi.dll' does not exist
LogWindows: Failed to load 'VtuneApi32e.dll' (GetLastError=126)
LogWindows: File 'VtuneApi32e.dll' does not exist
LogConsoleResponse: Display: Failed to find resolution value strings in scalability ini. Falling back to default.
LogConsoleResponse: Display: Failed to find resolution value strings in scalability ini. Falling back to default.
LogInit: Display: Running engine for game: EngiPracrice
LogPlatformFile: Not using cached read wrapper
LogTaskGraph: Started task graph with 5 named threads and 23 total threads with 3 sets of task threads.
LogStats: Stats thread started at 0.335080
LogICUInternationalization: ICU TimeZone Detection - Raw Offset: +3:00, Platform Override: ''
LogInit: Display: Loading text-based GConfig....
LogPluginManager: Mounting plugin MeshPainting
LogPluginManager: Mounting plugin XGEController
LogPluginManager: Mounting plugin AISupport
LogPluginManager: Mounting plugin Paper2D
LogPluginManager: Mounting plugin EnvironmentQueryEditor
LogPluginManager: Mounting plugin LightPropagationVolume
LogPluginManager: Mounting plugin GameplayCameras
LogPluginManager: Mounting plugin OodleData
LogPluginManager: Mounting plugin CameraShakePreviewer
LogPluginManager: Mounting plugin OodleNetwork
LogPluginManager: Mounting plugin LiveLink
LogPluginManager: Mounting plugin AnimationSharing
LogPluginManager: Mounting plugin CLionSourceCodeAccess
LogPluginManager: Mounting plugin CodeLiteSourceCodeAccess
LogPluginManager: Mounting plugin KDevelopSourceCodeAccess
LogPluginManager: Mounting plugin NullSourceCodeAccess
LogPluginManager: Mounting plugin PixWinPlugin
LogPluginManager: Mounting plugin PerforceSourceControl
LogPluginManager: Mounting plugin GitSourceControl
LogPluginManager: Mounting plugin PlasticSourceControl
LogPluginManager: Mounting plugin PluginUtils
LogPluginManager: Mounting plugin PropertyAccessNode
LogPluginManager: Mounting plugin RiderSourceCodeAccess
LogPluginManager: Mounting plugin SubversionSourceControl
LogPluginManager: Mounting plugin UObjectPlugin
LogPluginManager: Mounting plugin TextureFormatOodle
LogPluginManager: Mounting plugin VisualStudioCodeSourceCodeAccess
LogPluginManager: Mounting plugin VisualStudioSourceCodeAccess
LogPluginManager: Mounting plugin XCodeSourceCodeAccess
LogPluginManager: Mounting plugin AssetManagerEditor
LogPluginManager: Mounting plugin DatasmithContent
LogPluginManager: Mounting plugin CryptoKeys
LogPluginManager: Mounting plugin DataValidation
LogPluginManager: Mounting plugin CurveEditorTools
LogPluginManager: Mounting plugin GameplayTagsEditor
LogPluginManager: Mounting plugin FacialAnimation
LogPluginManager: Mounting plugin GeometryMode
LogPluginManager: Mounting plugin MaterialAnalyzer
LogPluginManager: Mounting plugin MacGraphicsSwitching
LogPluginManager: Mounting plugin MobileLauncherProfileWizard
LogPluginManager: Mounting plugin PluginBrowser
LogPluginManager: Mounting plugin SpeedTreeImporter
LogPluginManager: Mounting plugin Niagara
LogPluginManager: Mounting plugin AlembicImporter
LogPluginManager: Mounting plugin AutomationUtils
LogPluginManager: Mounting plugin BackChannel
LogPluginManager: Mounting plugin ChaosCloth
LogPluginManager: Mounting plugin ChaosEditor
LogPluginManager: Mounting plugin ChaosClothEditor
LogPluginManager: Mounting plugin ChaosNiagara
LogPluginManager: Mounting plugin CharacterAI
LogPluginManager: Mounting plugin ChaosSolverPlugin
LogPluginManager: Mounting plugin GeometryCache
LogPluginManager: Mounting plugin GeometryCollectionPlugin
LogPluginManager: Mounting plugin GeometryProcessing
LogPluginManager: Mounting plugin MotoSynth
LogPluginManager: Mounting plugin OpenImageDenoise
LogPluginManager: Mounting plugin PlanarCut
LogPluginManager: Mounting plugin PlatformCrypto
LogPluginManager: Mounting plugin ProxyLODPlugin
LogPluginManager: Mounting plugin PythonScriptPlugin
LogPluginManager: Mounting plugin AndroidMedia
LogPluginManager: Mounting plugin SkeletalReduction
LogPluginManager: Mounting plugin AvfMedia
LogPluginManager: Mounting plugin LuminPlatformFeatures
LogPluginManager: Mounting plugin ImgMedia
LogPluginManager: Mounting plugin MediaCompositing
LogPluginManager: Mounting plugin MagicLeap
LogPluginManager: Mounting plugin MediaPlayerEditor
LogPluginManager: Mounting plugin WebMMedia
LogPluginManager: Mounting plugin WmfMedia
LogPluginManager: Mounting plugin MagicLeapMedia
LogPluginManager: Mounting plugin MagicLeapLightEstimation
LogPluginManager: Mounting plugin MagicLeapPassableWorld
LogPluginManager: Mounting plugin MLSDK
LogPluginManager: Mounting plugin TcpMessaging
LogPluginManager: Mounting plugin UdpMessaging
LogPluginManager: Mounting plugin ActorSequence
LogPluginManager: Mounting plugin LevelSequenceEditor
LogPluginManager: Mounting plugin MatineeToLevelSequence
LogPluginManager: Mounting plugin TemplateSequence
LogPluginManager: Mounting plugin LauncherChunkInstaller
LogPluginManager: Mounting plugin OnlineSubsystem
LogPluginManager: Mounting plugin OnlineSubsystemNull
LogPluginManager: Mounting plugin OnlineSubsystemUtils
LogPluginManager: Mounting plugin ActorLayerUtilities
LogPluginManager: Mounting plugin AndroidDeviceProfileSelector
LogPluginManager: Mounting plugin AndroidMoviePlayer
LogPluginManager: Mounting plugin AndroidPermission
LogPluginManager: Mounting plugin AppleMoviePlayer
LogPluginManager: Mounting plugin AppleImageUtils
LogPluginManager: Mounting plugin ArchVisCharacter
LogPluginManager: Mounting plugin AssetTags
LogPluginManager: Mounting plugin AudioCapture
LogPluginManager: Mounting plugin AudioSynesthesia
LogPluginManager: Mounting plugin CableComponent
LogPluginManager: Mounting plugin ChunkDownloader
LogPluginManager: Mounting plugin CustomMeshComponent
LogPluginManager: Mounting plugin EditableMesh
LogPluginManager: Mounting plugin ExampleDeviceProfileSelector
LogPluginManager: Mounting plugin GoogleCloudMessaging
LogPluginManager: Mounting plugin GooglePAD
LogPluginManager: Mounting plugin ScreenshotTools
LogPluginManager: Mounting plugin IOSDeviceProfileSelector
LogPluginManager: Mounting plugin LinuxDeviceProfileSelector
LogPluginManager: Mounting plugin LocationServicesBPLibrary
LogPluginManager: Mounting plugin MobilePatchingUtils
LogPluginManager: Mounting plugin OpenXRHandTracking
LogPluginManager: Mounting plugin OpenXR
LogPluginManager: Mounting plugin OpenXREyeTracker
LogPluginManager: Mounting plugin PhysXVehicles
LogPluginManager: Mounting plugin PostSplashScreen
LogPluginManager: Mounting plugin ProceduralMeshComponent
LogPluginManager: Mounting plugin PropertyAccessEditor
LogPluginManager: Mounting plugin ResonanceAudio
LogPluginManager: Mounting plugin RuntimePhysXCooking
LogPluginManager: Mounting plugin SignificanceManager
LogPluginManager: Mounting plugin SoundFields
LogPluginManager: Mounting plugin Synthesis
LogPluginManager: Mounting plugin WebMMoviePlayer
LogPluginManager: Mounting plugin Takes
LogPluginManager: Mounting plugin WindowsMoviePlayer
LogPluginManager: Mounting plugin VariantManagerContent
LogPluginManager: Mounting plugin ContentBrowserClassDataSource
LogPluginManager: Mounting plugin ContentBrowserFileDataSource
LogPluginManager: Mounting plugin ContentBrowserAssetDataSource
LogPluginManager: Mounting plugin OnlineSubsystemGooglePlay
LogPluginManager: Mounting plugin OnlineSubsystemIOS
LogPluginManager: Mounting plugin OculusOpenXR
PixWinPlugin: PIX capture plugin failed to initialize! Check that the process is launched from PIX.
LogInit: Using libcurl 7.55.1-DEV
LogInit:  - built for x86_64-pc-win32
LogInit:  - supports SSL with OpenSSL/1.1.1
LogInit:  - supports HTTP deflate (compression) using libz 1.2.8
LogInit:  - other features:
LogInit:      CURL_VERSION_SSL
LogInit:      CURL_VERSION_LIBZ
LogInit:      CURL_VERSION_IPV6
LogInit:      CURL_VERSION_ASYNCHDNS
LogInit:      CURL_VERSION_LARGEFILE
LogInit:      CURL_VERSION_IDN
LogInit:  CurlRequestOptions (configurable via config and command line):
LogInit:  - bVerifyPeer = true  - Libcurl will verify peer certificate
LogInit:  - bUseHttpProxy = false  - Libcurl will NOT use HTTP proxy
LogInit:  - bDontReuseConnections = false  - Libcurl will reuse connections
LogInit:  - MaxHostConnections = 16  - Libcurl will limit the number of connections to a host
LogInit:  - LocalHostAddr = Default
LogInit:  - BufferSize = 65536
LogOnline: OSS: Creating online subsystem instance for: NULL
LogInit: WinSock: version 1.1 (2.2), MaxSocks=32767, MaxUdp=65467
LogOnline: OSS: TryLoadSubsystemAndSetDefault: Loaded subsystem for module [NULL]
LogInit: Build: ++UE4+Release-4.27-CL-18319896
LogInit: Engine Version: 4.27.2-18319896+++UE4+Release-4.27
LogInit: Compatible Engine Version: 4.27.0-17155196+++UE4+Release-4.27
LogInit: Net CL: 17155196
LogInit: OS: Windows 10 (Release 2009) (), CPU: 11th Gen Intel(R) Core(TM) i7-1165G7 @ 2.80GHz, GPU: Intel(R) Iris(R) Xe Graphics
LogInit: Compiled (64-bit): Nov 30 2021 07:12:08
LogInit: Compiled with Visual C++: 19.24.28315.00
LogInit: Build Configuration: Development
LogInit: Branch Name: ++UE4+Release-4.27
LogInit: Command Line: 
LogInit: Base Directory: D:/UE_4.27/Engine/Binaries/Win64/
LogInit: Allocator: TBB
LogInit: Installed Engine Build: 1
LogDevObjectVersion: Number of dev versions registered: 29
LogDevObjectVersion:   Dev-Blueprints (B0D832E4-1F89-4F0D-ACCF-7EB736FD4AA2): 10
LogDevObjectVersion:   Dev-Build (E1C64328-A22C-4D53-A36C-8E866417BD8C): 0
LogDevObjectVersion:   Dev-Core (375EC13C-06E4-48FB-B500-84F0262A717E): 4
LogDevObjectVersion:   Dev-Editor (E4B068ED-F494-42E9-A231-DA0B2E46BB41): 40
LogDevObjectVersion:   Dev-Framework (CFFC743F-43B0-4480-9391-14DF171D2073): 37
LogDevObjectVersion:   Dev-Mobile (B02B49B5-BB20-44E9-A304-32B752E40360): 3
LogDevObjectVersion:   Dev-Networking (A4E4105C-59A1-49B5-A7C5-40C4547EDFEE): 0
LogDevObjectVersion:   Dev-Online (39C831C9-5AE6-47DC-9A44-9C173E1C8E7C): 0
LogDevObjectVersion:   Dev-Physics (78F01B33-EBEA-4F98-B9B4-84EACCB95AA2): 14
LogDevObjectVersion:   Dev-Platform (6631380F-2D4D-43E0-8009-CF276956A95A): 0
LogDevObjectVersion:   Dev-Rendering (12F88B9F-8875-4AFC-A67C-D90C383ABD29): 45
LogDevObjectVersion:   Dev-Sequencer (7B5AE74C-D270-4C10-A958-57980B212A5A): 13
LogDevObjectVersion:   Dev-VR (D7296918-1DD6-4BDD-9DE2-64A83CC13884): 3
LogDevObjectVersion:   Dev-LoadTimes (C2A15278-BFE7-4AFE-6C17-90FF531DF755): 1
LogDevObjectVersion:   Private-Geometry (6EACA3D4-40EC-4CC1-B786-8BED09428FC5): 3
LogDevObjectVersion:   Dev-AnimPhys (29E575DD-E0A3-4627-9D10-D276232CDCEA): 17
LogDevObjectVersion:   Dev-Anim (AF43A65D-7FD3-4947-9873-3E8ED9C1BB05): 15
LogDevObjectVersion:   Dev-ReflectionCapture (6B266CEC-1EC7-4B8F-A30B-E4D90942FC07): 1
LogDevObjectVersion:   Dev-Automation (0DF73D61-A23F-47EA-B727-89E90C41499A): 1
LogDevObjectVersion:   FortniteMain (601D1886-AC64-4F84-AA16-D3DE0DEAC7D6): 47
LogDevObjectVersion:   FortniteRelease (E7086368-6B23-4C58-8439-1B7016265E91): 1
LogDevObjectVersion:   Dev-Enterprise (9DFFBCD6-494F-0158-E221-12823C92A888): 10
LogDevObjectVersion:   Dev-Niagara (F2AED0AC-9AFE-416F-8664-AA7FFA26D6FC): 1
LogDevObjectVersion:   Dev-Destruction (174F1F0B-B4C6-45A5-B13F-2EE8D0FB917D): 10
LogDevObjectVersion:   Dev-Physics-Ext (35F94A83-E258-406C-A318-09F59610247C): 41
LogDevObjectVersion:   Dev-PhysicsMaterial-Chaos (B68FC16E-8B1B-42E2-B453-215C058844FE): 1
LogDevObjectVersion:   Dev-CineCamera (B2E18506-4273-CFC2-A54E-F4BB758BBA07): 1
LogDevObjectVersion:   Dev-VirtualProduction (64F58936-FD1B-42BA-BA96-7289D5D0FA4E): 1
LogDevObjectVersion:   Dev-MediaFramework (6F0ED827-A609-4895-9C91-998D90180EA4): 2
LogInit: Presizing for max 25165824 objects, including 0 objects not considered by GC, pre-allocating 0 bytes for permanent pool.
LogConfig: Applying CVar settings from Section [/Script/Engine.StreamingSettings] File [D:/Университет/6 семестр/VR/FinalProject/EngiPracrice/Saved/Config/Windows/Engine.ini]
LogConfig: Setting CVar [[s.MinBulkDataSizeForAsyncLoading:131072]]
LogConfig: Setting CVar [[s.AsyncLoadingThreadEnabled:0]]
LogConfig: Setting CVar [[s.EventDrivenLoaderEnabled:1]]
LogConfig: Setting CVar [[s.WarnIfTimeLimitExceeded:0]]
LogConfig: Setting CVar [[s.TimeLimitExceededMultiplier:1.5]]
LogConfig: Setting CVar [[s.TimeLimitExceededMinTime:0.005]]
LogConfig: Setting CVar [[s.UseBackgroundLevelStreaming:1]]
LogConfig: Setting CVar [[s.PriorityAsyncLoadingExtraTime:15.0]]
LogConfig: Setting CVar [[s.LevelStreamingActorsUpdateTimeLimit:5.0]]
LogConfig: Setting CVar [[s.PriorityLevelStreamingActorsUpdateExtraTime:5.0]]
LogConfig: Setting CVar [[s.LevelStreamingComponentsRegistrationGranularity:10]]
LogConfig: Setting CVar [[s.UnregisterComponentsTimeLimit:1.0]]
LogConfig: Setting CVar [[s.LevelStreamingComponentsUnregistrationGranularity:5]]
LogConfig: Setting CVar [[s.FlushStreamingOnExit:1]]
LogInit: Object subsystem initialized
LogConfig: Setting CVar [[con.DebugEarlyDefault:1]]
LogConfig: Setting CVar [[r.setres:1280x720]]
[2025.05.30-17.50.54:103][  0]LogConfig: Setting CVar [[r.VSync:0]]
[2025.05.30-17.50.54:103][  0]LogConfig: Setting CVar [[r.RHICmdBypass:0]]
[2025.05.30-17.50.54:103][  0]LogConfig: Applying CVar settings from Section [/Script/Engine.RendererSettings] File [D:/Университет/6 семестр/VR/FinalProject/EngiPracrice/Saved/Config/Windows/Engine.ini]
[2025.05.30-17.50.54:103][  0]LogConfig: Setting CVar [[r.GPUCrashDebugging:0]]
[2025.05.30-17.50.54:103][  0]LogConfig: Setting CVar [[r.Mobile.DisableVertexFog:1]]
[2025.05.30-17.50.54:103][  0]LogConfig: Setting CVar [[r.Shadow.CSM.MaxMobileCascades:2]]
[2025.05.30-17.50.54:103][  0]LogConfig: Setting CVar [[r.MobileMSAA:4]]
[2025.05.30-17.50.54:103][  0]LogConfig: Setting CVar [[r.Mobile.AllowDitheredLODTransition:0]]
[2025.05.30-17.50.54:103][  0]LogConfig: Setting CVar [[r.Mobile.AllowSoftwareOcclusion:0]]
[2025.05.30-17.50.54:103][  0]LogConfig: Setting CVar [[r.Mobile.VirtualTextures:0]]
[2025.05.30-17.50.54:103][  0]LogConfig: Setting CVar [[r.DiscardUnusedQuality:0]]
[2025.05.30-17.50.54:103][  0]LogConfig: Setting CVar [[r.AllowOcclusionQueries:1]]
[2025.05.30-17.50.54:103][  0]LogConfig: Setting CVar [[r.MinScreenRadiusForLights:0.030000]]
[2025.05.30-17.50.54:103][  0]LogConfig: Setting CVar [[r.MinScreenRadiusForDepthPrepass:0.030000]]
[2025.05.30-17.50.54:103][  0]LogConfig: Setting CVar [[r.MinScreenRadiusForCSMDepth:0.010000]]
[2025.05.30-17.50.54:103][  0]LogConfig: Setting CVar [[r.PrecomputedVisibilityWarning:0]]
[2025.05.30-17.50.54:103][  0]LogConfig: Setting CVar [[r.TextureStreaming:1]]
[2025.05.30-17.50.54:103][  0]LogConfig: Setting CVar [[Compat.UseDXT5NormalMaps:0]]
[2025.05.30-17.50.54:103][  0]LogConfig: Setting CVar [[r.VirtualTextures:0]]
[2025.05.30-17.50.54:103][  0]LogConfig: Setting CVar [[r.VirtualTexturedLightmaps:0]]
[2025.05.30-17.50.54:103][  0]LogConfig: Setting CVar [[r.VT.TileSize:128]]
[2025.05.30-17.50.54:103][  0]LogConfig: Setting CVar [[r.VT.TileBorderSize:4]]
[2025.05.30-17.50.54:103][  0]LogConfig: Setting CVar [[r.vt.FeedbackFactor:16]]
[2025.05.30-17.50.54:103][  0]LogConfig: Setting CVar [[r.VT.EnableCompressZlib:1]]
[2025.05.30-17.50.54:103][  0]LogConfig: Setting CVar [[r.VT.EnableCompressCrunch:0]]
[2025.05.30-17.50.54:103][  0]LogConfig: Setting CVar [[r.ClearCoatNormal:0]]
[2025.05.30-17.50.54:103][  0]LogConfig: Setting CVar [[r.ReflectionCaptureResolution:128]]
[2025.05.30-17.50.54:103][  0]LogConfig: Setting CVar [[r.Mobile.ReflectionCaptureCompression:0]]
[2025.05.30-17.50.54:103][  0]LogConfig: Setting CVar [[r.ReflectionEnvironmentLightmapMixBasedOnRoughness:1]]
[2025.05.30-17.50.54:103][  0]LogConfig: Setting CVar [[r.ForwardShading:1]]
[2025.05.30-17.50.54:103][  0]LogConfig: Setting CVar [[r.VertexFoggingForOpaque:1]]
[2025.05.30-17.50.54:103][  0]LogConfig: Setting CVar [[r.AllowStaticLighting:1]]
[2025.05.30-17.50.54:103][  0]LogConfig: Setting CVar [[r.NormalMapsForStaticLighting:0]]
[2025.05.30-17.50.54:103][  0]LogConfig: Setting CVar [[r.GenerateMeshDistanceFields:0]]
[2025.05.30-17.50.54:103][  0]LogConfig: Setting CVar [[r.DistanceFieldBuild.EightBit:0]]
[2025.05.30-17.50.54:103][  0]LogConfig: Setting CVar [[r.GenerateLandscapeGIData:0]]
[2025.05.30-17.50.54:103][  0]LogConfig: Setting CVar [[r.DistanceFieldBuild.Compress:0]]
[2025.05.30-17.50.54:103][  0]LogConfig: Setting CVar [[r.TessellationAdaptivePixelsPerTriangle:48.000000]]
[2025.05.30-17.50.54:103][  0]LogConfig: Setting CVar [[r.SeparateTranslucency:0]]
[2025.05.30-17.50.54:103][  0]LogConfig: Setting CVar [[r.TranslucentSortPolicy:0]]
[2025.05.30-17.50.54:103][  0]LogConfig: Setting CVar [[r.CustomDepth:1]]
[2025.05.30-17.50.54:103][  0]LogConfig: Setting CVar [[r.CustomDepthTemporalAAJitter:1]]
[2025.05.30-17.50.54:103][  0]LogConfig: Setting CVar [[r.PostProcessing.PropagateAlpha:0]]
[2025.05.30-17.50.54:103][  0]LogConfig: Setting CVar [[r.DefaultFeature.Bloom:0]]
[2025.05.30-17.50.54:103][  0]LogConfig: Setting CVar [[r.DefaultFeature.AmbientOcclusion:0]]
[2025.05.30-17.50.54:103][  0]LogConfig: Setting CVar [[r.DefaultFeature.AmbientOcclusionStaticFraction:1]]
[2025.05.30-17.50.54:103][  0]LogConfig: Setting CVar [[r.DefaultFeature.AutoExposure:0]]
[2025.05.30-17.50.54:103][  0]LogConfig: Setting CVar [[r.DefaultFeature.AutoExposure.Method:0]]
[2025.05.30-17.50.54:103][  0]LogConfig: Setting CVar [[r.DefaultFeature.AutoExposure.Bias:1.000000]]
[2025.05.30-17.50.54:103][  0]LogConfig: Setting CVar [[r.DefaultFeature.AutoExposure.ExtendDefaultLuminanceRange:1]]
[2025.05.30-17.50.54:103][  0]LogConfig: Setting CVar [[r.UsePreExposure:1]]
[2025.05.30-17.50.54:103][  0]LogConfig: Setting CVar [[r.EyeAdaptation.EditorOnly:0]]
[2025.05.30-17.50.54:103][  0]LogConfig: Setting CVar [[r.DefaultFeature.MotionBlur:0]]
[2025.05.30-17.50.54:103][  0]LogConfig: Setting CVar [[r.DefaultFeature.LensFlare:0]]
[2025.05.30-17.50.54:103][  0]LogConfig: Setting CVar [[r.TemporalAA.Upsampling:0]]
[2025.05.30-17.50.54:103][  0]LogConfig: Setting CVar [[r.SSGI.Enable:0]]
[2025.05.30-17.50.54:103][  0]LogConfig: Setting CVar [[r.DefaultFeature.AntiAliasing:3]]
[2025.05.30-17.50.54:103][  0]LogConfig: Setting CVar [[r.DefaultFeature.LightUnits:1]]
[2025.05.30-17.50.54:103][  0]LogConfig: Setting CVar [[r.DefaultBackBufferPixelFormat:4]]
[2025.05.30-17.50.54:103][  0]LogConfig: Setting CVar [[r.Shadow.UnbuiltPreviewInGame:1]]
[2025.05.30-17.50.54:103][  0]LogConfig: Setting CVar [[r.StencilForLODDither:0]]
[2025.05.30-17.50.54:103][  0]LogConfig: Setting CVar [[r.EarlyZPass:3]]
[2025.05.30-17.50.54:104][  0]LogConfig: Setting CVar [[r.EarlyZPassOnlyMaterialMasking:0]]
[2025.05.30-17.50.54:104][  0]LogConfig: Setting CVar [[r.DBuffer:1]]
[2025.05.30-17.50.54:104][  0]LogConfig: Setting CVar [[r.ClearSceneMethod:1]]
[2025.05.30-17.50.54:104][  0]LogConfig: Setting CVar [[r.BasePassOutputsVelocity:0]]
[2025.05.30-17.50.54:104][  0]LogConfig: Setting CVar [[r.VertexDeformationOutputsVelocity:0]]
[2025.05.30-17.50.54:104][  0]LogConfig: Setting CVar [[r.SelectiveBasePassOutputs:0]]
[2025.05.30-17.50.54:104][  0]LogConfig: Setting CVar [[fx.GPUSimulationTextureSizeX:1024]]
[2025.05.30-17.50.54:104][  0]LogConfig: Setting CVar [[fx.GPUSimulationTextureSizeY:1024]]
[2025.05.30-17.50.54:104][  0]LogConfig: Setting CVar [[r.AllowGlobalClipPlane:0]]
[2025.05.30-17.50.54:104][  0]LogConfig: Setting CVar [[r.GBufferFormat:1]]
[2025.05.30-17.50.54:104][  0]LogConfig: Setting CVar [[r.MorphTarget.Mode:1]]
[2025.05.30-17.50.54:104][  0]LogConfig: Setting CVar [[vr.InstancedStereo:1]]
[2025.05.30-17.50.54:104][  0]LogConfig: Setting CVar [[r.MobileHDR:0]]
[2025.05.30-17.50.54:104][  0]LogConfig: Setting CVar [[vr.MobileMultiView:1]]
[2025.05.30-17.50.54:104][  0]LogConfig: Setting CVar [[r.Mobile.UseHWsRGBEncoding:1]]
[2025.05.30-17.50.54:104][  0]LogConfig: Setting CVar [[vr.RoundRobinOcclusion:0]]
[2025.05.30-17.50.54:104][  0]LogConfig: Setting CVar [[vr.ODSCapture:0]]
[2025.05.30-17.50.54:104][  0]LogConfig: Setting CVar [[r.MeshStreaming:0]]
[2025.05.30-17.50.54:104][  0]LogConfig: Setting CVar [[r.WireframeCullThreshold:5.000000]]
[2025.05.30-17.50.54:104][  0]LogConfig: Setting CVar [[r.RayTracing:0]]
[2025.05.30-17.50.54:104][  0]LogConfig: Setting CVar [[r.RayTracing.UseTextureLod:0]]
[2025.05.30-17.50.54:104][  0]LogConfig: Setting CVar [[r.SupportStationarySkylight:1]]
[2025.05.30-17.50.54:104][  0]LogConfig: Setting CVar [[r.SupportLowQualityLightmaps:1]]
[2025.05.30-17.50.54:104][  0]LogConfig: Setting CVar [[r.SupportPointLightWholeSceneShadows:1]]
[2025.05.30-17.50.54:104][  0]LogConfig: Setting CVar [[r.SupportAtmosphericFog:1]]
[2025.05.30-17.50.54:104][  0]LogConfig: Setting CVar [[r.SupportSkyAtmosphere:1]]
[2025.05.30-17.50.54:104][  0]LogConfig: Setting CVar [[r.SupportSkyAtmosphereAffectsHeightFog:0]]
[2025.05.30-17.50.54:104][  0]LogConfig: Setting CVar [[r.SkinCache.CompileShaders:0]]
[2025.05.30-17.50.54:104][  0]LogConfig: Setting CVar [[r.SkinCache.DefaultBehavior:1]]
[2025.05.30-17.50.54:104][  0]LogConfig: Setting CVar [[r.SkinCache.SceneMemoryLimitInMB:128.000000]]
[2025.05.30-17.50.54:104][  0]LogConfig: Setting CVar [[r.Mobile.EnableStaticAndCSMShadowReceivers:1]]
[2025.05.30-17.50.54:104][  0]LogConfig: Setting CVar [[r.Mobile.EnableMovableLightCSMShaderCulling:1]]
[2025.05.30-17.50.54:104][  0]LogConfig: Setting CVar [[r.Mobile.AllowDistanceFieldShadows:1]]
[2025.05.30-17.50.54:104][  0]LogConfig: Setting CVar [[r.Mobile.AllowMovableDirectionalLights:1]]
[2025.05.30-17.50.54:104][  0]LogConfig: Setting CVar [[r.MobileNumDynamicPointLights:4]]
[2025.05.30-17.50.54:104][  0]LogConfig: Setting CVar [[r.MobileDynamicPointLightsUseStaticBranch:1]]
[2025.05.30-17.50.54:104][  0]LogConfig: Setting CVar [[r.Mobile.EnableMovableSpotlights:0]]
[2025.05.30-17.50.54:104][  0]LogConfig: Setting CVar [[r.Mobile.EnableMovableSpotlightsShadow:0]]
[2025.05.30-17.50.54:104][  0]LogConfig: Setting CVar [[r.GPUSkin.Support16BitBoneIndex:0]]
[2025.05.30-17.50.54:104][  0]LogConfig: Setting CVar [[r.GPUSkin.Limit2BoneInfluences:0]]
[2025.05.30-17.50.54:104][  0]LogConfig: Setting CVar [[r.SupportDepthOnlyIndexBuffers:1]]
[2025.05.30-17.50.54:104][  0]LogConfig: Setting CVar [[r.SupportReversedIndexBuffers:1]]
[2025.05.30-17.50.54:104][  0]LogConfig: Setting CVar [[r.LightPropagationVolume:0]]
[2025.05.30-17.50.54:104][  0]LogConfig: Setting CVar [[r.Mobile.AmbientOcclusion:0]]
[2025.05.30-17.50.54:104][  0]LogConfig: Setting CVar [[r.GPUSkin.UnlimitedBoneInfluences:0]]
[2025.05.30-17.50.54:104][  0]LogConfig: Setting CVar [[r.GPUSkin.UnlimitedBoneInfluencesThreshold:8]]
[2025.05.30-17.50.54:104][  0]LogConfig: Setting CVar [[r.Mobile.PlanarReflectionMode:0]]
[2025.05.30-17.50.54:104][  0]LogConfig: Setting CVar [[r.Mobile.SupportGPUScene:1]]
[2025.05.30-17.50.54:104][  0]LogConfig: Applying CVar settings from Section [/Script/Engine.RendererOverrideSettings] File [D:/Университет/6 семестр/VR/FinalProject/EngiPracrice/Saved/Config/Windows/Engine.ini]
[2025.05.30-17.50.54:104][  0]LogConfig: Applying CVar settings from Section [/Script/Engine.StreamingSettings] File [D:/Университет/6 семестр/VR/FinalProject/EngiPracrice/Saved/Config/Windows/Engine.ini]
[2025.05.30-17.50.54:104][  0]LogConfig: Setting CVar [[s.MinBulkDataSizeForAsyncLoading:131072]]
[2025.05.30-17.50.54:104][  0]LogConfig: Setting CVar [[s.AsyncLoadingThreadEnabled:0]]
[2025.05.30-17.50.54:104][  0]LogConfig: Setting CVar [[s.EventDrivenLoaderEnabled:1]]
[2025.05.30-17.50.54:104][  0]LogConfig: Setting CVar [[s.WarnIfTimeLimitExceeded:0]]
[2025.05.30-17.50.54:104][  0]LogConfig: Setting CVar [[s.TimeLimitExceededMultiplier:1.5]]
[2025.05.30-17.50.54:104][  0]LogConfig: Setting CVar [[s.TimeLimitExceededMinTime:0.005]]
[2025.05.30-17.50.54:104][  0]LogConfig: Setting CVar [[s.UseBackgroundLevelStreaming:1]]
[2025.05.30-17.50.54:104][  0]LogConfig: Setting CVar [[s.PriorityAsyncLoadingExtraTime:15.0]]
[2025.05.30-17.50.54:104][  0]LogConfig: Setting CVar [[s.LevelStreamingActorsUpdateTimeLimit:5.0]]
[2025.05.30-17.50.54:104][  0]LogConfig: Setting CVar [[s.PriorityLevelStreamingActorsUpdateExtraTime:5.0]]
[2025.05.30-17.50.54:104][  0]LogConfig: Setting CVar [[s.LevelStreamingComponentsRegistrationGranularity:10]]
[2025.05.30-17.50.54:104][  0]LogConfig: Setting CVar [[s.UnregisterComponentsTimeLimit:1.0]]
[2025.05.30-17.50.54:104][  0]LogConfig: Setting CVar [[s.LevelStreamingComponentsUnregistrationGranularity:5]]
[2025.05.30-17.50.54:104][  0]LogConfig: Setting CVar [[s.FlushStreamingOnExit:1]]
[2025.05.30-17.50.54:104][  0]LogConfig: Applying CVar settings from Section [/Script/Engine.GarbageCollectionSettings] File [D:/Университет/6 семестр/VR/FinalProject/EngiPracrice/Saved/Config/Windows/Engine.ini]
[2025.05.30-17.50.54:104][  0]LogConfig: Setting CVar [[gc.MaxObjectsNotConsideredByGC:1]]
[2025.05.30-17.50.54:104][  0]LogConfig: Setting CVar [[gc.SizeOfPermanentObjectPool:0]]
[2025.05.30-17.50.54:104][  0]LogConfig: Setting CVar [[gc.FlushStreamingOnGC:0]]
[2025.05.30-17.50.54:104][  0]LogConfig: Setting CVar [[gc.NumRetriesBeforeForcingGC:10]]
[2025.05.30-17.50.54:104][  0]LogConfig: Setting CVar [[gc.AllowParallelGC:1]]
[2025.05.30-17.50.54:104][  0]LogConfig: Setting CVar [[gc.TimeBetweenPurgingPendingKillObjects:61.1]]
[2025.05.30-17.50.54:104][  0]LogConfig: Setting CVar [[gc.MaxObjectsInEditor:25165824]]
[2025.05.30-17.50.54:104][  0]LogConfig: Setting CVar [[gc.IncrementalBeginDestroyEnabled:1]]
[2025.05.30-17.50.54:104][  0]LogConfig: Setting CVar [[gc.CreateGCClusters:1]]
[2025.05.30-17.50.54:104][  0]LogConfig: Setting CVar [[gc.MinGCClusterSize:5]]
[2025.05.30-17.50.54:104][  0]LogConfig: Setting CVar [[gc.ActorClusteringEnabled:0]]
[2025.05.30-17.50.54:104][  0]LogConfig: Setting CVar [[gc.BlueprintClusteringEnabled:0]]
[2025.05.30-17.50.54:104][  0]LogConfig: Setting CVar [[gc.UseDisregardForGCOnDedicatedServers:0]]
[2025.05.30-17.50.54:104][  0]LogConfig: Setting CVar [[gc.MultithreadedDestructionEnabled:1]]
[2025.05.30-17.50.54:104][  0]LogConfig: Applying CVar settings from Section [/Script/Engine.NetworkSettings] File [D:/Университет/6 семестр/VR/FinalProject/EngiPracrice/Saved/Config/Windows/Engine.ini]
[2025.05.30-17.50.54:104][  0]LogConfig: Applying CVar settings from Section [/Script/UnrealEd.CookerSettings] File [D:/Университет/6 семестр/VR/FinalProject/EngiPracrice/Saved/Config/Windows/Engine.ini]
[2025.05.30-17.50.54:111][  0]LogConfig: Applying CVar settings from Section [ViewDistanceQuality@3] File [D:/Университет/6 семестр/VR/FinalProject/EngiPracrice/Saved/Config/Windows/Scalability.ini]
[2025.05.30-17.50.54:111][  0]LogConfig: Setting CVar [[r.SkeletalMeshLODBias:0]]
[2025.05.30-17.50.54:111][  0]LogConfig: Setting CVar [[r.ViewDistanceScale:1.0]]
[2025.05.30-17.50.54:111][  0]LogConfig: Applying CVar settings from Section [AntiAliasingQuality@3] File [D:/Университет/6 семестр/VR/FinalProject/EngiPracrice/Saved/Config/Windows/Scalability.ini]
[2025.05.30-17.50.54:111][  0]LogConfig: Setting CVar [[r.PostProcessAAQuality:4]]
[2025.05.30-17.50.54:111][  0]LogConfig: Applying CVar settings from Section [ShadowQuality@3] File [D:/Университет/6 семестр/VR/FinalProject/EngiPracrice/Saved/Config/Windows/Scalability.ini]
[2025.05.30-17.50.54:111][  0]LogConfig: Setting CVar [[r.LightFunctionQuality:1]]
[2025.05.30-17.50.54:111][  0]LogConfig: Setting CVar [[r.ShadowQuality:5]]
[2025.05.30-17.50.54:111][  0]LogConfig: Setting CVar [[r.Shadow.CSM.MaxCascades:10]]
[2025.05.30-17.50.54:111][  0]LogConfig: Setting CVar [[r.Shadow.MaxResolution:2048]]
[2025.05.30-17.50.54:111][  0]LogConfig: Setting CVar [[r.Shadow.MaxCSMResolution:2048]]
[2025.05.30-17.50.54:111][  0]LogConfig: Setting CVar [[r.Shadow.RadiusThreshold:0.01]]
[2025.05.30-17.50.54:111][  0]LogConfig: Setting CVar [[r.Shadow.DistanceScale:1.0]]
[2025.05.30-17.50.54:111][  0]LogConfig: Setting CVar [[r.Shadow.CSM.TransitionScale:1.0]]
[2025.05.30-17.50.54:111][  0]LogConfig: Setting CVar [[r.Shadow.PreShadowResolutionFactor:1.0]]
[2025.05.30-17.50.54:111][  0]LogConfig: Setting CVar [[r.DistanceFieldShadowing:1]]
[2025.05.30-17.50.54:111][  0]LogConfig: Setting CVar [[r.DistanceFieldAO:1]]
[2025.05.30-17.50.54:111][  0]LogConfig: Setting CVar [[r.AOQuality:2]]
[2025.05.30-17.50.54:111][  0]LogConfig: Setting CVar [[r.VolumetricFog:1]]
[2025.05.30-17.50.54:111][  0]LogConfig: Setting CVar [[r.VolumetricFog.GridPixelSize:8]]
[2025.05.30-17.50.54:111][  0]LogConfig: Setting CVar [[r.VolumetricFog.GridSizeZ:128]]
[2025.05.30-17.50.54:111][  0]LogConfig: Setting CVar [[r.VolumetricFog.HistoryMissSupersampleCount:4]]
[2025.05.30-17.50.54:111][  0]LogConfig: Setting CVar [[r.LightMaxDrawDistanceScale:1]]
[2025.05.30-17.50.54:111][  0]LogConfig: Setting CVar [[r.CapsuleShadows:1]]
[2025.05.30-17.50.54:111][  0]LogConfig: Applying CVar settings from Section [PostProcessQuality@3] File [D:/Университет/6 семестр/VR/FinalProject/EngiPracrice/Saved/Config/Windows/Scalability.ini]
[2025.05.30-17.50.54:111][  0]LogConfig: Setting CVar [[r.MotionBlurQuality:4]]
[2025.05.30-17.50.54:111][  0]LogConfig: Setting CVar [[r.AmbientOcclusionMipLevelFactor:0.4]]
[2025.05.30-17.50.54:111][  0]LogConfig: Setting CVar [[r.AmbientOcclusionMaxQuality:100]]
[2025.05.30-17.50.54:111][  0]LogConfig: Setting CVar [[r.AmbientOcclusionLevels:-1]]
[2025.05.30-17.50.54:111][  0]LogConfig: Setting CVar [[r.AmbientOcclusionRadiusScale:1.0]]
[2025.05.30-17.50.54:111][  0]LogConfig: Setting CVar [[r.DepthOfFieldQuality:2]]
[2025.05.30-17.50.54:111][  0]LogConfig: Setting CVar [[r.RenderTargetPoolMin:400]]
[2025.05.30-17.50.54:111][  0]LogConfig: Setting CVar [[r.LensFlareQuality:2]]
[2025.05.30-17.50.54:111][  0]LogConfig: Setting CVar [[r.SceneColorFringeQuality:1]]
[2025.05.30-17.50.54:111][  0]LogConfig: Setting CVar [[r.EyeAdaptationQuality:2]]
[2025.05.30-17.50.54:111][  0]LogConfig: Setting CVar [[r.BloomQuality:5]]
[2025.05.30-17.50.54:111][  0]LogConfig: Setting CVar [[r.FastBlurThreshold:100]]
[2025.05.30-17.50.54:111][  0]LogConfig: Setting CVar [[r.Upscale.Quality:3]]
[2025.05.30-17.50.54:111][  0]LogConfig: Setting CVar [[r.Tonemapper.GrainQuantization:1]]
[2025.05.30-17.50.54:111][  0]LogConfig: Setting CVar [[r.LightShaftQuality:1]]
[2025.05.30-17.50.54:111][  0]LogConfig: Setting CVar [[r.Filter.SizeScale:1]]
[2025.05.30-17.50.54:111][  0]LogConfig: Setting CVar [[r.Tonemapper.Quality:5]]
[2025.05.30-17.50.54:111][  0]LogConfig: Setting CVar [[r.DOF.Gather.AccumulatorQuality:1        ; higher gathering accumulator quality]]
[2025.05.30-17.50.54:111][  0]LogConfig: Setting CVar [[r.DOF.Gather.PostfilterMethod:1          ; Median3x3 postfilering method]]
[2025.05.30-17.50.54:111][  0]LogConfig: Setting CVar [[r.DOF.Gather.EnableBokehSettings:0       ; no bokeh simulation when gathering]]
[2025.05.30-17.50.54:111][  0]LogConfig: Setting CVar [[r.DOF.Gather.RingCount:4                 ; medium number of samples when gathering]]
[2025.05.30-17.50.54:111][  0]LogConfig: Setting CVar [[r.DOF.Scatter.ForegroundCompositing:1    ; additive foreground scattering]]
[2025.05.30-17.50.54:111][  0]LogConfig: Setting CVar [[r.DOF.Scatter.BackgroundCompositing:2    ; additive background scattering]]
[2025.05.30-17.50.54:111][  0]LogConfig: Setting CVar [[r.DOF.Scatter.EnableBokehSettings:1      ; bokeh simulation when scattering]]
[2025.05.30-17.50.54:111][  0]LogConfig: Setting CVar [[r.DOF.Scatter.MaxSpriteRatio:0.1         ; only a maximum of 10% of scattered bokeh]]
[2025.05.30-17.50.54:111][  0]LogConfig: Setting CVar [[r.DOF.Recombine.Quality:1                ; cheap slight out of focus]]
[2025.05.30-17.50.54:111][  0]LogConfig: Setting CVar [[r.DOF.Recombine.EnableBokehSettings:0    ; no bokeh simulation on slight out of focus]]
[2025.05.30-17.50.54:111][  0]LogConfig: Setting CVar [[r.DOF.TemporalAAQuality:1                ; more stable temporal accumulation]]
[2025.05.30-17.50.54:111][  0]LogConfig: Setting CVar [[r.DOF.Kernel.MaxForegroundRadius:0.025]]
[2025.05.30-17.50.54:111][  0]LogConfig: Setting CVar [[r.DOF.Kernel.MaxBackgroundRadius:0.025]]
[2025.05.30-17.50.54:111][  0]LogConfig: Applying CVar settings from Section [TextureQuality@3] File [D:/Университет/6 семестр/VR/FinalProject/EngiPracrice/Saved/Config/Windows/Scalability.ini]
[2025.05.30-17.50.54:111][  0]LogConfig: Setting CVar [[r.Streaming.MipBias:0]]
[2025.05.30-17.50.54:111][  0]LogConfig: Setting CVar [[r.Streaming.AmortizeCPUToGPUCopy:0]]
[2025.05.30-17.50.54:111][  0]LogConfig: Setting CVar [[r.Streaming.MaxNumTexturesToStreamPerFrame:0]]
[2025.05.30-17.50.54:111][  0]LogConfig: Setting CVar [[r.Streaming.Boost:1]]
[2025.05.30-17.50.54:111][  0]LogConfig: Setting CVar [[r.MaxAnisotropy:8]]
[2025.05.30-17.50.54:111][  0]LogConfig: Setting CVar [[r.VT.MaxAnisotropy:8]]
[2025.05.30-17.50.54:111][  0]LogConfig: Setting CVar [[r.Streaming.LimitPoolSizeToVRAM:0]]
[2025.05.30-17.50.54:111][  0]LogConfig: Setting CVar [[r.Streaming.PoolSize:1000]]
[2025.05.30-17.50.54:111][  0]LogConfig: Setting CVar [[r.Streaming.MaxEffectiveScreenSize:0]]
[2025.05.30-17.50.54:111][  0]LogConfig: Applying CVar settings from Section [EffectsQuality@3] File [D:/Университет/6 семестр/VR/FinalProject/EngiPracrice/Saved/Config/Windows/Scalability.ini]
[2025.05.30-17.50.54:111][  0]LogConfig: Setting CVar [[r.TranslucencyLightingVolumeDim:64]]
[2025.05.30-17.50.54:111][  0]LogConfig: Setting CVar [[r.RefractionQuality:2]]
[2025.05.30-17.50.54:111][  0]LogConfig: Setting CVar [[r.SSR.Quality:3]]
[2025.05.30-17.50.54:111][  0]LogConfig: Setting CVar [[r.SSR.HalfResSceneColor:0]]
[2025.05.30-17.50.54:111][  0]LogConfig: Setting CVar [[r.SceneColorFormat:4]]
[2025.05.30-17.50.54:111][  0]LogConfig: Setting CVar [[r.DetailMode:2]]
[2025.05.30-17.50.54:111][  0]LogConfig: Setting CVar [[r.TranslucencyVolumeBlur:1]]
[2025.05.30-17.50.54:111][  0]LogConfig: Setting CVar [[r.MaterialQualityLevel:1 ; High quality]]
[2025.05.30-17.50.54:111][  0]LogConfig: Setting CVar [[r.AnisotropicMaterials:1]]
[2025.05.30-17.50.54:111][  0]LogConfig: Setting CVar [[r.SSS.Scale:1]]
[2025.05.30-17.50.54:111][  0]LogConfig: Setting CVar [[r.SSS.SampleSet:2]]
[2025.05.30-17.50.54:111][  0]LogConfig: Setting CVar [[r.SSS.Quality:1]]
[2025.05.30-17.50.54:111][  0]LogConfig: Setting CVar [[r.SSS.HalfRes:0]]
[2025.05.30-17.50.54:111][  0]LogConfig: Setting CVar [[r.SSGI.Quality:3]]
[2025.05.30-17.50.54:111][  0]LogConfig: Setting CVar [[r.EmitterSpawnRateScale:1.0]]
[2025.05.30-17.50.54:111][  0]LogConfig: Setting CVar [[r.ParticleLightQuality:2]]
[2025.05.30-17.50.54:111][  0]LogConfig: Setting CVar [[r.SkyAtmosphere.AerialPerspectiveLUT.FastApplyOnOpaque:1 ; Always have FastSkyLUT 1 in this case to avoid wrong sky]]
[2025.05.30-17.50.54:111][  0]LogConfig: Setting CVar [[r.SkyAtmosphere.AerialPerspectiveLUT.SampleCountMaxPerSlice:4]]
[2025.05.30-17.50.54:111][  0]LogConfig: Setting CVar [[r.SkyAtmosphere.AerialPerspectiveLUT.DepthResolution:16.0]]
[2025.05.30-17.50.54:111][  0]LogConfig: Setting CVar [[r.SkyAtmosphere.FastSkyLUT:1]]
[2025.05.30-17.50.54:111][  0]LogConfig: Setting CVar [[r.SkyAtmosphere.FastSkyLUT.SampleCountMin:4.0]]
[2025.05.30-17.50.54:111][  0]LogConfig: Setting CVar [[r.SkyAtmosphere.FastSkyLUT.SampleCountMax:128.0]]
[2025.05.30-17.50.54:111][  0]LogConfig: Setting CVar [[r.SkyAtmosphere.SampleCountMin:4.0]]
[2025.05.30-17.50.54:111][  0]LogConfig: Setting CVar [[r.SkyAtmosphere.SampleCountMax:128.0]]
[2025.05.30-17.50.54:112][  0]LogConfig: Setting CVar [[r.SkyAtmosphere.TransmittanceLUT.UseSmallFormat:0]]
[2025.05.30-17.50.54:112][  0]LogConfig: Setting CVar [[r.SkyAtmosphere.TransmittanceLUT.SampleCount:10.0]]
[2025.05.30-17.50.54:112][  0]LogConfig: Setting CVar [[r.SkyAtmosphere.MultiScatteringLUT.SampleCount:15.0]]
[2025.05.30-17.50.54:112][  0]LogConfig: Setting CVar [[r.SkyLight.RealTimeReflectionCapture:1]]
[2025.05.30-17.50.54:112][  0]LogConfig: Applying CVar settings from Section [FoliageQuality@3] File [D:/Университет/6 семестр/VR/FinalProject/EngiPracrice/Saved/Config/Windows/Scalability.ini]
[2025.05.30-17.50.54:112][  0]LogConfig: Setting CVar [[foliage.DensityScale:1.0]]
[2025.05.30-17.50.54:112][  0]LogConfig: Setting CVar [[grass.DensityScale:1.0]]
[2025.05.30-17.50.54:112][  0]LogConfig: Applying CVar settings from Section [ShadingQuality@3] File [D:/Университет/6 семестр/VR/FinalProject/EngiPracrice/Saved/Config/Windows/Scalability.ini]
[2025.05.30-17.50.54:112][  0]LogConfig: Setting CVar [[r.HairStrands.SkyLighting.IntegrationType:2]]
[2025.05.30-17.50.54:112][  0]LogConfig: Setting CVar [[r.HairStrands.SkyAO.SampleCount:4]]
[2025.05.30-17.50.54:112][  0]LogConfig: Setting CVar [[r.HairStrands.Visibility.MSAA.SamplePerPixel:4]]
[2025.05.30-17.50.54:112][  0]LogInit: Selected Device Profile: [Windows]
[2025.05.30-17.50.54:112][  0]LogInit: Applying CVar settings loaded from the selected device profile: [Windows]
[2025.05.30-17.50.54:112][  0]LogHAL: Display: Platform has ~ 16 GB [16889192448 / 17179869184 / 16], which maps to Larger [LargestMinGB=32, LargerMinGB=12, DefaultMinGB=8, SmallerMinGB=6, SmallestMinGB=0)
[2025.05.30-17.50.54:112][  0]LogInit: Going up to parent DeviceProfile []
[2025.05.30-17.50.54:112][  0]LogConfig: Applying CVar settings from Section [ViewDistanceQuality@3] File [D:/Университет/6 семестр/VR/FinalProject/EngiPracrice/Saved/Config/Windows/Scalability.ini]
[2025.05.30-17.50.54:112][  0]LogConfig: Setting CVar [[r.SkeletalMeshLODBias:0]]
[2025.05.30-17.50.54:112][  0]LogConfig: Setting CVar [[r.ViewDistanceScale:1.0]]
[2025.05.30-17.50.54:112][  0]LogConfig: Applying CVar settings from Section [AntiAliasingQuality@3] File [D:/Университет/6 семестр/VR/FinalProject/EngiPracrice/Saved/Config/Windows/Scalability.ini]
[2025.05.30-17.50.54:112][  0]LogConfig: Setting CVar [[r.PostProcessAAQuality:4]]
[2025.05.30-17.50.54:112][  0]LogConfig: Applying CVar settings from Section [ShadowQuality@3] File [D:/Университет/6 семестр/VR/FinalProject/EngiPracrice/Saved/Config/Windows/Scalability.ini]
[2025.05.30-17.50.54:112][  0]LogConfig: Setting CVar [[r.LightFunctionQuality:1]]
[2025.05.30-17.50.54:112][  0]LogConfig: Setting CVar [[r.ShadowQuality:5]]
[2025.05.30-17.50.54:112][  0]LogConfig: Setting CVar [[r.Shadow.CSM.MaxCascades:10]]
[2025.05.30-17.50.54:112][  0]LogConfig: Setting CVar [[r.Shadow.MaxResolution:2048]]
[2025.05.30-17.50.54:112][  0]LogConfig: Setting CVar [[r.Shadow.MaxCSMResolution:2048]]
[2025.05.30-17.50.54:112][  0]LogConfig: Setting CVar [[r.Shadow.RadiusThreshold:0.01]]
[2025.05.30-17.50.54:112][  0]LogConfig: Setting CVar [[r.Shadow.DistanceScale:1.0]]
[2025.05.30-17.50.54:112][  0]LogConfig: Setting CVar [[r.Shadow.CSM.TransitionScale:1.0]]
[2025.05.30-17.50.54:112][  0]LogConfig: Setting CVar [[r.Shadow.PreShadowResolutionFactor:1.0]]
[2025.05.30-17.50.54:112][  0]LogConfig: Setting CVar [[r.DistanceFieldShadowing:1]]
[2025.05.30-17.50.54:112][  0]LogConfig: Setting CVar [[r.DistanceFieldAO:1]]
[2025.05.30-17.50.54:112][  0]LogConfig: Setting CVar [[r.AOQuality:2]]
[2025.05.30-17.50.54:112][  0]LogConfig: Setting CVar [[r.VolumetricFog:1]]
[2025.05.30-17.50.54:112][  0]LogConfig: Setting CVar [[r.VolumetricFog.GridPixelSize:8]]
[2025.05.30-17.50.54:112][  0]LogConfig: Setting CVar [[r.VolumetricFog.GridSizeZ:128]]
[2025.05.30-17.50.54:112][  0]LogConfig: Setting CVar [[r.VolumetricFog.HistoryMissSupersampleCount:4]]
[2025.05.30-17.50.54:112][  0]LogConfig: Setting CVar [[r.LightMaxDrawDistanceScale:1]]
[2025.05.30-17.50.54:112][  0]LogConfig: Setting CVar [[r.CapsuleShadows:1]]
[2025.05.30-17.50.54:112][  0]LogConfig: Applying CVar settings from Section [PostProcessQuality@3] File [D:/Университет/6 семестр/VR/FinalProject/EngiPracrice/Saved/Config/Windows/Scalability.ini]
[2025.05.30-17.50.54:112][  0]LogConfig: Setting CVar [[r.MotionBlurQuality:4]]
[2025.05.30-17.50.54:112][  0]LogConfig: Setting CVar [[r.AmbientOcclusionMipLevelFactor:0.4]]
[2025.05.30-17.50.54:112][  0]LogConfig: Setting CVar [[r.AmbientOcclusionMaxQuality:100]]
[2025.05.30-17.50.54:112][  0]LogConfig: Setting CVar [[r.AmbientOcclusionLevels:-1]]
[2025.05.30-17.50.54:112][  0]LogConfig: Setting CVar [[r.AmbientOcclusionRadiusScale:1.0]]
[2025.05.30-17.50.54:112][  0]LogConfig: Setting CVar [[r.DepthOfFieldQuality:2]]
[2025.05.30-17.50.54:112][  0]LogConfig: Setting CVar [[r.RenderTargetPoolMin:400]]
[2025.05.30-17.50.54:112][  0]LogConfig: Setting CVar [[r.LensFlareQuality:2]]
[2025.05.30-17.50.54:112][  0]LogConfig: Setting CVar [[r.SceneColorFringeQuality:1]]
[2025.05.30-17.50.54:112][  0]LogConfig: Setting CVar [[r.EyeAdaptationQuality:2]]
[2025.05.30-17.50.54:112][  0]LogConfig: Setting CVar [[r.BloomQuality:5]]
[2025.05.30-17.50.54:112][  0]LogConfig: Setting CVar [[r.FastBlurThreshold:100]]
[2025.05.30-17.50.54:112][  0]LogConfig: Setting CVar [[r.Upscale.Quality:3]]
[2025.05.30-17.50.54:112][  0]LogConfig: Setting CVar [[r.Tonemapper.GrainQuantization:1]]
[2025.05.30-17.50.54:112][  0]LogConfig: Setting CVar [[r.LightShaftQuality:1]]
[2025.05.30-17.50.54:112][  0]LogConfig: Setting CVar [[r.Filter.SizeScale:1]]
[2025.05.30-17.50.54:112][  0]LogConfig: Setting CVar [[r.Tonemapper.Quality:5]]
[2025.05.30-17.50.54:112][  0]LogConfig: Setting CVar [[r.DOF.Gather.AccumulatorQuality:1        ; higher gathering accumulator quality]]
[2025.05.30-17.50.54:112][  0]LogConfig: Setting CVar [[r.DOF.Gather.PostfilterMethod:1          ; Median3x3 postfilering method]]
[2025.05.30-17.50.54:112][  0]LogConfig: Setting CVar [[r.DOF.Gather.EnableBokehSettings:0       ; no bokeh simulation when gathering]]
[2025.05.30-17.50.54:112][  0]LogConfig: Setting CVar [[r.DOF.Gather.RingCount:4                 ; medium number of samples when gathering]]
[2025.05.30-17.50.54:112][  0]LogConfig: Setting CVar [[r.DOF.Scatter.ForegroundCompositing:1    ; additive foreground scattering]]
[2025.05.30-17.50.54:112][  0]LogConfig: Setting CVar [[r.DOF.Scatter.BackgroundCompositing:2    ; additive background scattering]]
[2025.05.30-17.50.54:112][  0]LogConfig: Setting CVar [[r.DOF.Scatter.EnableBokehSettings:1      ; bokeh simulation when scattering]]
[2025.05.30-17.50.54:112][  0]LogConfig: Setting CVar [[r.DOF.Scatter.MaxSpriteRatio:0.1         ; only a maximum of 10% of scattered bokeh]]
[2025.05.30-17.50.54:112][  0]LogConfig: Setting CVar [[r.DOF.Recombine.Quality:1                ; cheap slight out of focus]]
[2025.05.30-17.50.54:112][  0]LogConfig: Setting CVar [[r.DOF.Recombine.EnableBokehSettings:0    ; no bokeh simulation on slight out of focus]]
[2025.05.30-17.50.54:112][  0]LogConfig: Setting CVar [[r.DOF.TemporalAAQuality:1                ; more stable temporal accumulation]]
[2025.05.30-17.50.54:112][  0]LogConfig: Setting CVar [[r.DOF.Kernel.MaxForegroundRadius:0.025]]
[2025.05.30-17.50.54:112][  0]LogConfig: Setting CVar [[r.DOF.Kernel.MaxBackgroundRadius:0.025]]
[2025.05.30-17.50.54:112][  0]LogConfig: Applying CVar settings from Section [TextureQuality@3] File [D:/Университет/6 семестр/VR/FinalProject/EngiPracrice/Saved/Config/Windows/Scalability.ini]
[2025.05.30-17.50.54:112][  0]LogConfig: Setting CVar [[r.Streaming.MipBias:0]]
[2025.05.30-17.50.54:112][  0]LogConfig: Setting CVar [[r.Streaming.AmortizeCPUToGPUCopy:0]]
[2025.05.30-17.50.54:112][  0]LogConfig: Setting CVar [[r.Streaming.MaxNumTexturesToStreamPerFrame:0]]
[2025.05.30-17.50.54:112][  0]LogConfig: Setting CVar [[r.Streaming.Boost:1]]
[2025.05.30-17.50.54:112][  0]LogConfig: Setting CVar [[r.MaxAnisotropy:8]]
[2025.05.30-17.50.54:112][  0]LogConfig: Setting CVar [[r.VT.MaxAnisotropy:8]]
[2025.05.30-17.50.54:112][  0]LogConfig: Setting CVar [[r.Streaming.LimitPoolSizeToVRAM:0]]
[2025.05.30-17.50.54:112][  0]LogConfig: Setting CVar [[r.Streaming.PoolSize:1000]]
[2025.05.30-17.50.54:112][  0]LogConfig: Setting CVar [[r.Streaming.MaxEffectiveScreenSize:0]]
[2025.05.30-17.50.54:112][  0]LogConfig: Applying CVar settings from Section [EffectsQuality@3] File [D:/Университет/6 семестр/VR/FinalProject/EngiPracrice/Saved/Config/Windows/Scalability.ini]
[2025.05.30-17.50.54:112][  0]LogConfig: Setting CVar [[r.TranslucencyLightingVolumeDim:64]]
[2025.05.30-17.50.54:112][  0]LogConfig: Setting CVar [[r.RefractionQuality:2]]
[2025.05.30-17.50.54:112][  0]LogConfig: Setting CVar [[r.SSR.Quality:3]]
[2025.05.30-17.50.54:112][  0]LogConfig: Setting CVar [[r.SSR.HalfResSceneColor:0]]
[2025.05.30-17.50.54:112][  0]LogConfig: Setting CVar [[r.SceneColorFormat:4]]
[2025.05.30-17.50.54:112][  0]LogConfig: Setting CVar [[r.DetailMode:2]]
[2025.05.30-17.50.54:112][  0]LogConfig: Setting CVar [[r.TranslucencyVolumeBlur:1]]
[2025.05.30-17.50.54:112][  0]LogConfig: Setting CVar [[r.MaterialQualityLevel:1 ; High quality]]
[2025.05.30-17.50.54:112][  0]LogConfig: Setting CVar [[r.AnisotropicMaterials:1]]
[2025.05.30-17.50.54:113][  0]LogConfig: Setting CVar [[r.SSS.Scale:1]]
[2025.05.30-17.50.54:113][  0]LogConfig: Setting CVar [[r.SSS.SampleSet:2]]
[2025.05.30-17.50.54:113][  0]LogConfig: Setting CVar [[r.SSS.Quality:1]]
[2025.05.30-17.50.54:113][  0]LogConfig: Setting CVar [[r.SSS.HalfRes:0]]
[2025.05.30-17.50.54:113][  0]LogConfig: Setting CVar [[r.SSGI.Quality:3]]
[2025.05.30-17.50.54:113][  0]LogConfig: Setting CVar [[r.EmitterSpawnRateScale:1.0]]
[2025.05.30-17.50.54:113][  0]LogConfig: Setting CVar [[r.ParticleLightQuality:2]]
[2025.05.30-17.50.54:113][  0]LogConfig: Setting CVar [[r.SkyAtmosphere.AerialPerspectiveLUT.FastApplyOnOpaque:1 ; Always have FastSkyLUT 1 in this case to avoid wrong sky]]
[2025.05.30-17.50.54:113][  0]LogConfig: Setting CVar [[r.SkyAtmosphere.AerialPerspectiveLUT.SampleCountMaxPerSlice:4]]
[2025.05.30-17.50.54:113][  0]LogConfig: Setting CVar [[r.SkyAtmosphere.AerialPerspectiveLUT.DepthResolution:16.0]]
[2025.05.30-17.50.54:113][  0]LogConfig: Setting CVar [[r.SkyAtmosphere.FastSkyLUT:1]]
[2025.05.30-17.50.54:113][  0]LogConfig: Setting CVar [[r.SkyAtmosphere.FastSkyLUT.SampleCountMin:4.0]]
[2025.05.30-17.50.54:113][  0]LogConfig: Setting CVar [[r.SkyAtmosphere.FastSkyLUT.SampleCountMax:128.0]]
[2025.05.30-17.50.54:113][  0]LogConfig: Setting CVar [[r.SkyAtmosphere.SampleCountMin:4.0]]
[2025.05.30-17.50.54:113][  0]LogConfig: Setting CVar [[r.SkyAtmosphere.SampleCountMax:128.0]]
[2025.05.30-17.50.54:113][  0]LogConfig: Setting CVar [[r.SkyAtmosphere.TransmittanceLUT.UseSmallFormat:0]]
[2025.05.30-17.50.54:113][  0]LogConfig: Setting CVar [[r.SkyAtmosphere.TransmittanceLUT.SampleCount:10.0]]
[2025.05.30-17.50.54:113][  0]LogConfig: Setting CVar [[r.SkyAtmosphere.MultiScatteringLUT.SampleCount:15.0]]
[2025.05.30-17.50.54:113][  0]LogConfig: Setting CVar [[r.SkyLight.RealTimeReflectionCapture:1]]
[2025.05.30-17.50.54:113][  0]LogConfig: Applying CVar settings from Section [FoliageQuality@3] File [D:/Университет/6 семестр/VR/FinalProject/EngiPracrice/Saved/Config/Windows/Scalability.ini]
[2025.05.30-17.50.54:113][  0]LogConfig: Setting CVar [[foliage.DensityScale:1.0]]
[2025.05.30-17.50.54:113][  0]LogConfig: Setting CVar [[grass.DensityScale:1.0]]
[2025.05.30-17.50.54:113][  0]LogConfig: Applying CVar settings from Section [ShadingQuality@3] File [D:/Университет/6 семестр/VR/FinalProject/EngiPracrice/Saved/Config/Windows/Scalability.ini]
[2025.05.30-17.50.54:113][  0]LogConfig: Setting CVar [[r.HairStrands.SkyLighting.IntegrationType:2]]
[2025.05.30-17.50.54:113][  0]LogConfig: Setting CVar [[r.HairStrands.SkyAO.SampleCount:4]]
[2025.05.30-17.50.54:113][  0]LogConfig: Setting CVar [[r.HairStrands.Visibility.MSAA.SamplePerPixel:4]]
[2025.05.30-17.50.54:113][  0]LogConfig: Applying CVar settings from Section [Startup] File [../../../Engine/Config/ConsoleVariables.ini]
[2025.05.30-17.50.54:113][  0]LogConfig: Setting CVar [[net.UseAdaptiveNetUpdateFrequency:0]]
[2025.05.30-17.50.54:113][  0]LogConfig: Setting CVar [[p.chaos.AllowCreatePhysxBodies:1]]
[2025.05.30-17.50.54:113][  0]LogConfig: Setting CVar [[fx.SkipVectorVMBackendOptimizations:1]]
[2025.05.30-17.50.54:113][  0]LogConfig: Applying CVar settings from Section [ConsoleVariables] File [D:/Университет/6 семестр/VR/FinalProject/EngiPracrice/Saved/Config/Windows/Engine.ini]
[2025.05.30-17.50.54:113][  0]LogConfig: Applying CVar settings from Section [ConsoleVariables] File [D:/Университет/6 семестр/VR/FinalProject/EngiPracrice/Saved/Config/Windows/Editor.ini]
[2025.05.30-17.50.54:113][  0]LogInit: Computer: DESKTOP-06CE692
[2025.05.30-17.50.54:113][  0]LogInit: User: Home
[2025.05.30-17.50.54:113][  0]LogInit: CPU Page size=4096, Cores=4
[2025.05.30-17.50.54:113][  0]LogInit: High frequency timer resolution =10.000000 MHz
[2025.05.30-17.50.54:113][  0]LogMemory: Memory total: Physical=15.7GB (16GB approx)
[2025.05.30-17.50.54:113][  0]LogMemory: Platform Memory Stats for Windows
[2025.05.30-17.50.54:113][  0]LogMemory: Process Physical Memory: 144.79 MB used, 144.79 MB peak
[2025.05.30-17.50.54:113][  0]LogMemory: Process Virtual Memory: 128.95 MB used, 128.95 MB peak
[2025.05.30-17.50.54:113][  0]LogMemory: Physical Memory: 9009.48 MB used,  7097.31 MB free, 16106.79 MB total
[2025.05.30-17.50.54:113][  0]LogMemory: Virtual Memory: 134208944.00 MB used,  8786.54 MB free, 134217728.00 MB total
[2025.05.30-17.50.54:119][  0]LogWindows: WindowsPlatformFeatures enabled
[2025.05.30-17.50.54:143][  0]LogInit: Physics initialised using underlying interface: PhysX
[2025.05.30-17.50.54:144][  0]LogInit: Using OS detected language (ru-RU).
[2025.05.30-17.50.54:144][  0]LogInit: Using OS detected locale (ru-RU).
[2025.05.30-17.50.54:144][  0]LogTextLocalizationManager: No specific localization for 'ru-RU' exists, so the 'ru' localization will be used.
[2025.05.30-17.50.54:145][  0]LogTextLocalizationResource: LocRes '../../../Engine/Content/Localization/Editor/ru/Editor.locres' could not be opened for reading!
[2025.05.30-17.50.54:145][  0]LogTextLocalizationResource: LocRes '../../../Engine/Content/Localization/EditorTutorials/ru/EditorTutorials.locres' could not be opened for reading!
[2025.05.30-17.50.54:145][  0]LogTextLocalizationResource: LocRes '../../../Engine/Content/Localization/Keywords/ru/Keywords.locres' could not be opened for reading!
[2025.05.30-17.50.54:145][  0]LogTextLocalizationResource: LocRes '../../../Engine/Content/Localization/Category/ru/Category.locres' could not be opened for reading!
[2025.05.30-17.50.54:145][  0]LogTextLocalizationResource: LocRes '../../../Engine/Content/Localization/ToolTips/ru/ToolTips.locres' could not be opened for reading!
[2025.05.30-17.50.54:145][  0]LogTextLocalizationResource: LocRes '../../../Engine/Content/Localization/PropertyNames/ru/PropertyNames.locres' could not be opened for reading!
[2025.05.30-17.50.54:145][  0]LogTextLocalizationResource: LocRes '../../../Engine/Content/Localization/Engine/ru/Engine.locres' could not be opened for reading!
[2025.05.30-17.50.54:146][  0]LogInit: Setting process to per monitor DPI aware
[2025.05.30-17.50.54:164][  0]LogWindowsTextInputMethodSystem: Display: IME system deactivated.
[2025.05.30-17.50.54:173][  0]LogSlate: New Slate User Created.  User Index 0, Is Virtual User: 0
[2025.05.30-17.50.54:173][  0]LogSlate: Slate User Registered.  User Index 0, Is Virtual User: 0
[2025.05.30-17.50.54:286][  0]LogD3D11RHI: Loaded GFSDK_Aftermath_Lib.x64.dll
[2025.05.30-17.50.54:297][  0]LogHMD: Failed to enumerate extensions. Please check that you have a valid OpenXR runtime installed.
[2025.05.30-17.50.54:297][  0]LogD3D11RHI: D3D11 min allowed feature level: 11_0
[2025.05.30-17.50.54:297][  0]LogD3D11RHI: D3D11 max allowed feature level: 11_0
[2025.05.30-17.50.54:297][  0]LogD3D11RHI: D3D11 adapters:
[2025.05.30-17.50.54:411][  0]LogD3D11RHI:    0. 'Intel(R) Iris(R) Xe Graphics' (Feature Level 11_0)
[2025.05.30-17.50.54:411][  0]LogD3D11RHI:       128/0/8053 MB DedicatedVideo/DedicatedSystem/SharedSystem, Outputs:1, VendorId:0x8086
[2025.05.30-17.50.54:413][  0]LogD3D11RHI:    1. 'Microsoft Basic Render Driver' (Feature Level 11_0)
[2025.05.30-17.50.54:413][  0]LogD3D11RHI:       0/0/8053 MB DedicatedVideo/DedicatedSystem/SharedSystem, Outputs:0, VendorId:0x1414
[2025.05.30-17.50.54:413][  0]LogD3D11RHI: Chosen D3D11 Adapter:
[2025.05.30-17.50.54:413][  0]LogD3D11RHI:     Description : Intel(R) Iris(R) Xe Graphics
[2025.05.30-17.50.54:413][  0]LogD3D11RHI:     VendorId    : 8086
[2025.05.30-17.50.54:413][  0]LogD3D11RHI:     DeviceId    : 9a49
[2025.05.30-17.50.54:413][  0]LogD3D11RHI:     SubSysId    : a241028
[2025.05.30-17.50.54:413][  0]LogD3D11RHI:     Revision    : 0001
[2025.05.30-17.50.54:413][  0]LogD3D11RHI:     DedicatedVideoMemory : 134217728 bytes
[2025.05.30-17.50.54:413][  0]LogD3D11RHI:     DedicatedSystemMemory : 0 bytes
[2025.05.30-17.50.54:413][  0]LogD3D11RHI:     SharedSystemMemory : 8444596224 bytes
[2025.05.30-17.50.54:413][  0]LogD3D11RHI:     AdapterLuid : 0 51655
[2025.05.30-17.50.54:419][  0]LogD3D11RHI: Creating new Direct3DDevice
[2025.05.30-17.50.54:419][  0]LogD3D11RHI:     GPU DeviceId: 0x9a49 (for the marketing name, search the web for "GPU Device Id")
[2025.05.30-17.50.54:419][  0]LogWindows: EnumDisplayDevices:
[2025.05.30-17.50.54:420][  0]LogWindows:    0. 'Intel(R) Iris(R) Xe Graphics' (P:1 D:1)
[2025.05.30-17.50.54:420][  0]LogWindows:    1. 'Intel(R) Iris(R) Xe Graphics' (P:0 D:0)
[2025.05.30-17.50.54:420][  0]LogWindows:    2. 'Intel(R) Iris(R) Xe Graphics' (P:0 D:0)
[2025.05.30-17.50.54:420][  0]LogWindows:    3. 'Intel(R) Iris(R) Xe Graphics' (P:0 D:0)
[2025.05.30-17.50.54:420][  0]LogWindows: DebugString: FoundDriverCount:4 
[2025.05.30-17.50.54:420][  0]LogD3D11RHI:     Adapter Name: Intel(R) Iris(R) Xe Graphics
[2025.05.30-17.50.54:420][  0]LogD3D11RHI:   Driver Version: 31.0.101.5333 (internal:31.0.101.5333, unified:31.0.101.5333)
[2025.05.30-17.50.54:420][  0]LogD3D11RHI:      Driver Date: 2-21-2024
[2025.05.30-17.50.54:420][  0]LogRHI: Texture pool is 1523 MB (70% of 2176 MB)
[2025.05.30-17.50.54:428][  0]LogD3D11RHI: Creating D3DDevice using adapter:
[2025.05.30-17.50.54:428][  0]LogD3D11RHI:     Description : Intel(R) Iris(R) Xe Graphics
[2025.05.30-17.50.54:428][  0]LogD3D11RHI:     VendorId    : 8086
[2025.05.30-17.50.54:428][  0]LogD3D11RHI:     DeviceId    : 9a49
[2025.05.30-17.50.54:428][  0]LogD3D11RHI:     SubSysId    : a241028
[2025.05.30-17.50.54:428][  0]LogD3D11RHI:     Revision    : 0001
[2025.05.30-17.50.54:428][  0]LogD3D11RHI:     DedicatedVideoMemory : 134217728 bytes
[2025.05.30-17.50.54:428][  0]LogD3D11RHI:     DedicatedSystemMemory : 0 bytes
[2025.05.30-17.50.54:428][  0]LogD3D11RHI:     SharedSystemMemory : 8444596224 bytes
[2025.05.30-17.50.54:428][  0]LogD3D11RHI:     AdapterLuid : 0 51655
[2025.05.30-17.50.54:519][  0]LogD3D11RHI: RHI does not have support for 64 bit atomics
[2025.05.30-17.50.54:528][  0]LogD3D11RHI: Intel Extensions support version Full=16777216, Major=1, Minor=0, Revision=0
[2025.05.30-17.50.54:528][  0]LogD3D11RHI: Intel Extensions support version Full=16777217, Major=1, Minor=0, Revision=1
[2025.05.30-17.50.54:528][  0]LogD3D11RHI: Intel Extensions Framework enabled
[2025.05.30-17.50.54:529][  0]LogD3D11RHI: [IntelMetricsDiscovery] Started
[2025.05.30-17.50.54:529][  0]LogD3D11RHI: Async texture creation enabled
[2025.05.30-17.50.54:529][  0]LogD3D11RHI: Array index from any shader is supported
[2025.05.30-17.50.54:547][  0]LogD3D11RHI: GPU Timing Frequency: 19.200000 (Debug: 2 0)
[2025.05.30-17.50.54:874][  0]LogTargetPlatformManager: Display: Loaded TargetPlatform 'AllDesktop'
[2025.05.30-17.50.54:894][  0]LogTargetPlatformManager: Display: Loaded TargetPlatform 'Android'
[2025.05.30-17.50.54:894][  0]LogTargetPlatformManager: Display: Loaded TargetPlatform 'Android_ASTC'
[2025.05.30-17.50.54:894][  0]LogTargetPlatformManager: Display: Loaded TargetPlatform 'Android_DXT'
[2025.05.30-17.50.54:894][  0]LogTargetPlatformManager: Display: Loaded TargetPlatform 'Android_ETC2'
[2025.05.30-17.50.54:894][  0]LogTargetPlatformManager: Display: Loaded TargetPlatform 'AndroidClient'
[2025.05.30-17.50.54:894][  0]LogTargetPlatformManager: Display: Loaded TargetPlatform 'Android_ASTCClient'
[2025.05.30-17.50.54:894][  0]LogTargetPlatformManager: Display: Loaded TargetPlatform 'Android_DXTClient'
[2025.05.30-17.50.54:894][  0]LogTargetPlatformManager: Display: Loaded TargetPlatform 'Android_ETC2Client'
[2025.05.30-17.50.54:894][  0]LogTargetPlatformManager: Display: Loaded TargetPlatform 'Android_Multi'
[2025.05.30-17.50.54:894][  0]LogTargetPlatformManager: Display: Loaded TargetPlatform 'Android_MultiClient'
[2025.05.30-17.50.54:912][  0]LogTargetPlatformManager: Display: Loaded TargetPlatform 'IOSClient'
[2025.05.30-17.50.54:912][  0]LogTargetPlatformManager: Display: Loaded TargetPlatform 'IOS'
[2025.05.30-17.50.54:922][  0]LogTargetPlatformManager: Display: Loaded TargetPlatform 'Linux'
[2025.05.30-17.50.54:927][  0]LogTargetPlatformManager: Display: Loaded TargetPlatform 'LinuxNoEditor'
[2025.05.30-17.50.54:931][  0]LogTargetPlatformManager: Display: Loaded TargetPlatform 'LinuxClient'
[2025.05.30-17.50.54:935][  0]LogTargetPlatformManager: Display: Loaded TargetPlatform 'LinuxServer'
[2025.05.30-17.50.54:947][  0]LogTargetPlatformManager: Display: Loaded TargetPlatform 'LinuxAArch64NoEditor'
[2025.05.30-17.50.54:954][  0]LogTargetPlatformManager: Display: Loaded TargetPlatform 'LinuxAArch64Client'
[2025.05.30-17.50.54:960][  0]LogTargetPlatformManager: Display: Loaded TargetPlatform 'LinuxAArch64Server'
[2025.05.30-17.50.54:984][  0]LogTargetPlatformManager: Display: Loaded TargetPlatform 'Lumin'
[2025.05.30-17.50.54:984][  0]LogTargetPlatformManager: Display: Loaded TargetPlatform 'LuminClient'
[2025.05.30-17.50.54:992][  0]LogTargetPlatformManager: Display: Loaded TargetPlatform 'MacNoEditor'
[2025.05.30-17.50.54:996][  0]LogTargetPlatformManager: Display: Loaded TargetPlatform 'Mac'
[2025.05.30-17.50.55:000][  0]LogTargetPlatformManager: Display: Loaded TargetPlatform 'MacClient'
[2025.05.30-17.50.55:004][  0]LogTargetPlatformManager: Display: Loaded TargetPlatform 'MacServer'
[2025.05.30-17.50.55:014][  0]LogTargetPlatformManager: Display: Loaded TargetPlatform 'TVOSClient'
[2025.05.30-17.50.55:014][  0]LogTargetPlatformManager: Display: Loaded TargetPlatform 'TVOS'
[2025.05.30-17.50.55:024][  0]LogTargetPlatformManager: Display: Loaded TargetPlatform 'WindowsNoEditor'
[2025.05.30-17.50.55:027][  0]LogTargetPlatformManager: Display: Loaded TargetPlatform 'Windows'
[2025.05.30-17.50.55:031][  0]LogTargetPlatformManager: Display: Loaded TargetPlatform 'WindowsClient'
[2025.05.30-17.50.55:035][  0]LogTargetPlatformManager: Display: Loaded TargetPlatform 'WindowsServer'
[2025.05.30-17.50.55:035][  0]LogTargetPlatformManager: Display: Building Assets For Windows
[2025.05.30-17.50.55:041][  0]LogAudioDebug: Display: Lib vorbis DLL was dynamically loaded.
[2025.05.30-17.50.55:086][  0]LogTextureFormatOodle: Display: Oodle Texture 2.9.0 init RDO Off
[2025.05.30-17.50.55:113][  0]LogRendererCore: Ray tracing is disabled. Reason: r.RayTracing=0.
[2025.05.30-17.50.55:113][  0]LogShaderCompilers: Guid format shader working directory is -16 characters bigger than the processId version (../../../../Университет/6 семестр/VR/FinalProject/EngiPracrice/Intermediate/Shaders/WorkingDirectory/2724/).
[2025.05.30-17.50.55:113][  0]LogShaderCompilers: Cleaned the shader compiler working directory 'C:/Users/shanp/AppData/Local/Temp/UnrealShaderWorkingDir/277F9CCE446EEB0768482F8C2A0B3B06/'.
[2025.05.30-17.50.55:113][  0]LogXGEController: Cannot use XGE Controller as Incredibuild is not installed on this machine.
[2025.05.30-17.50.55:113][  0]LogShaderCompilers: Cannot use XGE Shader Compiler as Incredibuild is not installed on this machine.
[2025.05.30-17.50.55:113][  0]LogShaderCompilers: Display: Using Local Shader Compiler.
[2025.05.30-17.50.55:918][  0]LogDerivedDataCache: Display: Max Cache Size: 512 MB
[2025.05.30-17.50.56:010][  0]LogDerivedDataCache: Loaded boot cache 0.09s 122MB C:/Users/shanp/AppData/Local/UnrealEngine/4.27/DerivedDataCache/Boot.ddc.
[2025.05.30-17.50.56:010][  0]LogDerivedDataCache: Display: Loaded Boot cache: C:/Users/shanp/AppData/Local/UnrealEngine/4.27/DerivedDataCache/Boot.ddc
[2025.05.30-17.50.56:010][  0]LogDerivedDataCache: FDerivedDataBackendGraph:  Pak pak cache file ../../../../Университет/6 семестр/VR/FinalProject/EngiPracrice/DerivedDataCache/DDC.ddp not found, will not use a pak cache.
[2025.05.30-17.50.56:010][  0]LogDerivedDataCache: Unable to find inner node Pak for hierarchical cache Hierarchy.
[2025.05.30-17.50.56:010][  0]LogDerivedDataCache: FDerivedDataBackendGraph:  CompressedPak pak cache file ../../../../Университет/6 семестр/VR/FinalProject/EngiPracrice/DerivedDataCache/Compressed.ddp not found, will not use a pak cache.
[2025.05.30-17.50.56:011][  0]LogDerivedDataCache: Unable to find inner node CompressedPak for hierarchical cache Hierarchy.
[2025.05.30-17.50.56:032][  0]LogDerivedDataCache: Display: Pak cache opened for reading ../../../Engine/DerivedDataCache/Compressed.ddp.
[2025.05.30-17.50.56:032][  0]LogDerivedDataCache: FDerivedDataBackendGraph:  EnterprisePak pak cache file ../../../Enterprise/DerivedDataCache/Compressed.ddp not found, will not use a pak cache.
[2025.05.30-17.50.56:032][  0]LogDerivedDataCache: Unable to find inner node EnterprisePak for hierarchical cache Hierarchy.
[2025.05.30-17.50.56:038][  0]LogDerivedDataCache: Speed tests for C:/Users/shanp/AppData/Local/UnrealEngine/Common/DerivedDataCache took 0.01 seconds
[2025.05.30-17.50.56:038][  0]LogDerivedDataCache: Display: Performance to C:/Users/shanp/AppData/Local/UnrealEngine/Common/DerivedDataCache: Latency=0.02ms. RandomReadSpeed=1466.38MBs, RandomWriteSpeed=178.15MBs. Assigned SpeedClass 'Local'
[2025.05.30-17.50.56:040][  0]LogDerivedDataCache: Using Local data cache path C:/Users/shanp/AppData/Local/UnrealEngine/Common/DerivedDataCache: Writable
[2025.05.30-17.50.56:040][  0]LogDerivedDataCache: Shared data cache path not found in *engine.ini, will not use an Shared cache.
[2025.05.30-17.50.56:040][  0]LogDerivedDataCache: Unable to find inner node Shared for hierarchical cache Hierarchy.
[2025.05.30-17.50.56:092][  0]LogSlate: Using FreeType 2.10.0
[2025.05.30-17.50.56:092][  0]LogSlate: SlateFontServices - WITH_FREETYPE: 1, WITH_HARFBUZZ: 1
[2025.05.30-17.50.56:092][  0]LogHMD: Failed to enumerate extensions. Please check that you have a valid OpenXR runtime installed.
[2025.05.30-17.50.56:120][  0]LogAssetRegistry: FAssetRegistry took 0.0048 seconds to start up
[2025.05.30-17.50.56:397][  0]LogInit: Selected Device Profile: [Windows]
[2025.05.30-17.50.56:397][  0]LogInit: Active device profile: [000001E5B4161400][000001E5B30F6DC0 49] Windows
[2025.05.30-17.50.56:397][  0]LogInit: Profiles: [000001E5B4161400][000001E5B30F6DC0 49] Windows, [000001E5B4100100][000001E5B09F6F00 49] WindowsNoEditor, [000001E5B40E8200][000001E5B30FB040 49] WindowsServer, [000001E5B4102C00][000001E5B30FF180 49] WindowsClient, [000001E5B40E9700][000001E5B3107300 49] IOS, [000001E5B4101F00][000001E5B310B480 49] iPadAir, [000001E5B40EA200][000001E5B310F600 49] iPadAir2, [000001E5B408FF00][000001E5B31178C0 49] IPadPro, [000001E5B408FE00][000001E5B3113900 49] iPadAir3, [000001E5B40EBC00][000001E5B311BA80 49] iPadAir4, [000001E5B408C600][000001E5B311FC00 49] iPadMini2, [000001E5B40E8400][000001E5B3122200 49] iPadMini3, [000001E5B408D200][000001E5B3126380 49] iPadMini4, [000001E5B40E9300][000001E5B312A500 49] iPadMini5, [000001E5B40D7800][000001E5B31327C0 49] iPhone6, [000001E5B40D7900][000001E5B312E800 49] iPodTouch6, [000001E5B408E000][000001E5B313AAC0 49] iPhone7, [000001E5B408E100][000001E5B3136B00 49] iPodTouch7, [000001E5B40D4600][000001E5B313EC80 49] iPhone5S, [000001E5B408D000][000001E5B3142E00 49] iPhone6Plus, [000001E5B40D5200][000001E5B3102F40 49] iPhone6S, [000001E5B408D900][000001E5B3147080 49] iPhone6SPlus, [000001E5B40D6600][000001E5B314B1C0 49] iPhone7Plus, [000001E5B408F000][000001E5B314F300 49] iPhoneSE, [000001E5B40D4C00][000001E5B3157480 49] iPhone8, [000001E5B408FA00][000001E5B315B600 49] iPhone8Plus, [000001E5B40D6800][000001E5B315F780 49] iPhoneX, [000001E5B408D100][000001E5B3163900 49] iPhoneXS, [000001E5B40D6B00][000001E5B3167A80 49] iPhoneXSMax, [000001E5B408CA00][000001E5B316BC00 49] iPhoneXR, [000001E5B40D5300][000001E5B316E200 49] iPhone11, [000001E5B408D500][000001E5B3172380 49] iPhone11Pro, [000001E5B40D4500][000001E5B3176500 49] iPhone11ProMax, [000001E5B408EB00][000001E5B317A680 49] iPhoneSE2, [000001E5B40D4A00][000001E5B317E800 49] iPhone12Mini, [000001E5B408F200][000001E5B3182980 49] iPhone12, [000001E5B40D7C00][000001E5B3186B00 49] iPhone12Pro, [000001E5B408CD00][000001E5B318AC80 49] iPhone12ProMax, [000001E5B40D4100][000001E5B318EE00 49] iPadPro105, [000001E5B408EF00][000001E5B3192F80 49] iPadPro129, [000001E5B40D6D00][000001E5B3197100 49] iPadPro97, [000001E5B408DA00][000001E5B3153240 49] iPadPro2_129, [000001E5B40D4700][000001E5B319B380 49] iPad5, [000001E5B408CB00][000001E5B319F4C0 49] iPad6, [000001E5B40D5D00][000001E5B31A7640 49] iPad7, [000001E5B408C800][000001E5B31AB7C0 49] iPad8, [000001E5B40D5C00][000001E5B31AF940 49] iPadPro11, [000001E5B408DC00][000001E5B31B3AC0 49] iPadPro2_11, [000001E5B40D7200][000001E5B31B60C0 49] iPadPro3_129, [000001E5B408D600][000001E5B31BA240 49] iPadPro4_129, [000001E5B40D4300][000001E5B31BE3C0 49] AppleTV, [000001E5B408E500][000001E5B31C2540 49] AppleTV4K, [000001E5B40D5F00][000001E5B31C66C0 49] TVOS, [000001E5B408F100][000001E5B31CA840 49] Mac, [000001E5B40D5100][000001E5B41E09C0 49] MacClient, [000001E5B408F600][000001E5B41E4B40 49] MacNoEditor, [000001E5B40D6E00][000001E5B41E8CC0 49] MacServer, [000001E5B408E600][000001E5B41ECE40 49] Linux, [000001E5B40D6000][000001E5B41F0FC0 49] LinuxAArch64, [000001E5B408DE00][000001E5B41F5140 49] LinuxNoEditor, [000001E5B40D7000][000001E5B41F92C0 49] LinuxAArch64NoEditor, [000001E5B408EC00][000001E5B31A3400 49] LinuxClient, [000001E5B40D4F00][000001E5B41FD540 49] LinuxAArch64Client, [000001E5B408D700][000001E5B4201680 49] LinuxServer, [000001E5B4103800][000001E5B42057C0 49] LinuxAArch64Server, [000001E5B4163100][000001E5B420D940 49] Android, [000001E5B4100300][000001E5B4211AC0 49] Android_Low, [000001E5B4163400][000001E5B42140C0 49] Android_Mid, [000001E5B4103A00][000001E5B4296240 49] Android_High, [000001E5B4163800][000001E5B429A3C0 49] Android_Default, [000001E5B4100400][000001E5B435E540 49] Android_Adreno4xx, [000001E5B4160D00][000001E5B43626C0 49] Android_Adreno5xx_Low, [000001E5B4102900][000001E5B4366840 49] Android_Adreno5xx, [000001E5B4161D00][000001E5B436E9C0 49] Android_Adreno6xx, [000001E5B4102500][000001E5A863EB40 49] Android_Adreno6xx_Vulkan, [000001E5B4162700][000001E5A867ACC0 49] Android_Mali_T6xx, [000001E5B4102300][000001E5A868AE40 49] Android_Mali_T7xx, [000001E5B4161100][000001E5B4404FC0 49] Android_Mali_T8xx, [000001E5B4103600][000001E5B44B9140 49] Android_Mali_G71, [000001E5B4161600][000001E5B44BD2C0 49] Android_Mali_G72, [000001E5B4101000][000001E5B4581440 49] Android_Mali_G72_Vulkan, [000001E5B4162900][000001E5B4209580 49] Android_Mali_G76, [000001E5B4101400][000001E5B0D2D6C0 49] Android_Mali_G76_Vulkan, [000001E5B4162B00][000001E5B0D39800 49] Android_Mali_G77, [000001E5B4102100][000001E5B0D3D940 49] Android_Mali_G77_Vulkan, [000001E5B4163600][000001E5B0D45AC0 49] Android_Mali_G78, [000001E5B4103200][000001E5B0D480C0 49] Android_Mali_G78_Vulkan, [000001E5B4160B00][000001E5B0D50240 49] Android_Mali_G710, [000001E5B4102600][000001E5B0D603C0 49] Android_Mali_G710_Vulkan, [000001E5B4160A00][000001E5B0D64540 49] Android_Vulkan_SM5, [000001E5B408E700][000001E5B2E0E6C0 49] Android_PowerVR_G6xxx, [000001E5B4160C00][000001E5B2E12840 49] Android_PowerVR_GT7xxx, [000001E5B408FB00][000001E5B2E169C0 49] Android_PowerVR_GE8xxx, [000001E5B4162F00][000001E5B2E1AB40 49] Android_PowerVR_GM9xxx, [000001E5B408F800][000001E5A94E8CC0 49] Android_PowerVR_GM9xxx_Vulkan, [000001E5B4161F00][000001E5A94ECE40 49] Android_TegraK1, [000001E5B408CE00][000001E5A94F0FC0 49] Android_Unknown_Vulkan, [000001E5B4160300][000001E5B2E1F140 49] Lumin, [000001E5B408ED00][000001E5A8DE12C0 49] Lumin_Desktop, [000001E5B4162A00][000001E5A8DE5440 49] HoloLens, 
[2025.05.30-17.50.56:532][  0]LogMeshReduction: Using QuadricMeshReduction for automatic static mesh reduction
[2025.05.30-17.50.56:532][  0]LogMeshReduction: Using SimplygonMeshReduction for automatic skeletal mesh reduction
[2025.05.30-17.50.56:532][  0]LogMeshReduction: Using ProxyLODMeshReduction for automatic mesh merging
[2025.05.30-17.50.56:532][  0]LogMeshReduction: No distributed automatic mesh merging module available
[2025.05.30-17.50.56:532][  0]LogMeshMerging: No distributed automatic mesh merging module available
[2025.05.30-17.50.56:546][  0]LogNetVersion: EngiPracrice 1.0.0, NetCL: 17155196, EngineNetVer: 17, GameNetVer: 0 (Checksum: 2233709127)
[2025.05.30-17.50.56:945][  0]LogTexture: Default maximum texture size for cubemaps generated from long-lat sources has been changed from 512 to unlimited. In order to preserve old behaiour for '/Engine/MapTemplates/Sky/DaylightAmbientCubemap.DaylightAmbientCubemap', its maximum texture size has been explicitly set to 512.
[2025.05.30-17.50.57:031][  0]LogUObjectArray: 17011 objects as part of root set at end of initial load.
[2025.05.30-17.50.57:031][  0]LogUObjectAllocator: 4257152 out of 0 bytes used by permanent object pool.
[2025.05.30-17.50.57:031][  0]LogUObjectArray: CloseDisregardForGC: 0/0 objects in disregard for GC pool
[2025.05.30-17.50.57:310][  0]LogNiagaraDebuggerClient: Niagara Debugger Client Initialized | Session: 66C7A8B24001BCC8B5673DABB754577F | Instance: 60442B1742C30429D19D64A1CA1921B1 (DESKTOP-06CE692-2724).
[2025.05.30-17.50.57:344][  0]LogPython: Using Python 3.7.7
[2025.05.30-17.50.57:920][  0]LogTcpMessaging: Initializing TcpMessaging bridge
[2025.05.30-17.50.57:927][  0]LogUdpMessaging: Initializing bridge on interface 0.0.0.0:0 to multicast group 230.0.0.1:6666.
[2025.05.30-17.50.58:068][  0]SourceControl: Source control is disabled
[2025.05.30-17.50.58:068][  0]SourceControl: Source control is disabled
[2025.05.30-17.50.58:071][  0]SourceControl: Source control is disabled
[2025.05.30-17.50.58:073][  0]SourceControl: Source control is disabled
[2025.05.30-17.50.58:082][  0]SourceControl: Source control is disabled
[2025.05.30-17.50.58:089][  0]LogUProjectInfo: Found projects:
[2025.05.30-17.50.58:096][  0]LogVSAccessor: Display: Unable to create Visual Studio setup instance: 80040154
[2025.05.30-17.50.58:097][  0]LogVSAccessor: Display: Unable to create Visual Studio setup instance: 80040154
[2025.05.30-17.50.58:098][  0]LogVSAccessor: Display: Unable to create Visual Studio setup instance: 80040154
[2025.05.30-17.50.58:286][  0]LogOpenImageDenoise: OIDN starting up
[2025.05.30-17.50.58:329][  0]LogAndroidPermission: UAndroidPermissionCallbackProxy::GetInstance
[2025.05.30-17.50.58:351][  0]LogAudioCaptureCore: Display: No Audio Capture implementations found. Audio input will be silent.
[2025.05.30-17.50.58:351][  0]LogAudioCaptureCore: Display: No Audio Capture implementations found. Audio input will be silent.
[2025.05.30-17.50.58:484][  0]LogCollectionManager: Loaded 0 collections in 0.001556 seconds
[2025.05.30-17.50.58:557][  0]LogFileCache: Scanning file cache for directory 'D:/Университет/6 семестр/VR/FinalProject/EngiPracrice/Saved/Collections/' took 0.00s
[2025.05.30-17.50.58:557][  0]LogFileCache: Scanning file cache for directory 'D:/Университет/6 семестр/VR/FinalProject/EngiPracrice/Content/Developers/Home/Collections/' took 0.00s
[2025.05.30-17.50.58:557][  0]LogFileCache: Scanning file cache for directory 'D:/Университет/6 семестр/VR/FinalProject/EngiPracrice/Content/Collections/' took 0.00s
[2025.05.30-17.50.58:557][  0]LogEngine: Initializing Engine...
[2025.05.30-17.50.58:558][  0]LogHMD: Failed to enumerate extensions. Please check that you have a valid OpenXR runtime installed.
[2025.05.30-17.50.58:560][  0]LogMagicLeap: Warning: VR disabled because ZI is not enabled.  To enable, in the editor, Edit -> Project Settings -> Plugins -> Magic Leap Plugin -> Enable Zero Iteration
[2025.05.30-17.50.58:560][  0]LogStats: UGameplayTagsManager::InitializeManager -  0.000 s
[2025.05.30-17.50.58:690][  0]LogInit: Initializing FReadOnlyCVARCache
[2025.05.30-17.50.58:703][  0]LogAIModule: Creating AISystem for world Untitled
[2025.05.30-17.50.58:704][  0]LogAudio: Display: Initializing Audio Device Manager...
[2025.05.30-17.50.58:708][  0]LogAudio: Display: Loading Default Audio Settings Objects...
[2025.05.30-17.50.58:708][  0]LogAudio: Display: No default SoundConcurrencyObject specified (or failed to load).
[2025.05.30-17.50.58:709][  0]LogAudio: Display: Audio Device Manager Initialized
[2025.05.30-17.50.58:709][  0]LogAudio: Display: Creating Audio Device:                 Id: 1, Scope: Shared, Realtime: True
[2025.05.30-17.50.58:709][  0]LogAudioMixer: Display: Audio Mixer Platform Settings:
[2025.05.30-17.50.58:709][  0]LogAudioMixer: Display: 	Sample Rate:						  48000
[2025.05.30-17.50.58:709][  0]LogAudioMixer: Display: 	Callback Buffer Frame Size Requested: 1024
[2025.05.30-17.50.58:709][  0]LogAudioMixer: Display: 	Callback Buffer Frame Size To Use:	  1024
[2025.05.30-17.50.58:709][  0]LogAudioMixer: Display: 	Number of buffers to queue:			  1
[2025.05.30-17.50.58:709][  0]LogAudioMixer: Display: 	Max Channels (voices):				  0
[2025.05.30-17.50.58:709][  0]LogAudioMixer: Display: 	Number of Async Source Workers:		  4
[2025.05.30-17.50.58:709][  0]LogAudio: Display: AudioDevice MaxSources: 32
[2025.05.30-17.50.58:709][  0]LogAudio: Display: Audio Spatialization Plugin: Resonance Audio is external send: 1
[2025.05.30-17.50.58:709][  0]LogAudio: Display: Audio Reverb Plugin: Resonance Audio
[2025.05.30-17.50.58:709][  0]LogAudio: Display: Audio Occlusion Plugin: None (built-in).
[2025.05.30-17.50.58:709][  0]LogAudioMixer: Display: Initializing audio mixer.
[2025.05.30-17.50.58:721][  0]LogAudioMixer: Display: 0: FrontLeft
[2025.05.30-17.50.58:721][  0]LogAudioMixer: Display: 1: FrontRight
[2025.05.30-17.50.58:747][  0]LogAudioMixer: Display: Using Audio Device Динамики (Cirrus Logic Superior High Definition Audio)
[2025.05.30-17.50.58:747][  0]LogAudioMixer: Display: Initializing Sound Submixes...
[2025.05.30-17.50.58:749][  0]LogAudioMixer: Display: Creating Master Submix 'MasterSubmixDefault'
[2025.05.30-17.50.58:749][  0]LogAudioMixer: Display: Creating Master Submix 'MasterReverbSubmixDefault'
[2025.05.30-17.50.58:750][  0]LogAudioMixer: Display: Creating Master Submix 'MasterEQSubmixDefault'
[2025.05.30-17.50.58:755][  0]LogAudioMixer: FMixerPlatformXAudio2::StartAudioStream() called
[2025.05.30-17.50.58:755][  0]LogAudioMixer: Display: Output buffers initialized: Frames=1024, Channels=2, Samples=2048
[2025.05.30-17.50.58:756][  0]LogAudioMixer: Display: Starting AudioMixerPlatformInterface::RunInternal()
[2025.05.30-17.50.58:756][  0]LogAudioMixer: Display: FMixerPlatformXAudio2::SubmitBuffer() called for the first time
[2025.05.30-17.50.58:756][  0]LogInit: FAudioDevice initialized.
[2025.05.30-17.50.58:757][  0]LogAudio: Display: Audio Device (ID: 1) registered with world 'Untitled'.
[2025.05.30-17.50.58:757][  0]LogNetVersion: Set ProjectVersion to 1.0.0.0. Version Checksum will be recalculated on next use.
[2025.05.30-17.50.58:830][  0]LogDerivedDataCache: Saved boot cache 0.07s 122MB C:/Users/shanp/AppData/Local/UnrealEngine/4.27/DerivedDataCache/Boot.ddc.
[2025.05.30-17.50.58:834][  0]LogInit: Texture streaming: Enabled
[2025.05.30-17.50.58:847][  0]LogAnalytics: Display: [UEEditor.Rocket.Release] APIServer = https://datarouter.ol.epicgames.com/. AppVersion = 4.27.2-18319896+++UE4+Release-4.27
[2025.05.30-17.50.58:851][  0]LogEngineSessionManager: EngineSessionManager initialized
[2025.05.30-17.50.58:851][  0]LogEditorSessionSummary: Verbose: Initializing EditorSessionSummaryWriter for editor session tracking
[2025.05.30-17.50.58:853][  0]LogEditorSessionSummary: EditorSessionSummaryWriter initialized
[2025.05.30-17.50.58:878][  0]LogInit: Transaction tracking system initialized
[2025.05.30-17.50.58:898][  0]BlueprintLog: New page: Editor Load
[2025.05.30-17.50.58:959][  0]LocalizationService: Localization service is disabled
[2025.05.30-17.50.58:983][  0]TimingProfiler: Initialize
[2025.05.30-17.50.58:983][  0]TimingProfiler: OnSessionChanged
[2025.05.30-17.50.58:983][  0]LoadingProfiler: Initialize
[2025.05.30-17.50.58:983][  0]LoadingProfiler: OnSessionChanged
[2025.05.30-17.50.58:983][  0]NetworkingProfiler: Initialize
[2025.05.30-17.50.58:983][  0]NetworkingProfiler: OnSessionChanged
[2025.05.30-17.50.58:983][  0]MemoryProfiler: Initialize
[2025.05.30-17.50.58:983][  0]MemoryProfiler: OnSessionChanged
[2025.05.30-17.50.59:052][  0]LogVSAccessor: Display: Unable to create Visual Studio setup instance: 80040154
[2025.05.30-17.50.59:053][  0]LogVSAccessor: Display: Unable to create Visual Studio setup instance: 80040154
[2025.05.30-17.50.59:054][  0]LogVSAccessor: Display: Unable to create Visual Studio setup instance: 80040154
[2025.05.30-17.50.59:139][  0]LogCook: Display: CookSettings for Memory: MemoryMaxUsedVirtual 0MiB, MemoryMaxUsedPhysical 16384MiB, MemoryMinFreeVirtual 0MiB, MemoryMinFreePhysical 1024MiB
[2025.05.30-17.50.59:139][  0]LogCook: Display: Mobile HDR setting 0
[2025.05.30-17.50.59:319][  0]LogFileCache: Scanning file cache for directory 'D:/Университет/6 семестр/VR/FinalProject/EngiPracrice/Content/' took 0.00s
[2025.05.30-17.50.59:319][  0]LogInit: Display: Engine is initialized. Leaving FEngineLoop::Init()
[2025.05.30-17.50.59:322][  0]SourceControl: Source control is disabled
[2025.05.30-17.50.59:322][  0]LogUnrealEdMisc: Loading editor; pre map load, took 6.247
[2025.05.30-17.50.59:322][  0]Cmd: MAP LOAD FILE="../../../../Университет/6 семестр/VR/FinalProject/EngiPracrice/Content/VRTemplate/Maps/VRTemplateMap.umap" TEMPLATE=0 SHOWPROGRESS=1 FEATURELEVEL=3
[2025.05.30-17.50.59:322][  0]LightingResults: New page: Lighting Build
[2025.05.30-17.50.59:323][  0]LogWorld: UWorld::CleanupWorld for Untitled, bSessionEnded=true, bCleanupResources=true
[2025.05.30-17.50.59:324][  0]LogSlate: InvalidateAllWidgets triggered.  All widgets were invalidated
[2025.05.30-17.50.59:324][  0]MapCheck: New page: Map Check
[2025.05.30-17.50.59:324][  0]LightingResults: New page: Lighting Build
[2025.05.30-17.50.59:330][  0]LogAudio: Display: Audio Device unregistered from world 'None'.
[2025.05.30-17.50.59:333][  0]LogUObjectHash: Compacting FUObjectHashTables data took   0.75ms
[2025.05.30-17.51.00:909][  0]LogAudio: Display: Audio Device (ID: 1) registered with world 'VRTemplateMap'.
[2025.05.30-17.51.00:910][  0]LogAIModule: Creating AISystem for world VRTemplateMap
[2025.05.30-17.51.00:929][  0]LogSlate: New Slate User Created.  User Index 8, Is Virtual User: 1
[2025.05.30-17.51.00:929][  0]LogSlate: Slate User Registered.  User Index 8, Is Virtual User: 1
[2025.05.30-17.51.00:948][  0]LogEditorServer: Finished looking for orphan Actors (0.000 secs)
[2025.05.30-17.51.00:968][  0]LogUObjectHash: Compacting FUObjectHashTables data took   1.23ms
[2025.05.30-17.51.00:968][  0]Cmd: MAP CHECKDEP NOCLEARLOG
[2025.05.30-17.51.00:968][  0]MapCheck: Map check complete: 0 Error(s), 0 Warning(s), took 0,106ms to complete.
[2025.05.30-17.51.00:968][  0]LogFileHelpers: Loading map 'VRTemplateMap' took 1.646
[2025.05.30-17.51.00:970][  0]LogUnrealEdMisc: Total Editor Startup Time, took 7.896
[2025.05.30-17.51.01:165][  0]LogSlate: Updating window title bar state: overlay mode, drag disabled, window buttons hidden, title bar hidden
[2025.05.30-17.51.01:173][  0]LogSlate: Updating window title bar state: overlay mode, drag disabled, window buttons hidden, title bar hidden
[2025.05.30-17.51.01:178][  0]LogSlate: Updating window title bar state: overlay mode, drag disabled, window buttons hidden, title bar hidden
[2025.05.30-17.51.01:185][  0]LogSlate: Updating window title bar state: overlay mode, drag disabled, window buttons hidden, title bar hidden
[2025.05.30-17.51.01:231][  0]LogNativeClassHierarchy: Verbose: Native class hierarchy populated in 0.0140 seconds. Added 3809 classes and 916 folders.
[2025.05.30-17.51.01:237][  0]LogNativeClassHierarchy: Verbose: Native class hierarchy updated for 'WidgetCarousel' in 0.0003 seconds. Added 0 classes and 0 folders.
[2025.05.30-17.51.01:242][  0]LogPakFile: PakFile PrimaryIndexSize=187
[2025.05.30-17.51.01:242][  0]LogPakFile: PakFile PathHashIndexSize=101
[2025.05.30-17.51.01:242][  0]LogPakFile: PakFile FullDirectoryIndexSize=148
[2025.05.30-17.51.01:242][  0]LogShaderLibrary: Display: ShaderCodeLibraryPakFileMountedCallback: PakFile 'D:/UE_4.27/FeaturePacks/FP_FirstPerson.upack' (chunk index -1, root 'root:/') mounted
[2025.05.30-17.51.01:242][  0]LogShaderLibrary: Display: ShaderCodeLibraryPakFileMountedCallback: pending pak file info (ChunkID:-1 Root:root:/ File:D:/UE_4.27/FeaturePacks/FP_FirstPerson.upack)
[2025.05.30-17.51.01:242][  0]LogPakFile: OnPakFileMounted2Time == 0.000057
[2025.05.30-17.51.01:245][  0]LogPakFile: PakFile PrimaryIndexSize=189
[2025.05.30-17.51.01:245][  0]LogPakFile: PakFile PathHashIndexSize=101
[2025.05.30-17.51.01:245][  0]LogPakFile: PakFile FullDirectoryIndexSize=152
[2025.05.30-17.51.01:245][  0]LogShaderLibrary: Display: ShaderCodeLibraryPakFileMountedCallback: PakFile 'D:/UE_4.27/FeaturePacks/FP_FirstPersonBP.upack' (chunk index -1, root 'root:/') mounted
[2025.05.30-17.51.01:245][  0]LogShaderLibrary: Display: ShaderCodeLibraryPakFileMountedCallback: pending pak file info (ChunkID:-1 Root:root:/ File:D:/UE_4.27/FeaturePacks/FP_FirstPersonBP.upack)
[2025.05.30-17.51.01:245][  0]LogPakFile: OnPakFileMounted2Time == 0.000043
[2025.05.30-17.51.01:247][  0]LogPakFile: PakFile PrimaryIndexSize=191
[2025.05.30-17.51.01:247][  0]LogPakFile: PakFile PathHashIndexSize=101
[2025.05.30-17.51.01:247][  0]LogPakFile: PakFile FullDirectoryIndexSize=160
[2025.05.30-17.51.01:247][  0]LogShaderLibrary: Display: ShaderCodeLibraryPakFileMountedCallback: PakFile 'D:/UE_4.27/FeaturePacks/MobileStarterContent.upack' (chunk index -1, root 'root:/') mounted
[2025.05.30-17.51.01:247][  0]LogShaderLibrary: Display: ShaderCodeLibraryPakFileMountedCallback: pending pak file info (ChunkID:-1 Root:root:/ File:D:/UE_4.27/FeaturePacks/MobileStarterContent.upack)
[2025.05.30-17.51.01:247][  0]LogPakFile: OnPakFileMounted2Time == 0.000035
[2025.05.30-17.51.01:249][  0]LogPakFile: PakFile PrimaryIndexSize=185
[2025.05.30-17.51.01:249][  0]LogPakFile: PakFile PathHashIndexSize=101
[2025.05.30-17.51.01:249][  0]LogPakFile: PakFile FullDirectoryIndexSize=148
[2025.05.30-17.51.01:249][  0]LogShaderLibrary: Display: ShaderCodeLibraryPakFileMountedCallback: PakFile 'D:/UE_4.27/FeaturePacks/StarterContent.upack' (chunk index -1, root 'root:/') mounted
[2025.05.30-17.51.01:249][  0]LogShaderLibrary: Display: ShaderCodeLibraryPakFileMountedCallback: pending pak file info (ChunkID:-1 Root:root:/ File:D:/UE_4.27/FeaturePacks/StarterContent.upack)
[2025.05.30-17.51.01:249][  0]LogPakFile: OnPakFileMounted2Time == 0.000040
[2025.05.30-17.51.01:250][  0]LogPakFile: PakFile PrimaryIndexSize=190
[2025.05.30-17.51.01:250][  0]LogPakFile: PakFile PathHashIndexSize=101
[2025.05.30-17.51.01:250][  0]LogPakFile: PakFile FullDirectoryIndexSize=154
[2025.05.30-17.51.01:250][  0]LogShaderLibrary: Display: ShaderCodeLibraryPakFileMountedCallback: PakFile 'D:/UE_4.27/FeaturePacks/TP_2DSideScroller.upack' (chunk index -1, root 'root:/') mounted
[2025.05.30-17.51.01:250][  0]LogShaderLibrary: Display: ShaderCodeLibraryPakFileMountedCallback: pending pak file info (ChunkID:-1 Root:root:/ File:D:/UE_4.27/FeaturePacks/TP_2DSideScroller.upack)
[2025.05.30-17.51.01:250][  0]LogPakFile: OnPakFileMounted2Time == 0.000040
[2025.05.30-17.51.01:253][  0]LogPakFile: PakFile PrimaryIndexSize=192
[2025.05.30-17.51.01:253][  0]LogPakFile: PakFile PathHashIndexSize=101
[2025.05.30-17.51.01:253][  0]LogPakFile: PakFile FullDirectoryIndexSize=158
[2025.05.30-17.51.01:253][  0]LogShaderLibrary: Display: ShaderCodeLibraryPakFileMountedCallback: PakFile 'D:/UE_4.27/FeaturePacks/TP_2DSideScrollerBP.upack' (chunk index -1, root 'root:/') mounted
[2025.05.30-17.51.01:253][  0]LogShaderLibrary: Display: ShaderCodeLibraryPakFileMountedCallback: pending pak file info (ChunkID:-1 Root:root:/ File:D:/UE_4.27/FeaturePacks/TP_2DSideScrollerBP.upack)
[2025.05.30-17.51.01:253][  0]LogPakFile: OnPakFileMounted2Time == 0.000039
[2025.05.30-17.51.01:254][  0]LogPakFile: PakFile PrimaryIndexSize=182
[2025.05.30-17.51.01:254][  0]LogPakFile: PakFile PathHashIndexSize=101
[2025.05.30-17.51.01:254][  0]LogPakFile: PakFile FullDirectoryIndexSize=138
[2025.05.30-17.51.01:254][  0]LogShaderLibrary: Display: ShaderCodeLibraryPakFileMountedCallback: PakFile 'D:/UE_4.27/FeaturePacks/TP_Flying.upack' (chunk index -1, root 'root:/') mounted
[2025.05.30-17.51.01:254][  0]LogShaderLibrary: Display: ShaderCodeLibraryPakFileMountedCallback: pending pak file info (ChunkID:-1 Root:root:/ File:D:/UE_4.27/FeaturePacks/TP_Flying.upack)
[2025.05.30-17.51.01:254][  0]LogPakFile: OnPakFileMounted2Time == 0.000041
[2025.05.30-17.51.01:257][  0]LogPakFile: PakFile PrimaryIndexSize=184
[2025.05.30-17.51.01:257][  0]LogPakFile: PakFile PathHashIndexSize=101
[2025.05.30-17.51.01:257][  0]LogPakFile: PakFile FullDirectoryIndexSize=142
[2025.05.30-17.51.01:257][  0]LogShaderLibrary: Display: ShaderCodeLibraryPakFileMountedCallback: PakFile 'D:/UE_4.27/FeaturePacks/TP_FlyingBP.upack' (chunk index -1, root 'root:/') mounted
[2025.05.30-17.51.01:257][  0]LogShaderLibrary: Display: ShaderCodeLibraryPakFileMountedCallback: pending pak file info (ChunkID:-1 Root:root:/ File:D:/UE_4.27/FeaturePacks/TP_FlyingBP.upack)
[2025.05.30-17.51.01:257][  0]LogPakFile: OnPakFileMounted2Time == 0.000041
[2025.05.30-17.51.01:261][  0]LogPakFile: PakFile PrimaryIndexSize=188
[2025.05.30-17.51.01:261][  0]LogPakFile: PakFile PathHashIndexSize=101
[2025.05.30-17.51.01:261][  0]LogPakFile: PakFile FullDirectoryIndexSize=150
[2025.05.30-17.51.01:261][  0]LogShaderLibrary: Display: ShaderCodeLibraryPakFileMountedCallback: PakFile 'D:/UE_4.27/FeaturePacks/TP_HandheldARBP.upack' (chunk index -1, root 'root:/') mounted
[2025.05.30-17.51.01:261][  0]LogShaderLibrary: Display: ShaderCodeLibraryPakFileMountedCallback: pending pak file info (ChunkID:-1 Root:root:/ File:D:/UE_4.27/FeaturePacks/TP_HandheldARBP.upack)
[2025.05.30-17.51.01:261][  0]LogPakFile: OnPakFileMounted2Time == 0.000120
[2025.05.30-17.51.01:267][  0]LogPakFile: PakFile PrimaryIndexSize=182
[2025.05.30-17.51.01:267][  0]LogPakFile: PakFile PathHashIndexSize=101
[2025.05.30-17.51.01:267][  0]LogPakFile: PakFile FullDirectoryIndexSize=138
[2025.05.30-17.51.01:267][  0]LogShaderLibrary: Display: ShaderCodeLibraryPakFileMountedCallback: PakFile 'D:/UE_4.27/FeaturePacks/TP_Puzzle.upack' (chunk index -1, root 'root:/') mounted
[2025.05.30-17.51.01:267][  0]LogShaderLibrary: Display: ShaderCodeLibraryPakFileMountedCallback: pending pak file info (ChunkID:-1 Root:root:/ File:D:/UE_4.27/FeaturePacks/TP_Puzzle.upack)
[2025.05.30-17.51.01:267][  0]LogPakFile: OnPakFileMounted2Time == 0.000054
[2025.05.30-17.51.01:270][  0]LogPakFile: PakFile PrimaryIndexSize=184
[2025.05.30-17.51.01:270][  0]LogPakFile: PakFile PathHashIndexSize=101
[2025.05.30-17.51.01:270][  0]LogPakFile: PakFile FullDirectoryIndexSize=142
[2025.05.30-17.51.01:270][  0]LogShaderLibrary: Display: ShaderCodeLibraryPakFileMountedCallback: PakFile 'D:/UE_4.27/FeaturePacks/TP_PuzzleBP.upack' (chunk index -1, root 'root:/') mounted
[2025.05.30-17.51.01:270][  0]LogShaderLibrary: Display: ShaderCodeLibraryPakFileMountedCallback: pending pak file info (ChunkID:-1 Root:root:/ File:D:/UE_4.27/FeaturePacks/TP_PuzzleBP.upack)
[2025.05.30-17.51.01:270][  0]LogPakFile: OnPakFileMounted2Time == 0.000052
[2025.05.30-17.51.01:272][  0]LogPakFile: PakFile PrimaryIndexSize=183
[2025.05.30-17.51.01:272][  0]LogPakFile: PakFile PathHashIndexSize=101
[2025.05.30-17.51.01:272][  0]LogPakFile: PakFile FullDirectoryIndexSize=140
[2025.05.30-17.51.01:272][  0]LogShaderLibrary: Display: ShaderCodeLibraryPakFileMountedCallback: PakFile 'D:/UE_4.27/FeaturePacks/TP_Rolling.upack' (chunk index -1, root 'root:/') mounted
[2025.05.30-17.51.01:272][  0]LogShaderLibrary: Display: ShaderCodeLibraryPakFileMountedCallback: pending pak file info (ChunkID:-1 Root:root:/ File:D:/UE_4.27/FeaturePacks/TP_Rolling.upack)
[2025.05.30-17.51.01:272][  0]LogPakFile: OnPakFileMounted2Time == 0.000052
[2025.05.30-17.51.01:274][  0]LogPakFile: PakFile PrimaryIndexSize=185
[2025.05.30-17.51.01:274][  0]LogPakFile: PakFile PathHashIndexSize=101
[2025.05.30-17.51.01:274][  0]LogPakFile: PakFile FullDirectoryIndexSize=144
[2025.05.30-17.51.01:274][  0]LogShaderLibrary: Display: ShaderCodeLibraryPakFileMountedCallback: PakFile 'D:/UE_4.27/FeaturePacks/TP_RollingBP.upack' (chunk index -1, root 'root:/') mounted
[2025.05.30-17.51.01:274][  0]LogShaderLibrary: Display: ShaderCodeLibraryPakFileMountedCallback: pending pak file info (ChunkID:-1 Root:root:/ File:D:/UE_4.27/FeaturePacks/TP_RollingBP.upack)
[2025.05.30-17.51.01:274][  0]LogPakFile: OnPakFileMounted2Time == 0.000071
[2025.05.30-17.51.01:277][  0]LogPakFile: PakFile PrimaryIndexSize=188
[2025.05.30-17.51.01:277][  0]LogPakFile: PakFile PathHashIndexSize=101
[2025.05.30-17.51.01:277][  0]LogPakFile: PakFile FullDirectoryIndexSize=150
[2025.05.30-17.51.01:277][  0]LogShaderLibrary: Display: ShaderCodeLibraryPakFileMountedCallback: PakFile 'D:/UE_4.27/FeaturePacks/TP_SideScroller.upack' (chunk index -1, root 'root:/') mounted
[2025.05.30-17.51.01:277][  0]LogShaderLibrary: Display: ShaderCodeLibraryPakFileMountedCallback: pending pak file info (ChunkID:-1 Root:root:/ File:D:/UE_4.27/FeaturePacks/TP_SideScroller.upack)
[2025.05.30-17.51.01:277][  0]LogPakFile: OnPakFileMounted2Time == 0.000051
[2025.05.30-17.51.01:279][  0]LogPakFile: PakFile PrimaryIndexSize=190
[2025.05.30-17.51.01:279][  0]LogPakFile: PakFile PathHashIndexSize=101
[2025.05.30-17.51.01:279][  0]LogPakFile: PakFile FullDirectoryIndexSize=154
[2025.05.30-17.51.01:279][  0]LogShaderLibrary: Display: ShaderCodeLibraryPakFileMountedCallback: PakFile 'D:/UE_4.27/FeaturePacks/TP_SideScrollerBP.upack' (chunk index -1, root 'root:/') mounted
[2025.05.30-17.51.01:279][  0]LogShaderLibrary: Display: ShaderCodeLibraryPakFileMountedCallback: pending pak file info (ChunkID:-1 Root:root:/ File:D:/UE_4.27/FeaturePacks/TP_SideScrollerBP.upack)
[2025.05.30-17.51.01:279][  0]LogPakFile: OnPakFileMounted2Time == 0.000053
[2025.05.30-17.51.01:281][  0]LogPakFile: PakFile PrimaryIndexSize=187
[2025.05.30-17.51.01:281][  0]LogPakFile: PakFile PathHashIndexSize=101
[2025.05.30-17.51.01:281][  0]LogPakFile: PakFile FullDirectoryIndexSize=148
[2025.05.30-17.51.01:281][  0]LogShaderLibrary: Display: ShaderCodeLibraryPakFileMountedCallback: PakFile 'D:/UE_4.27/FeaturePacks/TP_ThirdPerson.upack' (chunk index -1, root 'root:/') mounted
[2025.05.30-17.51.01:281][  0]LogShaderLibrary: Display: ShaderCodeLibraryPakFileMountedCallback: pending pak file info (ChunkID:-1 Root:root:/ File:D:/UE_4.27/FeaturePacks/TP_ThirdPerson.upack)
[2025.05.30-17.51.01:281][  0]LogPakFile: OnPakFileMounted2Time == 0.000052
[2025.05.30-17.51.01:282][  0]LogPakFile: PakFile PrimaryIndexSize=189
[2025.05.30-17.51.01:283][  0]LogPakFile: PakFile PathHashIndexSize=101
[2025.05.30-17.51.01:283][  0]LogPakFile: PakFile FullDirectoryIndexSize=152
[2025.05.30-17.51.01:283][  0]LogShaderLibrary: Display: ShaderCodeLibraryPakFileMountedCallback: PakFile 'D:/UE_4.27/FeaturePacks/TP_ThirdPersonBP.upack' (chunk index -1, root 'root:/') mounted
[2025.05.30-17.51.01:283][  0]LogShaderLibrary: Display: ShaderCodeLibraryPakFileMountedCallback: pending pak file info (ChunkID:-1 Root:root:/ File:D:/UE_4.27/FeaturePacks/TP_ThirdPersonBP.upack)
[2025.05.30-17.51.01:283][  0]LogPakFile: OnPakFileMounted2Time == 0.000052
[2025.05.30-17.51.01:285][  0]LogPakFile: PakFile PrimaryIndexSize=183
[2025.05.30-17.51.01:285][  0]LogPakFile: PakFile PathHashIndexSize=101
[2025.05.30-17.51.01:285][  0]LogPakFile: PakFile FullDirectoryIndexSize=140
[2025.05.30-17.51.01:285][  0]LogShaderLibrary: Display: ShaderCodeLibraryPakFileMountedCallback: PakFile 'D:/UE_4.27/FeaturePacks/TP_TopDown.upack' (chunk index -1, root 'root:/') mounted
[2025.05.30-17.51.01:285][  0]LogShaderLibrary: Display: ShaderCodeLibraryPakFileMountedCallback: pending pak file info (ChunkID:-1 Root:root:/ File:D:/UE_4.27/FeaturePacks/TP_TopDown.upack)
[2025.05.30-17.51.01:285][  0]LogPakFile: OnPakFileMounted2Time == 0.000131
[2025.05.30-17.51.01:287][  0]LogPakFile: PakFile PrimaryIndexSize=185
[2025.05.30-17.51.01:287][  0]LogPakFile: PakFile PathHashIndexSize=101
[2025.05.30-17.51.01:287][  0]LogPakFile: PakFile FullDirectoryIndexSize=144
[2025.05.30-17.51.01:288][  0]LogShaderLibrary: Display: ShaderCodeLibraryPakFileMountedCallback: PakFile 'D:/UE_4.27/FeaturePacks/TP_TopDownBP.upack' (chunk index -1, root 'root:/') mounted
[2025.05.30-17.51.01:288][  0]LogShaderLibrary: Display: ShaderCodeLibraryPakFileMountedCallback: pending pak file info (ChunkID:-1 Root:root:/ File:D:/UE_4.27/FeaturePacks/TP_TopDownBP.upack)
[2025.05.30-17.51.01:288][  0]LogPakFile: OnPakFileMounted2Time == 0.000101
[2025.05.30-17.51.01:290][  0]LogPakFile: PakFile PrimaryIndexSize=185
[2025.05.30-17.51.01:290][  0]LogPakFile: PakFile PathHashIndexSize=101
[2025.05.30-17.51.01:290][  0]LogPakFile: PakFile FullDirectoryIndexSize=144
[2025.05.30-17.51.01:290][  0]LogShaderLibrary: Display: ShaderCodeLibraryPakFileMountedCallback: PakFile 'D:/UE_4.27/FeaturePacks/TP_TwinStick.upack' (chunk index -1, root 'root:/') mounted
[2025.05.30-17.51.01:290][  0]LogShaderLibrary: Display: ShaderCodeLibraryPakFileMountedCallback: pending pak file info (ChunkID:-1 Root:root:/ File:D:/UE_4.27/FeaturePacks/TP_TwinStick.upack)
[2025.05.30-17.51.01:290][  0]LogPakFile: OnPakFileMounted2Time == 0.000081
[2025.05.30-17.51.01:293][  0]LogPakFile: PakFile PrimaryIndexSize=187
[2025.05.30-17.51.01:293][  0]LogPakFile: PakFile PathHashIndexSize=101
[2025.05.30-17.51.01:293][  0]LogPakFile: PakFile FullDirectoryIndexSize=148
[2025.05.30-17.51.01:293][  0]LogShaderLibrary: Display: ShaderCodeLibraryPakFileMountedCallback: PakFile 'D:/UE_4.27/FeaturePacks/TP_TwinStickBP.upack' (chunk index -1, root 'root:/') mounted
[2025.05.30-17.51.01:293][  0]LogShaderLibrary: Display: ShaderCodeLibraryPakFileMountedCallback: pending pak file info (ChunkID:-1 Root:root:/ File:D:/UE_4.27/FeaturePacks/TP_TwinStickBP.upack)
[2025.05.30-17.51.01:293][  0]LogPakFile: OnPakFileMounted2Time == 0.000076
[2025.05.30-17.51.01:295][  0]LogPakFile: PakFile PrimaryIndexSize=183
[2025.05.30-17.51.01:295][  0]LogPakFile: PakFile PathHashIndexSize=101
[2025.05.30-17.51.01:295][  0]LogPakFile: PakFile FullDirectoryIndexSize=140
[2025.05.30-17.51.01:295][  0]LogShaderLibrary: Display: ShaderCodeLibraryPakFileMountedCallback: PakFile 'D:/UE_4.27/FeaturePacks/TP_Vehicle.upack' (chunk index -1, root 'root:/') mounted
[2025.05.30-17.51.01:295][  0]LogShaderLibrary: Display: ShaderCodeLibraryPakFileMountedCallback: pending pak file info (ChunkID:-1 Root:root:/ File:D:/UE_4.27/FeaturePacks/TP_Vehicle.upack)
[2025.05.30-17.51.01:296][  0]LogPakFile: OnPakFileMounted2Time == 0.000073
[2025.05.30-17.51.01:299][  0]LogPakFile: PakFile PrimaryIndexSize=186
[2025.05.30-17.51.01:299][  0]LogPakFile: PakFile PathHashIndexSize=101
[2025.05.30-17.51.01:299][  0]LogPakFile: PakFile FullDirectoryIndexSize=146
[2025.05.30-17.51.01:299][  0]LogShaderLibrary: Display: ShaderCodeLibraryPakFileMountedCallback: PakFile 'D:/UE_4.27/FeaturePacks/TP_VehicleAdv.upack' (chunk index -1, root 'root:/') mounted
[2025.05.30-17.51.01:299][  0]LogShaderLibrary: Display: ShaderCodeLibraryPakFileMountedCallback: pending pak file info (ChunkID:-1 Root:root:/ File:D:/UE_4.27/FeaturePacks/TP_VehicleAdv.upack)
[2025.05.30-17.51.01:299][  0]LogPakFile: OnPakFileMounted2Time == 0.000085
[2025.05.30-17.51.01:301][  0]LogPakFile: PakFile PrimaryIndexSize=188
[2025.05.30-17.51.01:301][  0]LogPakFile: PakFile PathHashIndexSize=101
[2025.05.30-17.51.01:301][  0]LogPakFile: PakFile FullDirectoryIndexSize=150
[2025.05.30-17.51.01:302][  0]LogShaderLibrary: Display: ShaderCodeLibraryPakFileMountedCallback: PakFile 'D:/UE_4.27/FeaturePacks/TP_VehicleAdvBP.upack' (chunk index -1, root 'root:/') mounted
[2025.05.30-17.51.01:302][  0]LogShaderLibrary: Display: ShaderCodeLibraryPakFileMountedCallback: pending pak file info (ChunkID:-1 Root:root:/ File:D:/UE_4.27/FeaturePacks/TP_VehicleAdvBP.upack)
[2025.05.30-17.51.01:302][  0]LogPakFile: OnPakFileMounted2Time == 0.000084
[2025.05.30-17.51.01:304][  0]LogPakFile: PakFile PrimaryIndexSize=185
[2025.05.30-17.51.01:304][  0]LogPakFile: PakFile PathHashIndexSize=101
[2025.05.30-17.51.01:304][  0]LogPakFile: PakFile FullDirectoryIndexSize=144
[2025.05.30-17.51.01:304][  0]LogShaderLibrary: Display: ShaderCodeLibraryPakFileMountedCallback: PakFile 'D:/UE_4.27/FeaturePacks/TP_VehicleBP.upack' (chunk index -1, root 'root:/') mounted
[2025.05.30-17.51.01:304][  0]LogShaderLibrary: Display: ShaderCodeLibraryPakFileMountedCallback: pending pak file info (ChunkID:-1 Root:root:/ File:D:/UE_4.27/FeaturePacks/TP_VehicleBP.upack)
[2025.05.30-17.51.01:304][  0]LogPakFile: OnPakFileMounted2Time == 0.000073
[2025.05.30-17.51.01:306][  0]LogPakFile: PakFile PrimaryIndexSize=192
[2025.05.30-17.51.01:306][  0]LogPakFile: PakFile PathHashIndexSize=101
[2025.05.30-17.51.01:306][  0]LogPakFile: PakFile FullDirectoryIndexSize=158
[2025.05.30-17.51.01:306][  0]LogShaderLibrary: Display: ShaderCodeLibraryPakFileMountedCallback: PakFile 'D:/UE_4.27/FeaturePacks/TP_VirtualRealityBP.upack' (chunk index -1, root 'root:/') mounted
[2025.05.30-17.51.01:306][  0]LogShaderLibrary: Display: ShaderCodeLibraryPakFileMountedCallback: pending pak file info (ChunkID:-1 Root:root:/ File:D:/UE_4.27/FeaturePacks/TP_VirtualRealityBP.upack)
[2025.05.30-17.51.01:306][  0]LogPakFile: OnPakFileMounted2Time == 0.000084
[2025.05.30-17.51.01:487][  0]LogNativeClassHierarchy: Verbose: Native class hierarchy updated for 'AddContentDialog' in 0.0005 seconds. Added 0 classes and 0 folders.
[2025.05.30-17.51.01:495][  0]LogNativeClassHierarchy: Verbose: Native class hierarchy updated for 'SceneOutliner' in 0.0005 seconds. Added 2 classes and 0 folders.
[2025.05.30-17.51.01:775][  0]LogSlate: Took 0.000291 seconds to synchronously load lazily loaded font '../../../Engine/Content/Slate/Fonts/Roboto-Regular.ttf' (155K)
[2025.05.30-17.51.01:780][  0]LogSlate: Took 0.003479 seconds to synchronously load lazily loaded font '../../../Engine/Content/Editor/Slate/Fonts/FontAwesome.ttf' (139K)
[2025.05.30-17.51.01:781][  0]LogSlate: Took 0.000149 seconds to synchronously load lazily loaded font '../../../Engine/Content/Slate/Fonts/Roboto-Bold.ttf' (160K)
[2025.05.30-17.51.01:877][  0]LogRenderer: Reallocating scene render targets to support 1920x1080 Format 10 NumSamples 4 (Frame:1).
[2025.05.30-17.51.02:065][  0]LogNativeClassHierarchy: Verbose: Native class hierarchy updated for 'HierarchicalLODOutliner' in 0.0009 seconds. Added 0 classes and 0 folders.
[2025.05.30-17.51.02:065][  0]LogLoad: (Engine Initialization) Total time: 8.99 seconds
[2025.05.30-17.51.02:065][  0]LogLoad: (Engine Initialization) Total Blueprint compile time: 0.00 seconds
[2025.05.30-17.51.02:136][  0]LogAssetRegistry: Asset discovery search completed in 6.0187 seconds
[2025.05.30-17.51.02:143][  0]LogCollectionManager: Fixed up redirectors for 0 collections in 0.000004 seconds (updated 0 objects)
[2025.05.30-17.51.02:145][  0]LogContentStreaming: Texture pool size now 1000 MB
[2025.05.30-17.51.02:200][  1]LogResonanceAudio: Display: Resonance Audio Listener is initialized
[2025.05.30-17.51.02:235][  2]LogSlate: Took 0.003923 seconds to synchronously load lazily loaded font '../../../Engine/Content/Slate/Fonts/Roboto-Light.ttf' (167K)
[2025.05.30-17.51.03:142][ 10]LogSlate: Took 0.000391 seconds to synchronously load lazily loaded font '../../../Engine/Content/Slate/Fonts/Roboto-Light.ttf' (167K)
[2025.05.30-17.51.47:352][115]LogAssetEditorSubsystem: Opening Asset editor for Blueprint /Game/MyLogic/BPI_Assembly.BPI_Assembly
[2025.05.30-17.51.47:472][115]LogNativeClassHierarchy: Verbose: Native class hierarchy updated for 'BlueprintGraph' in 0.0005 seconds. Added 126 classes and 0 folders.
[2025.05.30-17.51.52:397][369]LogWorld: UWorld::CleanupWorld for World_5, bSessionEnded=true, bCleanupResources=true
[2025.05.30-17.51.52:397][369]LogSlate: InvalidateAllWidgets triggered.  All widgets were invalidated
[2025.05.30-17.51.55:751][431]LogAssetEditorSubsystem: Opening Asset editor for Blueprint /Game/MyLogic/BP_Origin.BP_Origin
[2025.05.30-17.51.56:219][431]LogSlate: Took 0.000150 seconds to synchronously load lazily loaded font '../../../Engine/Content/Slate/Fonts/Roboto-BoldCondensed.ttf' (158K)
[2025.05.30-17.51.56:374][432]LogSlate: Took 0.005766 seconds to synchronously load lazily loaded font '../../../Engine/Content/Slate/Fonts/Roboto-Italic.ttf' (157K)
[2025.05.30-17.54.07:886][821]BlueprintLog: New page: Compile BP_Origin
[2025.05.30-17.54.07:954][821]LogUObjectHash: Compacting FUObjectHashTables data took   2.15ms
[2025.05.30-17.54.08:020][821]LogSlate: Took 0.001950 seconds to synchronously load lazily loaded font '../../../Engine/Content/Slate/Fonts/DroidSansMono.ttf' (77K)
[2025.05.30-17.54.38:979][349]LogAssetEditorSubsystem: Opening Asset editor for WidgetBlueprint /Game/MyLogic/W_Assembly.W_Assembly
[2025.05.30-17.54.57:880][434]LogSlate: Took 0.063196 seconds to synchronously load lazily loaded font '../../../Engine/Content/Slate/Fonts/DroidSansFallback.ttf' (3848K)
[2025.05.30-17.55.53:708][616]LogSlate: Window 'Delete widgets' being destroyed
[2025.05.30-17.56.10:976][644]BlueprintLog: New page: Compile W_Assembly
[2025.05.30-17.56.10:977][644]LogBlueprint: Warning: [AssetLog] D:\Университет\6 семестр\VR\FinalProject\EngiPracrice\Content\MyLogic\W_Assembly.uasset: [Compiler] On Clicked (Button_109)  does not have a valid matching component!
[2025.05.30-17.56.10:978][644]LogBlueprint: Error: [AssetLog] D:\Университет\6 семестр\VR\FinalProject\EngiPracrice\Content\MyLogic\W_Assembly.uasset: [Compiler] This blueprint (self) is not a TextBlock, therefore ' Target ' must have a connection.
[2025.05.30-17.56.11:045][644]LogUObjectHash: Compacting FUObjectHashTables data took   3.03ms
[2025.05.30-17.56.18:457][ 83]BlueprintLog: New page: Compile W_Assembly
[2025.05.30-17.56.18:508][ 83]LogUObjectHash: Compacting FUObjectHashTables data took   2.53ms
[2025.05.30-17.56.27:512][619]LogWindowsTextInputMethodSystem: Display: IME system deactivated.
[2025.05.30-17.56.27:512][619]LogWindowsTextInputMethodSystem: Display: IME system deactivated.
[2025.05.30-17.56.51:338][ 43]BlueprintLog: New page: Compile W_Assembly
[2025.05.30-17.56.51:384][ 43]LogUObjectHash: Compacting FUObjectHashTables data took   2.33ms
[2025.05.30-17.57.17:315][589]LogWindowsTextInputMethodSystem: Display: IME system deactivated.
[2025.05.30-17.57.17:315][589]LogWindowsTextInputMethodSystem: Display: IME system deactivated.
[2025.05.30-17.59.00:872][765]LogWindowsTextInputMethodSystem: Display: IME system deactivated.
[2025.05.30-17.59.00:872][765]LogWindowsTextInputMethodSystem: Display: IME system deactivated.
[2025.05.30-18.01.02:453][  6]LogUObjectHash: Compacting FUObjectHashTables data took   2.63ms
[2025.05.30-18.01.02:473][  6]LogSavePackage: Moving '../../../../Университет/6 семестр/VR/FinalProject/EngiPracrice/Saved/VRTemplateMap_Auto16A5E162B46249475322410B0F51E8AD2.tmp' to '../../../../Университет/6 семестр/VR/FinalProject/EngiPracrice/Saved/Autosaves/Game/VRTemplate/Maps/VRTemplateMap_Auto1.umap'
[2025.05.30-18.01.02:475][  6]LogFileHelpers: Editor autosave (incl. external actors) for '/Game/VRTemplate/Maps/VRTemplateMap' took 0.049
[2025.05.30-18.01.02:475][  6]LogFileHelpers: Editor autosave (incl. sublevels & external actors) for all levels took 0.049
[2025.05.30-18.01.02:475][  6]OBJ SavePackage: Generating thumbnails for [2] asset(s) in package [/Game/MyLogic/BP_Origin] ([2] browsable assets)...
[2025.05.30-18.01.02:497][  6]OBJ SavePackage:     Rendered thumbnail for [Blueprint /Game/MyLogic/BP_Origin.BP_Origin]
[2025.05.30-18.01.02:497][  6]OBJ SavePackage: Finished generating thumbnails for package [/Game/MyLogic/BP_Origin]
[2025.05.30-18.01.02:550][  6]LogSavePackage: Moving '../../../../Университет/6 семестр/VR/FinalProject/EngiPracrice/Saved/BP_Origin_Auto1995AD9664B2C4D5EEF36289FE0EB3E0B.tmp' to '../../../../Университет/6 семестр/VR/FinalProject/EngiPracrice/Saved/Autosaves/Game/MyLogic/BP_Origin_Auto1.uasset'
[2025.05.30-18.01.02:550][  6]OBJ SavePackage: Generating thumbnails for [0] asset(s) in package [/Game/MyLogic/W_Assembly] ([2] browsable assets)...
[2025.05.30-18.01.02:550][  6]OBJ SavePackage: Finished generating thumbnails for package [/Game/MyLogic/W_Assembly]
[2025.05.30-18.01.02:554][  6]LogSavePackage: Moving '../../../../Университет/6 семестр/VR/FinalProject/EngiPracrice/Saved/W_Assembly_Auto1AFD9F56845136CB3F5F53EAB3803BCFC.tmp' to '../../../../Университет/6 семестр/VR/FinalProject/EngiPracrice/Saved/Autosaves/Game/MyLogic/W_Assembly_Auto1.uasset'
[2025.05.30-18.01.02:555][  6]LogFileHelpers: Auto-saving content packages took 0.080
[2025.05.30-18.07.33:424][413]LogWindowsTextInputMethodSystem: Display: IME system deactivated.
[2025.05.30-18.07.33:424][413]LogWindowsTextInputMethodSystem: Display: IME system deactivated.
[2025.05.30-18.10.27:329][780]BlueprintLog: New page: Compile W_Assembly
[2025.05.30-18.10.27:380][780]LogUObjectHash: Compacting FUObjectHashTables data took   2.60ms
[2025.05.30-18.12.38:356][562]LogUObjectHash: Compacting FUObjectHashTables data took   2.87ms
[2025.05.30-18.12.38:357][562]LogFileHelpers: Editor autosave (incl. external actors) for '/Game/VRTemplate/Maps/VRTemplateMap' took 0.028
[2025.05.30-18.12.38:358][562]OBJ SavePackage: Generating thumbnails for [0] asset(s) in package [/Game/MyLogic/W_Assembly] ([2] browsable assets)...
[2025.05.30-18.12.38:358][562]OBJ SavePackage: Finished generating thumbnails for package [/Game/MyLogic/W_Assembly]
[2025.05.30-18.12.38:364][562]LogSavePackage: Moving '../../../../Университет/6 семестр/VR/FinalProject/EngiPracrice/Saved/W_Assembly_Auto29FF4B019467BCB886E42F7864BA96F98.tmp' to '../../../../Университет/6 семестр/VR/FinalProject/EngiPracrice/Saved/Autosaves/Game/MyLogic/W_Assembly_Auto2.uasset'
[2025.05.30-18.12.38:364][562]LogFileHelpers: Auto-saving content packages took 0.007
[2025.05.30-18.12.44:645][935]BlueprintLog: New page: Compile W_Assembly
[2025.05.30-18.12.44:693][935]LogUObjectHash: Compacting FUObjectHashTables data took   2.20ms
[2025.05.30-18.14.00:778][411]LogWindowsTextInputMethodSystem: Display: IME system deactivated.
[2025.05.30-18.14.00:778][411]LogWindowsTextInputMethodSystem: Display: IME system deactivated.
[2025.05.30-18.14.35:765][360]LogAssetEditorSubsystem: Opening Asset editor for WidgetBlueprint /Game/MyLogic/W_3DPrinterUI.W_3DPrinterUI
[2025.05.30-18.15.21:091][963]LogSlate: Took 0.002856 seconds to synchronously load lazily loaded font '../../../Engine/Content/Slate/Fonts/Roboto-BoldCondensedItalic.ttf' (160K)
[2025.05.30-18.17.02:619][ 38]BlueprintLog: New page: Compile W_Assembly
[2025.05.30-18.17.02:681][ 38]LogUObjectHash: Compacting FUObjectHashTables data took   2.84ms
[2025.05.30-18.19.31:791][723]BlueprintLog: New page: Compile W_Assembly
[2025.05.30-18.19.31:855][723]LogUObjectHash: Compacting FUObjectHashTables data took   2.82ms
[2025.05.30-18.19.40:326][139]LogPlayLevel: PlayLevel: No blueprints needed recompiling
[2025.05.30-18.19.40:336][139]PIE: New page: SIE session: VRTemplateMap (31 мая 2025 г., 00:19:40)
[2025.05.30-18.19.40:338][139]LogOnline: OSS: Creating online subsystem instance for: NULL
[2025.05.30-18.19.40:341][139]LogOnline: OSS: TryLoadSubsystemAndSetDefault: Loaded subsystem for module [NULL]
[2025.05.30-18.19.40:344][139]LogPlayLevel: Creating play world package: /Game/VRTemplate/Maps/UEDPIE_0_VRTemplateMap
[2025.05.30-18.19.40:350][139]LogPlayLevel: PIE: StaticDuplicateObject took: (0.006706s)
[2025.05.30-18.19.40:352][139]LogAIModule: Creating AISystem for world VRTemplateMap
[2025.05.30-18.19.40:353][139]LogPlayLevel: PIE: World Init took: (0.002191s)
[2025.05.30-18.19.40:353][139]LogPlayLevel: PIE: Created PIE world by copying editor world from /Game/VRTemplate/Maps/VRTemplateMap.VRTemplateMap to /Game/VRTemplate/Maps/UEDPIE_0_VRTemplateMap.VRTemplateMap (0.009231s)
[2025.05.30-18.19.40:379][139]LogUObjectHash: Compacting FUObjectHashTables data took   2.52ms
[2025.05.30-18.19.40:385][139]LogAudio: Display: Creating Audio Device:                 Id: 2, Scope: Unique, Realtime: True
[2025.05.30-18.19.40:385][139]LogAudioMixer: Display: Audio Mixer Platform Settings:
[2025.05.30-18.19.40:385][139]LogAudioMixer: Display: 	Sample Rate:						  48000
[2025.05.30-18.19.40:385][139]LogAudioMixer: Display: 	Callback Buffer Frame Size Requested: 1024
[2025.05.30-18.19.40:385][139]LogAudioMixer: Display: 	Callback Buffer Frame Size To Use:	  1024
[2025.05.30-18.19.40:385][139]LogAudioMixer: Display: 	Number of buffers to queue:			  1
[2025.05.30-18.19.40:385][139]LogAudioMixer: Display: 	Max Channels (voices):				  0
[2025.05.30-18.19.40:385][139]LogAudioMixer: Display: 	Number of Async Source Workers:		  4
[2025.05.30-18.19.40:385][139]LogAudio: Display: AudioDevice MaxSources: 32
[2025.05.30-18.19.40:385][139]LogAudio: Display: Audio Spatialization Plugin: Resonance Audio is external send: 1
[2025.05.30-18.19.40:385][139]LogAudio: Display: Audio Reverb Plugin: Resonance Audio
[2025.05.30-18.19.40:385][139]LogAudio: Display: Audio Occlusion Plugin: None (built-in).
[2025.05.30-18.19.40:385][139]LogAudioMixer: Display: Initializing audio mixer.
[2025.05.30-18.19.40:440][139]LogAudioMixer: Display: 0: FrontLeft
[2025.05.30-18.19.40:440][139]LogAudioMixer: Display: 1: FrontRight
[2025.05.30-18.19.40:448][139]LogAudioMixer: Display: Using Audio Device Динамики (Cirrus Logic Superior High Definition Audio)
[2025.05.30-18.19.40:448][139]LogAudioMixer: Display: Initializing Sound Submixes...
[2025.05.30-18.19.40:448][139]LogAudioMixer: Display: Creating Master Submix 'MasterSubmixDefault'
[2025.05.30-18.19.40:448][139]LogAudioMixer: Display: Creating Master Submix 'MasterReverbSubmixDefault'
[2025.05.30-18.19.40:449][139]LogAudioMixer: Display: Creating Master Submix 'MasterEQSubmixDefault'
[2025.05.30-18.19.40:449][139]LogAudioMixer: FMixerPlatformXAudio2::StartAudioStream() called
[2025.05.30-18.19.40:449][139]LogAudioMixer: Display: Output buffers initialized: Frames=1024, Channels=2, Samples=2048
[2025.05.30-18.19.40:450][139]LogAudioMixer: Display: Starting AudioMixerPlatformInterface::RunInternal()
[2025.05.30-18.19.40:450][139]LogAudioMixer: Display: FMixerPlatformXAudio2::SubmitBuffer() called for the first time
[2025.05.30-18.19.40:450][139]LogInit: FAudioDevice initialized.
[2025.05.30-18.19.40:450][139]LogAudio: Display: Audio Device (ID: 2) registered with world 'VRTemplateMap'.
[2025.05.30-18.19.40:463][139]LogLoad: Game class is 'VRGameMode_C'
[2025.05.30-18.19.40:466][139]LogWorld: Bringing World /Game/VRTemplate/Maps/UEDPIE_0_VRTemplateMap.VRTemplateMap up for play (max tick rate 60) at 2025.05.30-21.19.40
[2025.05.30-18.19.40:477][139]LogWorld: Bringing up level for play took: 0.013824
[2025.05.30-18.19.40:480][139]LogOnline: OSS: Creating online subsystem instance for: :Context_13
[2025.05.30-18.19.40:486][139]LogGameMode: FindPlayerStart: PATHS NOT DEFINED or NO PLAYERSTART with positive rating
[2025.05.30-18.19.40:492][139]LogSpawn: Warning: SpawnActor failed because no class was specified
[2025.05.30-18.19.40:568][139]LogNativeClassHierarchy: Verbose: Native class hierarchy updated for 'MovieSceneCapture' in 0.0004 seconds. Added 20 classes and 0 folders.
[2025.05.30-18.19.40:582][139]PIE: Server logged in
[2025.05.30-18.19.40:583][139]PIE: Play in editor total start time 0,264 seconds.
[2025.05.30-18.19.40:841][140]LogResonanceAudio: Display: Resonance Audio Listener is initialized
[2025.05.30-18.20.11:624][199]LogEditorViewport: Clicking on Actor (context menu): StaticMeshActor (1M_Cube)
[2025.05.30-18.20.12:980][267]LogEditorViewport: Clicking on Actor (LMB): StaticMeshActor (1M_Cube)
[2025.05.30-18.20.24:146][704]LogSlate: Updating window title bar state: overlay mode, drag disabled, window buttons hidden, title bar hidden
[2025.05.30-18.20.24:146][704]LogWorld: BeginTearingDown for /Game/VRTemplate/Maps/UEDPIE_0_VRTemplateMap
[2025.05.30-18.20.24:147][704]LogWorld: UWorld::CleanupWorld for VRTemplateMap, bSessionEnded=true, bCleanupResources=true
[2025.05.30-18.20.24:148][704]LogSlate: InvalidateAllWidgets triggered.  All widgets were invalidated
[2025.05.30-18.20.24:162][704]LogPlayLevel: Display: Shutting down PIE online subsystems
[2025.05.30-18.20.24:169][704]LogSlate: InvalidateAllWidgets triggered.  All widgets were invalidated
[2025.05.30-18.20.24:208][704]LogAudio: Display: Audio Device unregistered from world 'None'.
[2025.05.30-18.20.24:210][704]LogResonanceAudio: Display: Resonance Audio Listener is shutdown
[2025.05.30-18.20.24:211][704]LogAudioMixer: FMixerPlatformXAudio2::StopAudioStream() called
[2025.05.30-18.20.24:212][704]LogAudioMixer: FMixerPlatformXAudio2::StopAudioStream() called
[2025.05.30-18.20.24:218][704]LogSlate: Updating window title bar state: overlay mode, drag disabled, window buttons hidden, title bar hidden
[2025.05.30-18.20.24:249][704]LogUObjectHash: Compacting FUObjectHashTables data took   4.90ms
[2025.05.30-18.20.24:267][705]LogPlayLevel: Display: Destroying online subsystem :Context_13
[2025.05.30-18.21.07:763][243]BlueprintLog: New page: Compile W_Assembly
[2025.05.30-18.21.07:831][243]LogUObjectHash: Compacting FUObjectHashTables data took   3.56ms
[2025.05.30-18.23.22:732][ 11]LogUObjectHash: Compacting FUObjectHashTables data took   4.04ms
[2025.05.30-18.23.22:734][ 11]LogFileHelpers: Editor autosave (incl. external actors) for '/Game/VRTemplate/Maps/VRTemplateMap' took 0.039
[2025.05.30-18.23.22:734][ 11]OBJ SavePackage: Generating thumbnails for [0] asset(s) in package [/Game/MyLogic/W_Assembly] ([2] browsable assets)...
[2025.05.30-18.23.22:734][ 11]OBJ SavePackage: Finished generating thumbnails for package [/Game/MyLogic/W_Assembly]
[2025.05.30-18.23.22:750][ 11]LogSavePackage: Moving '../../../../Университет/6 семестр/VR/FinalProject/EngiPracrice/Saved/W_Assembly_Auto36AE32E464D20B58F0EB696AA9CBAFBEF.tmp' to '../../../../Университет/6 семестр/VR/FinalProject/EngiPracrice/Saved/Autosaves/Game/MyLogic/W_Assembly_Auto3.uasset'
[2025.05.30-18.23.22:751][ 11]LogFileHelpers: Auto-saving content packages took 0.017
[2025.05.30-18.26.52:964][639]LogWindowsTextInputMethodSystem: Display: IME system deactivated.
[2025.05.30-18.26.52:964][639]LogWindowsTextInputMethodSystem: Display: IME system deactivated.
[2025.05.30-18.29.01:904][821]LogWindowsTextInputMethodSystem: Display: IME system deactivated.
[2025.05.30-18.29.01:904][821]LogWindowsTextInputMethodSystem: Display: IME system deactivated.
[2025.05.30-18.29.06:529][336]BlueprintLog: New page: Compile W_Assembly
[2025.05.30-18.29.06:597][336]LogUObjectHash: Compacting FUObjectHashTables data took   3.62ms
[2025.05.30-18.29.53:199][753]BlueprintLog: New page: Compile W_Assembly
[2025.05.30-18.29.53:268][753]LogUObjectHash: Compacting FUObjectHashTables data took   3.60ms
[2025.05.30-18.29.56:731][135]BlueprintLog: New page: Compile W_Assembly
[2025.05.30-18.29.56:799][135]LogUObjectHash: Compacting FUObjectHashTables data took   3.52ms
[2025.05.30-18.30.33:052][371]BlueprintLog: New page: Compile W_Assembly
[2025.05.30-18.30.33:125][371]LogUObjectHash: Compacting FUObjectHashTables data took   4.60ms
[2025.05.30-18.33.22:846][624]LogUObjectHash: Compacting FUObjectHashTables data took   3.98ms
[2025.05.30-18.33.22:848][624]LogFileHelpers: Editor autosave (incl. external actors) for '/Game/VRTemplate/Maps/VRTemplateMap' took 0.045
[2025.05.30-18.33.22:848][624]OBJ SavePackage: Generating thumbnails for [0] asset(s) in package [/Game/MyLogic/W_Assembly] ([2] browsable assets)...
[2025.05.30-18.33.22:848][624]OBJ SavePackage: Finished generating thumbnails for package [/Game/MyLogic/W_Assembly]
[2025.05.30-18.33.22:878][624]LogSavePackage: Moving '../../../../Университет/6 семестр/VR/FinalProject/EngiPracrice/Saved/W_Assembly_Auto47992D96841549FAF5E62E1BC0D00458F.tmp' to '../../../../Университет/6 семестр/VR/FinalProject/EngiPracrice/Saved/Autosaves/Game/MyLogic/W_Assembly_Auto4.uasset'
[2025.05.30-18.33.22:879][624]LogFileHelpers: Auto-saving content packages took 0.031
[2025.05.30-18.34.28:721][449]BlueprintLog: New page: Compile W_Assembly
[2025.05.30-18.34.28:795][449]LogUObjectHash: Compacting FUObjectHashTables data took   2.92ms
[2025.05.30-18.35.00:285][ 59]BlueprintLog: New page: Compile W_Assembly
[2025.05.30-18.35.00:364][ 59]LogUObjectHash: Compacting FUObjectHashTables data took   3.92ms
[2025.05.30-18.35.18:847][177]BlueprintLog: New page: Compile W_Assembly
[2025.05.30-18.35.18:928][177]LogUObjectHash: Compacting FUObjectHashTables data took   4.16ms
[2025.05.30-18.35.41:628][757]BlueprintLog: New page: Compile W_Assembly
[2025.05.30-18.35.41:706][757]LogUObjectHash: Compacting FUObjectHashTables data took   3.86ms
[2025.05.30-18.36.05:925][554]BlueprintLog: New page: Compile W_Assembly
[2025.05.30-18.36.06:002][554]LogUObjectHash: Compacting FUObjectHashTables data took   3.88ms
[2025.05.30-18.36.11:611][183]Cmd: OBJ SAVEPACKAGE PACKAGE="/Game/MyLogic/W_Assembly" FILE="../../../../Университет/6 семестр/VR/FinalProject/EngiPracrice/Content/MyLogic/W_Assembly.uasset" SILENT=true
[2025.05.30-18.36.11:649][183]LogSavePackage: Moving '../../../../Университет/6 семестр/VR/FinalProject/EngiPracrice/Saved/W_Assembly64F88879442A3B3A333D4BAFF91CBD23.tmp' to '../../../../Университет/6 семестр/VR/FinalProject/EngiPracrice/Content/MyLogic/W_Assembly.uasset'
[2025.05.30-18.36.11:669][183]AssetCheck: New page: Asset Save: W_Assembly
[2025.05.30-18.36.11:669][183]LogContentValidation: Display: Validating WidgetBlueprint /Game/MyLogic/W_Assembly.W_Assembly
[2025.05.30-18.36.14:959][523]Cmd: OBJ SAVEPACKAGE PACKAGE="/Game/MyLogic/BP_Origin" FILE="../../../../Университет/6 семестр/VR/FinalProject/EngiPracrice/Content/MyLogic/BP_Origin.uasset" SILENT=true
[2025.05.30-18.36.15:012][523]LogSavePackage: Moving '../../../../Университет/6 семестр/VR/FinalProject/EngiPracrice/Saved/BP_Origin067C0D7B4D2BC183A4799AAC3D517CFD.tmp' to '../../../../Университет/6 семестр/VR/FinalProject/EngiPracrice/Content/MyLogic/BP_Origin.uasset'
[2025.05.30-18.36.15:037][523]AssetCheck: New page: Asset Save: BP_Origin
[2025.05.30-18.36.15:037][523]LogContentValidation: Display: Validating Blueprint /Game/MyLogic/BP_Origin.BP_Origin
[2025.05.30-18.36.21:082][870]LogPlayLevel: PlayLevel: No blueprints needed recompiling
[2025.05.30-18.36.21:082][870]PIE: New page: SIE session: VRTemplateMap (31 мая 2025 г., 00:36:21)
[2025.05.30-18.36.21:082][870]LogPlayLevel: Creating play world package: /Game/VRTemplate/Maps/UEDPIE_0_VRTemplateMap
[2025.05.30-18.36.21:087][870]LogPlayLevel: PIE: StaticDuplicateObject took: (0.005476s)
[2025.05.30-18.36.21:088][870]LogAIModule: Creating AISystem for world VRTemplateMap
[2025.05.30-18.36.21:089][870]LogPlayLevel: PIE: World Init took: (0.001158s)
[2025.05.30-18.36.21:089][870]LogPlayLevel: PIE: Created PIE world by copying editor world from /Game/VRTemplate/Maps/VRTemplateMap.VRTemplateMap to /Game/VRTemplate/Maps/UEDPIE_0_VRTemplateMap.VRTemplateMap (0.006775s)
[2025.05.30-18.36.21:126][870]LogUObjectHash: Compacting FUObjectHashTables data took   3.86ms
[2025.05.30-18.36.21:128][870]LogAudio: Display: Creating Audio Device:                 Id: 3, Scope: Unique, Realtime: True
[2025.05.30-18.36.21:128][870]LogAudioMixer: Display: Audio Mixer Platform Settings:
[2025.05.30-18.36.21:128][870]LogAudioMixer: Display: 	Sample Rate:						  48000
[2025.05.30-18.36.21:128][870]LogAudioMixer: Display: 	Callback Buffer Frame Size Requested: 1024
[2025.05.30-18.36.21:128][870]LogAudioMixer: Display: 	Callback Buffer Frame Size To Use:	  1024
[2025.05.30-18.36.21:128][870]LogAudioMixer: Display: 	Number of buffers to queue:			  1
[2025.05.30-18.36.21:128][870]LogAudioMixer: Display: 	Max Channels (voices):				  0
[2025.05.30-18.36.21:128][870]LogAudioMixer: Display: 	Number of Async Source Workers:		  4
[2025.05.30-18.36.21:128][870]LogAudio: Display: AudioDevice MaxSources: 32
[2025.05.30-18.36.21:129][870]LogAudio: Display: Audio Spatialization Plugin: Resonance Audio is external send: 1
[2025.05.30-18.36.21:129][870]LogAudio: Display: Audio Reverb Plugin: Resonance Audio
[2025.05.30-18.36.21:129][870]LogAudio: Display: Audio Occlusion Plugin: None (built-in).
[2025.05.30-18.36.21:129][870]LogAudioMixer: Display: Initializing audio mixer.
[2025.05.30-18.36.21:131][870]LogAudioMixer: Display: 0: FrontLeft
[2025.05.30-18.36.21:131][870]LogAudioMixer: Display: 1: FrontRight
[2025.05.30-18.36.21:139][870]LogAudioMixer: Display: Using Audio Device Динамики (Cirrus Logic Superior High Definition Audio)
[2025.05.30-18.36.21:139][870]LogAudioMixer: Display: Initializing Sound Submixes...
[2025.05.30-18.36.21:139][870]LogAudioMixer: Display: Creating Master Submix 'MasterSubmixDefault'
[2025.05.30-18.36.21:139][870]LogAudioMixer: Display: Creating Master Submix 'MasterReverbSubmixDefault'
[2025.05.30-18.36.21:140][870]LogAudioMixer: Display: Creating Master Submix 'MasterEQSubmixDefault'
[2025.05.30-18.36.21:140][870]LogAudioMixer: FMixerPlatformXAudio2::StartAudioStream() called
[2025.05.30-18.36.21:140][870]LogAudioMixer: Display: Output buffers initialized: Frames=1024, Channels=2, Samples=2048
[2025.05.30-18.36.21:141][870]LogAudioMixer: Display: Starting AudioMixerPlatformInterface::RunInternal()
[2025.05.30-18.36.21:141][870]LogAudioMixer: Display: FMixerPlatformXAudio2::SubmitBuffer() called for the first time
[2025.05.30-18.36.21:141][870]LogInit: FAudioDevice initialized.
[2025.05.30-18.36.21:141][870]LogAudio: Display: Audio Device (ID: 3) registered with world 'VRTemplateMap'.
[2025.05.30-18.36.21:146][870]LogLoad: Game class is 'VRGameMode_C'
[2025.05.30-18.36.21:150][870]LogWorld: Bringing World /Game/VRTemplate/Maps/UEDPIE_0_VRTemplateMap.VRTemplateMap up for play (max tick rate 0) at 2025.05.30-21.36.21
[2025.05.30-18.36.21:150][870]LogWorld: Bringing up level for play took: 0.002746
[2025.05.30-18.36.21:151][870]LogOnline: OSS: Creating online subsystem instance for: :Context_15
[2025.05.30-18.36.21:152][870]LogGameMode: FindPlayerStart: PATHS NOT DEFINED or NO PLAYERSTART with positive rating
[2025.05.30-18.36.21:152][870]LogSpawn: Warning: SpawnActor failed because no class was specified
[2025.05.30-18.36.21:154][870]PIE: Server logged in
[2025.05.30-18.36.21:154][870]PIE: Play in editor total start time 0,073 seconds.
[2025.05.30-18.36.21:164][870]LogResonanceAudio: Display: Resonance Audio Listener is initialized
[2025.05.30-18.37.58:962][413]LogSlate: Updating window title bar state: overlay mode, drag disabled, window buttons hidden, title bar hidden
[2025.05.30-18.37.58:962][413]LogWorld: BeginTearingDown for /Game/VRTemplate/Maps/UEDPIE_0_VRTemplateMap
[2025.05.30-18.37.58:962][413]LogWorld: UWorld::CleanupWorld for VRTemplateMap, bSessionEnded=true, bCleanupResources=true
[2025.05.30-18.37.58:963][413]LogSlate: InvalidateAllWidgets triggered.  All widgets were invalidated
[2025.05.30-18.37.58:976][413]LogPlayLevel: Display: Shutting down PIE online subsystems
[2025.05.30-18.37.58:984][413]LogSlate: InvalidateAllWidgets triggered.  All widgets were invalidated
[2025.05.30-18.37.59:019][413]LogAudio: Display: Audio Device unregistered from world 'None'.
[2025.05.30-18.37.59:019][413]LogResonanceAudio: Display: Resonance Audio Listener is shutdown
[2025.05.30-18.37.59:019][413]LogAudioMixer: FMixerPlatformXAudio2::StopAudioStream() called
[2025.05.30-18.37.59:020][413]LogAudioMixer: FMixerPlatformXAudio2::StopAudioStream() called
[2025.05.30-18.37.59:023][413]LogSlate: Updating window title bar state: overlay mode, drag disabled, window buttons hidden, title bar hidden
[2025.05.30-18.37.59:028][413]LogUObjectHash: Compacting FUObjectHashTables data took   3.83ms
[2025.05.30-18.37.59:048][414]LogPlayLevel: Display: Destroying online subsystem :Context_15
[2025.05.30-18.41.02:833][304]BlueprintLog: New page: Compile BP_Origin
[2025.05.30-18.41.02:929][304]LogUObjectHash: Compacting FUObjectHashTables data took   4.16ms
[2025.05.30-18.41.09:152][818]LogPlayLevel: PlayLevel: No blueprints needed recompiling
[2025.05.30-18.41.09:153][818]PIE: New page: SIE session: VRTemplateMap (31 мая 2025 г., 00:41:09)
[2025.05.30-18.41.09:153][818]LogPlayLevel: Creating play world package: /Game/VRTemplate/Maps/UEDPIE_0_VRTemplateMap
[2025.05.30-18.41.09:158][818]LogPlayLevel: PIE: StaticDuplicateObject took: (0.005010s)
[2025.05.30-18.41.09:158][818]LogAIModule: Creating AISystem for world VRTemplateMap
[2025.05.30-18.41.09:159][818]LogPlayLevel: PIE: World Init took: (0.000963s)
[2025.05.30-18.41.09:159][818]LogPlayLevel: PIE: Created PIE world by copying editor world from /Game/VRTemplate/Maps/VRTemplateMap.VRTemplateMap to /Game/VRTemplate/Maps/UEDPIE_0_VRTemplateMap.VRTemplateMap (0.006096s)
[2025.05.30-18.41.09:195][818]LogUObjectHash: Compacting FUObjectHashTables data took   3.87ms
[2025.05.30-18.41.09:197][818]LogAudio: Display: Creating Audio Device:                 Id: 4, Scope: Unique, Realtime: True
[2025.05.30-18.41.09:198][818]LogAudioMixer: Display: Audio Mixer Platform Settings:
[2025.05.30-18.41.09:198][818]LogAudioMixer: Display: 	Sample Rate:						  48000
[2025.05.30-18.41.09:198][818]LogAudioMixer: Display: 	Callback Buffer Frame Size Requested: 1024
[2025.05.30-18.41.09:198][818]LogAudioMixer: Display: 	Callback Buffer Frame Size To Use:	  1024
[2025.05.30-18.41.09:198][818]LogAudioMixer: Display: 	Number of buffers to queue:			  1
[2025.05.30-18.41.09:198][818]LogAudioMixer: Display: 	Max Channels (voices):				  0
[2025.05.30-18.41.09:198][818]LogAudioMixer: Display: 	Number of Async Source Workers:		  4
[2025.05.30-18.41.09:198][818]LogAudio: Display: AudioDevice MaxSources: 32
[2025.05.30-18.41.09:198][818]LogAudio: Display: Audio Spatialization Plugin: Resonance Audio is external send: 1
[2025.05.30-18.41.09:198][818]LogAudio: Display: Audio Reverb Plugin: Resonance Audio
[2025.05.30-18.41.09:198][818]LogAudio: Display: Audio Occlusion Plugin: None (built-in).
[2025.05.30-18.41.09:198][818]LogAudioMixer: Display: Initializing audio mixer.
[2025.05.30-18.41.09:200][818]LogAudioMixer: Display: 0: FrontLeft
[2025.05.30-18.41.09:200][818]LogAudioMixer: Display: 1: FrontRight
[2025.05.30-18.41.09:208][818]LogAudioMixer: Display: Using Audio Device Динамики (Cirrus Logic Superior High Definition Audio)
[2025.05.30-18.41.09:208][818]LogAudioMixer: Display: Initializing Sound Submixes...
[2025.05.30-18.41.09:208][818]LogAudioMixer: Display: Creating Master Submix 'MasterSubmixDefault'
[2025.05.30-18.41.09:208][818]LogAudioMixer: Display: Creating Master Submix 'MasterReverbSubmixDefault'
[2025.05.30-18.41.09:209][818]LogAudioMixer: Display: Creating Master Submix 'MasterEQSubmixDefault'
[2025.05.30-18.41.09:209][818]LogAudioMixer: FMixerPlatformXAudio2::StartAudioStream() called
[2025.05.30-18.41.09:209][818]LogAudioMixer: Display: Output buffers initialized: Frames=1024, Channels=2, Samples=2048
[2025.05.30-18.41.09:209][818]LogAudioMixer: Display: Starting AudioMixerPlatformInterface::RunInternal()
[2025.05.30-18.41.09:209][818]LogAudioMixer: Display: FMixerPlatformXAudio2::SubmitBuffer() called for the first time
[2025.05.30-18.41.09:210][818]LogInit: FAudioDevice initialized.
[2025.05.30-18.41.09:210][818]LogAudio: Display: Audio Device (ID: 4) registered with world 'VRTemplateMap'.
[2025.05.30-18.41.09:222][818]LogLoad: Game class is 'VRGameMode_C'
[2025.05.30-18.41.09:224][818]LogWorld: Bringing World /Game/VRTemplate/Maps/UEDPIE_0_VRTemplateMap.VRTemplateMap up for play (max tick rate 0) at 2025.05.30-21.41.09
[2025.05.30-18.41.09:225][818]LogWorld: Bringing up level for play took: 0.002793
[2025.05.30-18.41.09:225][818]LogOnline: OSS: Creating online subsystem instance for: :Context_16
[2025.05.30-18.41.09:226][818]LogGameMode: FindPlayerStart: PATHS NOT DEFINED or NO PLAYERSTART with positive rating
[2025.05.30-18.41.09:227][818]LogSpawn: Warning: SpawnActor failed because no class was specified
[2025.05.30-18.41.09:228][818]PIE: Server logged in
[2025.05.30-18.41.09:229][818]PIE: Play in editor total start time 0,077 seconds.
[2025.05.30-18.41.09:238][818]LogResonanceAudio: Display: Resonance Audio Listener is initialized
[2025.05.30-18.41.17:255][ 50]LogEditorViewport: Clicking on Actor (LMB): BP_PrintedParts_C (BP_PrintedParts3)
[2025.05.30-18.41.18:917][ 97]LogBlueprintUserMessages: [BP_Origin_2] Текущее количество ошибок1. Нееверная установка компонента
[2025.05.30-18.41.22:926][216]LogBlueprintUserMessages: [BP_Origin_2] Текущее количество ошибок2. Нееверная установка компонента
[2025.05.30-18.41.26:740][329]LogBlueprintUserMessages: [BP_Origin_2] Текущее количество ошибок3. Нееверная установка компонента
[2025.05.30-18.41.29:933][424]LogBlueprintUserMessages: [BP_Origin_2] Текущее количество ошибок4. Нееверная установка компонента
[2025.05.30-18.41.33:251][523]LogBlueprintUserMessages: [BP_Origin_2] Текущее количество ошибок5. Нееверная установка компонента
[2025.05.30-18.41.36:153][609]LogBlueprintUserMessages: [BP_Origin_2] Текущее количество ошибок6. Нееверная установка компонента
[2025.05.30-18.41.42:340][ 23]LogSlate: Updating window title bar state: overlay mode, drag disabled, window buttons hidden, title bar hidden
[2025.05.30-18.41.42:340][ 23]LogWorld: BeginTearingDown for /Game/VRTemplate/Maps/UEDPIE_0_VRTemplateMap
[2025.05.30-18.41.42:341][ 23]LogWorld: UWorld::CleanupWorld for VRTemplateMap, bSessionEnded=true, bCleanupResources=true
[2025.05.30-18.41.42:341][ 23]LogSlate: InvalidateAllWidgets triggered.  All widgets were invalidated
[2025.05.30-18.41.42:351][ 23]LogPlayLevel: Display: Shutting down PIE online subsystems
[2025.05.30-18.41.42:361][ 23]LogSlate: InvalidateAllWidgets triggered.  All widgets were invalidated
[2025.05.30-18.41.42:392][ 23]LogAudio: Display: Audio Device unregistered from world 'None'.
[2025.05.30-18.41.42:392][ 23]LogResonanceAudio: Display: Resonance Audio Listener is shutdown
[2025.05.30-18.41.42:392][ 23]LogAudioMixer: FMixerPlatformXAudio2::StopAudioStream() called
[2025.05.30-18.41.42:394][ 23]LogAudioMixer: FMixerPlatformXAudio2::StopAudioStream() called
[2025.05.30-18.41.42:396][ 23]LogSlate: Updating window title bar state: overlay mode, drag disabled, window buttons hidden, title bar hidden
[2025.05.30-18.41.42:402][ 23]LogUObjectHash: Compacting FUObjectHashTables data took   2.87ms
[2025.05.30-18.41.42:437][ 26]LogPlayLevel: Display: Destroying online subsystem :Context_16
[2025.05.30-18.42.41:759][532]BlueprintLog: New page: Compile BP_Origin
[2025.05.30-18.42.41:848][532]LogUObjectHash: Compacting FUObjectHashTables data took   3.24ms
[2025.05.30-18.42.43:600][708]Cmd: OBJ SAVEPACKAGE PACKAGE="/Game/MyLogic/BP_Origin" FILE="../../../../Университет/6 семестр/VR/FinalProject/EngiPracrice/Content/MyLogic/BP_Origin.uasset" SILENT=true
[2025.05.30-18.42.43:660][708]LogSavePackage: Moving '../../../../Университет/6 семестр/VR/FinalProject/EngiPracrice/Saved/BP_Origin9E1EF8B64B7D8BB6EC9089960E5BED53.tmp' to '../../../../Университет/6 семестр/VR/FinalProject/EngiPracrice/Content/MyLogic/BP_Origin.uasset'
[2025.05.30-18.42.43:678][708]AssetCheck: New page: Asset Save: BP_Origin
[2025.05.30-18.42.43:678][708]LogContentValidation: Display: Validating Blueprint /Game/MyLogic/BP_Origin.BP_Origin
[2025.05.30-18.42.55:470][  7]BlueprintLog: New page: Compile BP_Origin
[2025.05.30-18.42.55:560][  7]LogUObjectHash: Compacting FUObjectHashTables data took   4.07ms
[2025.05.30-18.42.56:265][ 62]Cmd: OBJ SAVEPACKAGE PACKAGE="/Game/MyLogic/BP_Origin" FILE="../../../../Университет/6 семестр/VR/FinalProject/EngiPracrice/Content/MyLogic/BP_Origin.uasset" SILENT=true
[2025.05.30-18.42.56:325][ 62]LogSavePackage: Moving '../../../../Университет/6 семестр/VR/FinalProject/EngiPracrice/Saved/BP_Origin143C499E4ECF139D57941D84162D5806.tmp' to '../../../../Университет/6 семестр/VR/FinalProject/EngiPracrice/Content/MyLogic/BP_Origin.uasset'
[2025.05.30-18.42.56:343][ 62]AssetCheck: New page: Asset Save: BP_Origin
[2025.05.30-18.42.56:344][ 62]LogContentValidation: Display: Validating Blueprint /Game/MyLogic/BP_Origin.BP_Origin
[2025.05.30-18.43.01:067][249]LogPlayLevel: PlayLevel: No blueprints needed recompiling
[2025.05.30-18.43.01:067][249]PIE: New page: SIE session: VRTemplateMap (31 мая 2025 г., 00:43:01)
[2025.05.30-18.43.01:067][249]LogPlayLevel: Creating play world package: /Game/VRTemplate/Maps/UEDPIE_0_VRTemplateMap
[2025.05.30-18.43.01:076][249]LogPlayLevel: PIE: StaticDuplicateObject took: (0.009036s)
[2025.05.30-18.43.01:077][249]LogAIModule: Creating AISystem for world VRTemplateMap
[2025.05.30-18.43.01:077][249]LogPlayLevel: PIE: World Init took: (0.001443s)
[2025.05.30-18.43.01:078][249]LogPlayLevel: PIE: Created PIE world by copying editor world from /Game/VRTemplate/Maps/VRTemplateMap.VRTemplateMap to /Game/VRTemplate/Maps/UEDPIE_0_VRTemplateMap.VRTemplateMap (0.010662s)
[2025.05.30-18.43.01:116][249]LogUObjectHash: Compacting FUObjectHashTables data took   4.32ms
[2025.05.30-18.43.01:118][249]LogAudio: Display: Creating Audio Device:                 Id: 5, Scope: Unique, Realtime: True
[2025.05.30-18.43.01:118][249]LogAudioMixer: Display: Audio Mixer Platform Settings:
[2025.05.30-18.43.01:118][249]LogAudioMixer: Display: 	Sample Rate:						  48000
[2025.05.30-18.43.01:118][249]LogAudioMixer: Display: 	Callback Buffer Frame Size Requested: 1024
[2025.05.30-18.43.01:118][249]LogAudioMixer: Display: 	Callback Buffer Frame Size To Use:	  1024
[2025.05.30-18.43.01:118][249]LogAudioMixer: Display: 	Number of buffers to queue:			  1
[2025.05.30-18.43.01:118][249]LogAudioMixer: Display: 	Max Channels (voices):				  0
[2025.05.30-18.43.01:118][249]LogAudioMixer: Display: 	Number of Async Source Workers:		  4
[2025.05.30-18.43.01:118][249]LogAudio: Display: AudioDevice MaxSources: 32
[2025.05.30-18.43.01:118][249]LogAudio: Display: Audio Spatialization Plugin: Resonance Audio is external send: 1
[2025.05.30-18.43.01:118][249]LogAudio: Display: Audio Reverb Plugin: Resonance Audio
[2025.05.30-18.43.01:119][249]LogAudio: Display: Audio Occlusion Plugin: None (built-in).
[2025.05.30-18.43.01:119][249]LogAudioMixer: Display: Initializing audio mixer.
[2025.05.30-18.43.01:121][249]LogAudioMixer: Display: 0: FrontLeft
[2025.05.30-18.43.01:121][249]LogAudioMixer: Display: 1: FrontRight
[2025.05.30-18.43.01:128][249]LogAudioMixer: Display: Using Audio Device Динамики (Cirrus Logic Superior High Definition Audio)
[2025.05.30-18.43.01:129][249]LogAudioMixer: Display: Initializing Sound Submixes...
[2025.05.30-18.43.01:129][249]LogAudioMixer: Display: Creating Master Submix 'MasterSubmixDefault'
[2025.05.30-18.43.01:129][249]LogAudioMixer: Display: Creating Master Submix 'MasterReverbSubmixDefault'
[2025.05.30-18.43.01:129][249]LogAudioMixer: Display: Creating Master Submix 'MasterEQSubmixDefault'
[2025.05.30-18.43.01:129][249]LogAudioMixer: FMixerPlatformXAudio2::StartAudioStream() called
[2025.05.30-18.43.01:129][249]LogAudioMixer: Display: Output buffers initialized: Frames=1024, Channels=2, Samples=2048
[2025.05.30-18.43.01:130][249]LogAudioMixer: Display: Starting AudioMixerPlatformInterface::RunInternal()
[2025.05.30-18.43.01:130][249]LogAudioMixer: Display: FMixerPlatformXAudio2::SubmitBuffer() called for the first time
[2025.05.30-18.43.01:130][249]LogInit: FAudioDevice initialized.
[2025.05.30-18.43.01:130][249]LogAudio: Display: Audio Device (ID: 5) registered with world 'VRTemplateMap'.
[2025.05.30-18.43.01:141][249]LogLoad: Game class is 'VRGameMode_C'
[2025.05.30-18.43.01:145][249]LogWorld: Bringing World /Game/VRTemplate/Maps/UEDPIE_0_VRTemplateMap.VRTemplateMap up for play (max tick rate 0) at 2025.05.30-21.43.01
[2025.05.30-18.43.01:145][249]LogWorld: Bringing up level for play took: 0.002486
[2025.05.30-18.43.01:145][249]LogOnline: OSS: Creating online subsystem instance for: :Context_17
[2025.05.30-18.43.01:147][249]LogGameMode: FindPlayerStart: PATHS NOT DEFINED or NO PLAYERSTART with positive rating
[2025.05.30-18.43.01:147][249]LogSpawn: Warning: SpawnActor failed because no class was specified
[2025.05.30-18.43.01:149][249]PIE: Server logged in
[2025.05.30-18.43.01:150][249]PIE: Play in editor total start time 0,084 seconds.
[2025.05.30-18.43.01:165][249]LogResonanceAudio: Display: Resonance Audio Listener is initialized
[2025.05.30-18.43.04:082][321]LogEditorViewport: Clicking on Actor (LMB): BP_PrintedParts_C (BP_PrintedParts3)
[2025.05.30-18.43.06:226][380]LogBlueprintUserMessages: [BP_Origin_2] Текущее количество ошибок:1. Нееверная установка компонента.
[2025.05.30-18.43.09:480][476]LogBlueprintUserMessages: [BP_Origin_2] Текущее количество ошибок:2. Нееверная установка компонента.
[2025.05.30-18.43.11:700][536]LogSlate: Updating window title bar state: overlay mode, drag disabled, window buttons hidden, title bar hidden
[2025.05.30-18.43.11:702][536]LogWorld: BeginTearingDown for /Game/VRTemplate/Maps/UEDPIE_0_VRTemplateMap
[2025.05.30-18.43.11:703][536]LogWorld: UWorld::CleanupWorld for VRTemplateMap, bSessionEnded=true, bCleanupResources=true
[2025.05.30-18.43.11:703][536]LogSlate: InvalidateAllWidgets triggered.  All widgets were invalidated
[2025.05.30-18.43.11:716][536]LogPlayLevel: Display: Shutting down PIE online subsystems
[2025.05.30-18.43.11:728][536]LogSlate: InvalidateAllWidgets triggered.  All widgets were invalidated
[2025.05.30-18.43.11:763][536]LogAudio: Display: Audio Device unregistered from world 'None'.
[2025.05.30-18.43.11:764][536]LogResonanceAudio: Display: Resonance Audio Listener is shutdown
[2025.05.30-18.43.11:764][536]LogAudioMixer: FMixerPlatformXAudio2::StopAudioStream() called
[2025.05.30-18.43.11:765][536]LogAudioMixer: FMixerPlatformXAudio2::StopAudioStream() called
[2025.05.30-18.43.11:766][536]LogSlate: Updating window title bar state: overlay mode, drag disabled, window buttons hidden, title bar hidden
[2025.05.30-18.43.11:772][536]LogUObjectHash: Compacting FUObjectHashTables data took   3.17ms
[2025.05.30-18.43.11:796][537]LogPlayLevel: Display: Destroying online subsystem :Context_17
[2025.05.30-18.43.27:542][ 47]LogPlayLevel: PlayLevel: No blueprints needed recompiling
[2025.05.30-18.43.27:542][ 47]PIE: New page: SIE session: VRTemplateMap (31 мая 2025 г., 00:43:27)
[2025.05.30-18.43.27:542][ 47]LogPlayLevel: Creating play world package: /Game/VRTemplate/Maps/UEDPIE_0_VRTemplateMap
[2025.05.30-18.43.27:547][ 47]LogPlayLevel: PIE: StaticDuplicateObject took: (0.004992s)
[2025.05.30-18.43.27:548][ 47]LogAIModule: Creating AISystem for world VRTemplateMap
[2025.05.30-18.43.27:550][ 47]LogPlayLevel: PIE: World Init took: (0.003021s)
[2025.05.30-18.43.27:550][ 47]LogPlayLevel: PIE: Created PIE world by copying editor world from /Game/VRTemplate/Maps/VRTemplateMap.VRTemplateMap to /Game/VRTemplate/Maps/UEDPIE_0_VRTemplateMap.VRTemplateMap (0.008172s)
[2025.05.30-18.43.27:585][ 47]LogUObjectHash: Compacting FUObjectHashTables data took   2.84ms
[2025.05.30-18.43.27:587][ 47]LogAudio: Display: Creating Audio Device:                 Id: 6, Scope: Unique, Realtime: True
[2025.05.30-18.43.27:587][ 47]LogAudioMixer: Display: Audio Mixer Platform Settings:
[2025.05.30-18.43.27:587][ 47]LogAudioMixer: Display: 	Sample Rate:						  48000
[2025.05.30-18.43.27:587][ 47]LogAudioMixer: Display: 	Callback Buffer Frame Size Requested: 1024
[2025.05.30-18.43.27:587][ 47]LogAudioMixer: Display: 	Callback Buffer Frame Size To Use:	  1024
[2025.05.30-18.43.27:587][ 47]LogAudioMixer: Display: 	Number of buffers to queue:			  1
[2025.05.30-18.43.27:587][ 47]LogAudioMixer: Display: 	Max Channels (voices):				  0
[2025.05.30-18.43.27:587][ 47]LogAudioMixer: Display: 	Number of Async Source Workers:		  4
[2025.05.30-18.43.27:587][ 47]LogAudio: Display: AudioDevice MaxSources: 32
[2025.05.30-18.43.27:587][ 47]LogAudio: Display: Audio Spatialization Plugin: Resonance Audio is external send: 1
[2025.05.30-18.43.27:587][ 47]LogAudio: Display: Audio Reverb Plugin: Resonance Audio
[2025.05.30-18.43.27:587][ 47]LogAudio: Display: Audio Occlusion Plugin: None (built-in).
[2025.05.30-18.43.27:587][ 47]LogAudioMixer: Display: Initializing audio mixer.
[2025.05.30-18.43.27:590][ 47]LogAudioMixer: Display: 0: FrontLeft
[2025.05.30-18.43.27:590][ 47]LogAudioMixer: Display: 1: FrontRight
[2025.05.30-18.43.27:596][ 47]LogAudioMixer: Display: Using Audio Device Динамики (Cirrus Logic Superior High Definition Audio)
[2025.05.30-18.43.27:597][ 47]LogAudioMixer: Display: Initializing Sound Submixes...
[2025.05.30-18.43.27:597][ 47]LogAudioMixer: Display: Creating Master Submix 'MasterSubmixDefault'
[2025.05.30-18.43.27:598][ 47]LogAudioMixer: Display: Creating Master Submix 'MasterReverbSubmixDefault'
[2025.05.30-18.43.27:598][ 47]LogAudioMixer: Display: Creating Master Submix 'MasterEQSubmixDefault'
[2025.05.30-18.43.27:598][ 47]LogAudioMixer: FMixerPlatformXAudio2::StartAudioStream() called
[2025.05.30-18.43.27:598][ 47]LogAudioMixer: Display: Output buffers initialized: Frames=1024, Channels=2, Samples=2048
[2025.05.30-18.43.27:599][ 47]LogAudioMixer: Display: Starting AudioMixerPlatformInterface::RunInternal()
[2025.05.30-18.43.27:599][ 47]LogAudioMixer: Display: FMixerPlatformXAudio2::SubmitBuffer() called for the first time
[2025.05.30-18.43.27:599][ 47]LogInit: FAudioDevice initialized.
[2025.05.30-18.43.27:599][ 47]LogAudio: Display: Audio Device (ID: 6) registered with world 'VRTemplateMap'.
[2025.05.30-18.43.27:608][ 47]LogLoad: Game class is 'VRGameMode_C'
[2025.05.30-18.43.27:611][ 47]LogWorld: Bringing World /Game/VRTemplate/Maps/UEDPIE_0_VRTemplateMap.VRTemplateMap up for play (max tick rate 0) at 2025.05.30-21.43.27
[2025.05.30-18.43.27:612][ 47]LogWorld: Bringing up level for play took: 0.002194
[2025.05.30-18.43.27:612][ 47]LogOnline: OSS: Creating online subsystem instance for: :Context_18
[2025.05.30-18.43.27:613][ 47]LogGameMode: FindPlayerStart: PATHS NOT DEFINED or NO PLAYERSTART with positive rating
[2025.05.30-18.43.27:614][ 47]LogSpawn: Warning: SpawnActor failed because no class was specified
[2025.05.30-18.43.27:615][ 47]PIE: Server logged in
[2025.05.30-18.43.27:616][ 47]PIE: Play in editor total start time 0,075 seconds.
[2025.05.30-18.43.27:629][ 47]LogResonanceAudio: Display: Resonance Audio Listener is initialized
[2025.05.30-18.43.29:591][106]LogSlate: Updating window title bar state: overlay mode, drag disabled, window buttons hidden, title bar hidden
[2025.05.30-18.43.29:591][106]LogWorld: BeginTearingDown for /Game/VRTemplate/Maps/UEDPIE_0_VRTemplateMap
[2025.05.30-18.43.29:592][106]LogWorld: UWorld::CleanupWorld for VRTemplateMap, bSessionEnded=true, bCleanupResources=true
[2025.05.30-18.43.29:592][106]LogSlate: InvalidateAllWidgets triggered.  All widgets were invalidated
[2025.05.30-18.43.29:600][106]LogPlayLevel: Display: Shutting down PIE online subsystems
[2025.05.30-18.43.29:612][106]LogSlate: InvalidateAllWidgets triggered.  All widgets were invalidated
[2025.05.30-18.43.29:650][106]LogAudio: Display: Audio Device unregistered from world 'None'.
[2025.05.30-18.43.29:650][106]LogResonanceAudio: Display: Resonance Audio Listener is shutdown
[2025.05.30-18.43.29:651][106]LogAudioMixer: FMixerPlatformXAudio2::StopAudioStream() called
[2025.05.30-18.43.29:652][106]LogAudioMixer: FMixerPlatformXAudio2::StopAudioStream() called
[2025.05.30-18.43.29:654][106]LogSlate: Updating window title bar state: overlay mode, drag disabled, window buttons hidden, title bar hidden
[2025.05.30-18.43.29:659][106]LogUObjectHash: Compacting FUObjectHashTables data took   3.26ms
[2025.05.30-18.43.29:685][107]LogPlayLevel: Display: Destroying online subsystem :Context_18
[2025.05.30-18.43.32:118][183]LogUObjectHash: Compacting FUObjectHashTables data took   3.10ms
[2025.05.30-18.43.34:065][183]LogSlate: Window 'Save Content' being destroyed
[2025.05.30-18.43.34:116][183]LogUObjectHash: Compacting FUObjectHashTables data took   0.65ms
[2025.05.30-18.43.34:131][183]LogSavePackage: Moving '../../../../Университет/6 семестр/VR/FinalProject/EngiPracrice/Saved/VRTemplateMap4E4BB26C4DF9A43480239784F4018BD0.tmp' to '../../../../Университет/6 семестр/VR/FinalProject/EngiPracrice/Content/VRTemplate/Maps/VRTemplateMap.umap'
[2025.05.30-18.43.34:147][183]LogFileHelpers: Saving map 'VRTemplateMap' took 0.061
[2025.05.30-18.43.34:210][183]LogWorld: UWorld::CleanupWorld for World_6, bSessionEnded=true, bCleanupResources=true
[2025.05.30-18.43.34:210][183]LogSlate: InvalidateAllWidgets triggered.  All widgets were invalidated
[2025.05.30-18.43.34:289][183]LogWorld: UWorld::CleanupWorld for World_9, bSessionEnded=true, bCleanupResources=true
[2025.05.30-18.43.34:289][183]LogSlate: InvalidateAllWidgets triggered.  All widgets were invalidated
[2025.05.30-18.43.34:298][183]LogWorld: UWorld::CleanupWorld for World_8, bSessionEnded=true, bCleanupResources=true
[2025.05.30-18.43.34:298][183]LogSlate: InvalidateAllWidgets triggered.  All widgets were invalidated
[2025.05.30-18.43.34:342][183]LogWorld: UWorld::CleanupWorld for World_11, bSessionEnded=true, bCleanupResources=true
[2025.05.30-18.43.34:342][183]LogSlate: InvalidateAllWidgets triggered.  All widgets were invalidated
[2025.05.30-18.43.34:350][183]LogWorld: UWorld::CleanupWorld for World_10, bSessionEnded=true, bCleanupResources=true
[2025.05.30-18.43.34:350][183]LogSlate: InvalidateAllWidgets triggered.  All widgets were invalidated
[2025.05.30-18.43.34:428][183]LogSlate: Window 'EngiPracrice - Unreal Editor' being destroyed
[2025.05.30-18.43.34:542][183]AssetCheck: New page: Asset Save: VRTemplateMap
[2025.05.30-18.43.34:542][183]LogContentValidation: Display: Validating World /Game/VRTemplate/Maps/VRTemplateMap.VRTemplateMap
[2025.05.30-18.43.34:542][184]Cmd: QUIT_EDITOR
[2025.05.30-18.43.34:542][184]LogCore: Engine exit requested (reason: UUnrealEdEngine::CloseEditor())
[2025.05.30-18.43.34:545][184]LogCore: Engine exit requested (reason: EngineExit() was called; note: exit was already requested)
[2025.05.30-18.43.34:668][184]LogAudio: Display: Beginning Audio Device Manager Shutdown (Module: AudioMixerXAudio2)...
[2025.05.30-18.43.34:668][184]LogAudio: Display: Destroying 1 Remaining Audio Device(s)...
[2025.05.30-18.43.34:668][184]LogAudio: Display: Audio Device unregistered from world 'VRTemplateMap'.
[2025.05.30-18.43.34:668][184]LogResonanceAudio: Display: Resonance Audio Listener is shutdown
[2025.05.30-18.43.34:668][184]LogAudioMixer: FMixerPlatformXAudio2::StopAudioStream() called
[2025.05.30-18.43.34:670][184]LogAudioMixer: FMixerPlatformXAudio2::StopAudioStream() called
[2025.05.30-18.43.34:679][184]LogAudio: Display: Audio Device Manager Shutdown
[2025.05.30-18.43.34:680][184]LogWindowsTextInputMethodSystem: Display: IME system deactivated.
[2025.05.30-18.43.34:687][184]LogExit: Preparing to exit.
[2025.05.30-18.43.35:654][184]LogUObjectHash: Compacting FUObjectHashTables data took   4.28ms
[2025.05.30-18.43.35:799][184]LogWorld: UWorld::CleanupWorld for World_0, bSessionEnded=true, bCleanupResources=true
[2025.05.30-18.43.35:802][184]LogWorld: UWorld::CleanupWorld for World_1, bSessionEnded=true, bCleanupResources=true
[2025.05.30-18.43.35:806][184]LogWorld: UWorld::CleanupWorld for World_2, bSessionEnded=true, bCleanupResources=true
[2025.05.30-18.43.35:809][184]LogWorld: UWorld::CleanupWorld for World_3, bSessionEnded=true, bCleanupResources=true
[2025.05.30-18.43.35:812][184]LogWorld: UWorld::CleanupWorld for World_4, bSessionEnded=true, bCleanupResources=true
[2025.05.30-18.43.35:816][184]LogWorld: UWorld::CleanupWorld for World_7, bSessionEnded=true, bCleanupResources=true
[2025.05.30-18.43.35:820][184]LogWorld: UWorld::CleanupWorld for World_12, bSessionEnded=true, bCleanupResources=true
[2025.05.30-18.43.35:828][184]LogDirectoryWatcher: Display: A directory notification failed, and we were unable to create a new request. GetLastError code [6] Handle [FFFFFFFFFFFFFFFF], Path [D:/Университет/6 семестр/VR/FinalProject/EngiPracrice/Content/] 
[2025.05.30-18.43.35:891][184]LogDemo: Cleaned up 0 splitscreen connections with owner deletion
[2025.05.30-18.43.35:908][184]LogWorld: UWorld::CleanupWorld for None, bSessionEnded=true, bCleanupResources=true
[2025.05.30-18.43.35:908][184]LogExit: Editor shut down
[2025.05.30-18.43.35:910][184]LogExit: Transaction tracking system shut down
[2025.05.30-18.43.36:292][184]LogExit: Object subsystem successfully closed.
[2025.05.30-18.43.36:307][184]LogShaderCompilers: Display: === FShaderJobCache stats ===
[2025.05.30-18.43.36:307][184]LogShaderCompilers: Display: Total job queries 0, among them cache hits 0 (0.00%)
[2025.05.30-18.43.36:307][184]LogShaderCompilers: Display: Tracking 0 distinct input hashes that result in 0 distinct outputs (0.00%)
[2025.05.30-18.43.36:307][184]LogShaderCompilers: Display: RAM used: 0.00 MB (0.00 GB) of 819.20 MB (0.80 GB) budget. Usage: 0.00%
[2025.05.30-18.43.36:307][184]LogShaderCompilers: Display: ================================================
[2025.05.30-18.43.36:312][184]LogShaderCompilers: Display: Shaders left to compile 0
[2025.05.30-18.43.36:336][184]LogModuleManager: Shutting down and abandoning module MovieSceneCapture (868)
[2025.05.30-18.43.36:336][184]LogModuleManager: Shutting down and abandoning module Voice (866)
[2025.05.30-18.43.36:337][184]LogModuleManager: Shutting down and abandoning module SequencerWidgets (864)
[2025.05.30-18.43.36:337][184]LogModuleManager: Shutting down and abandoning module BlueprintGraph (862)
[2025.05.30-18.43.36:337][184]LogModuleManager: Shutting down and abandoning module HierarchicalLODOutliner (860)
[2025.05.30-18.43.36:337][184]LogModuleManager: Shutting down and abandoning module SceneOutliner (858)
[2025.05.30-18.43.36:337][184]LogModuleManager: Shutting down and abandoning module AddContentDialog (856)
[2025.05.30-18.43.36:338][184]LogModuleManager: Shutting down and abandoning module WidgetCarousel (855)
[2025.05.30-18.43.36:338][184]LogModuleManager: Shutting down and abandoning module EditorWidgets (852)
[2025.05.30-18.43.36:338][184]LogModuleManager: Shutting down and abandoning module StatsViewer (850)
[2025.05.30-18.43.36:338][184]LogModuleManager: Shutting down and abandoning module PIEPreviewDeviceProfileSelector (848)
[2025.05.30-18.43.36:338][184]LogModuleManager: Shutting down and abandoning module SequenceRecorderSections (846)
[2025.05.30-18.43.36:338][184]LogModuleManager: Shutting down and abandoning module AutomationWorker (844)
[2025.05.30-18.43.36:338][184]LogModuleManager: Shutting down and abandoning module TakeRecorderSources (842)
[2025.05.30-18.43.36:339][184]LogModuleManager: Shutting down and abandoning module TakeRecorder (841)
[2025.05.30-18.43.36:339][184]LogModuleManager: Shutting down and abandoning module TakeTrackRecorders (838)
[2025.05.30-18.43.36:339][184]LogModuleManager: Shutting down and abandoning module TakesCore (836)
[2025.05.30-18.43.36:339][184]LogModuleManager: Shutting down and abandoning module ResonanceAudioEditor (834)
[2025.05.30-18.43.36:339][184]LogModuleManager: Shutting down and abandoning module OpenXRInput (832)
[2025.05.30-18.43.36:339][184]LogModuleManager: Shutting down and abandoning module GooglePADEditor (830)
[2025.05.30-18.43.36:339][184]LogModuleManager: Shutting down and abandoning module AudioCaptureEditor (828)
[2025.05.30-18.43.36:339][184]LogModuleManager: Shutting down and abandoning module TemplateSequenceEditor (826)
[2025.05.30-18.43.36:339][184]LogModuleManager: Shutting down and abandoning module MatineeToLevelSequence (824)
[2025.05.30-18.43.36:339][184]LogModuleManager: Shutting down and abandoning module LevelSequenceEditor (822)
[2025.05.30-18.43.36:339][184]LogModuleManager: Shutting down and abandoning module ActorSequenceEditor (820)
[2025.05.30-18.43.36:339][184]LogModuleManager: Shutting down and abandoning module MagicLeapMediaCodecFactory (818)
[2025.05.30-18.43.36:339][184]LogModuleManager: Shutting down and abandoning module MagicLeapMediaFactory (816)
[2025.05.30-18.43.36:339][184]LogModuleManager: Shutting down and abandoning module MagicLeapMediaEditor (814)
[2025.05.30-18.43.36:339][184]LogModuleManager: Shutting down and abandoning module WmfMediaFactory (812)
[2025.05.30-18.43.36:339][184]LogModuleManager: Shutting down and abandoning module WmfMediaEditor (810)
[2025.05.30-18.43.36:339][184]LogModuleManager: Shutting down and abandoning module WebMMediaFactory (808)
[2025.05.30-18.43.36:339][184]LogModuleManager: Shutting down and abandoning module WebMMediaEditor (806)
[2025.05.30-18.43.36:339][184]LogModuleManager: Shutting down and abandoning module WebMMedia (804)
[2025.05.30-18.43.36:339][184]LogModuleManager: Shutting down and abandoning module MediaPlayerEditor (802)
[2025.05.30-18.43.36:339][184]LogModuleManager: Shutting down and abandoning module MediaCompositingEditor (800)
[2025.05.30-18.43.36:339][184]LogModuleManager: Shutting down and abandoning module SequenceRecorder (799)
[2025.05.30-18.43.36:339][184]LogModuleManager: Shutting down and abandoning module OpenExrWrapper (796)
[2025.05.30-18.43.36:339][184]LogModuleManager: Shutting down and abandoning module ImgMediaFactory (794)
[2025.05.30-18.43.36:339][184]LogModuleManager: Shutting down and abandoning module ImgMediaEditor (792)
[2025.05.30-18.43.36:339][184]LogModuleManager: Shutting down and abandoning module AvfMediaFactory (790)
[2025.05.30-18.43.36:339][184]LogModuleManager: Shutting down and abandoning module AvfMediaEditor (788)
[2025.05.30-18.43.36:339][184]LogModuleManager: Shutting down and abandoning module AndroidMediaFactory (786)
[2025.05.30-18.43.36:339][184]LogModuleManager: Shutting down and abandoning module AndroidMediaEditor (784)
[2025.05.30-18.43.36:339][184]LogModuleManager: Shutting down and abandoning module PlanarCut (782)
[2025.05.30-18.43.36:339][184]LogModuleManager: Shutting down and abandoning module CharacterAI (780)
[2025.05.30-18.43.36:339][184]LogModuleManager: Shutting down and abandoning module TextureAlignMode (778)
[2025.05.30-18.43.36:339][184]LogModuleManager: Shutting down and abandoning module BspMode (776)
[2025.05.30-18.43.36:339][184]LogModuleManager: Shutting down and abandoning module GeometryMode (774)
[2025.05.30-18.43.36:339][184]LogModuleManager: Shutting down and abandoning module CameraShakePreviewer (772)
[2025.05.30-18.43.36:339][184]LogModuleManager: Shutting down and abandoning module SmartSnapping (770)
[2025.05.30-18.43.36:339][184]LogModuleManager: Shutting down and abandoning module SessionServices (768)
[2025.05.30-18.43.36:339][184]LogModuleManager: Shutting down and abandoning module MeshPaint (766)
[2025.05.30-18.43.36:339][184]LogModuleManager: Shutting down and abandoning module VirtualTexturingEditor (764)
[2025.05.30-18.43.36:339][184]LogModuleManager: Shutting down and abandoning module FoliageEdit (762)
[2025.05.30-18.43.36:339][184]LogModuleManager: Shutting down and abandoning module LandscapeEditor (760)
[2025.05.30-18.43.36:339][184]LogModuleManager: Shutting down and abandoning module MeshPaintMode (758)
[2025.05.30-18.43.36:339][184]LogModuleManager: Shutting down and abandoning module SceneDepthPickerMode (756)
[2025.05.30-18.43.36:339][184]LogModuleManager: Shutting down and abandoning module ActorPickerMode (754)
[2025.05.30-18.43.36:339][184]LogModuleManager: Shutting down and abandoning module PlacementMode (752)
[2025.05.30-18.43.36:340][184]LogModuleManager: Shutting down and abandoning module ViewportSnapping (750)
[2025.05.30-18.43.36:340][184]LogModuleManager: Shutting down and abandoning module ViewportInteraction (748)
[2025.05.30-18.43.36:340][184]LogModuleManager: Shutting down and abandoning module ClothPainter (746)
[2025.05.30-18.43.36:340][184]LogModuleManager: Shutting down and abandoning module SkeletalMeshEditor (745)
[2025.05.30-18.43.36:340][184]LogModuleManager: Shutting down and abandoning module LogVisualizer (742)
[2025.05.30-18.43.36:340][184]LogModuleManager: Shutting down and abandoning module IntroTutorials (740)
[2025.05.30-18.43.36:342][184]LogModuleManager: Shutting down and abandoning module GameProjectGeneration (739)
[2025.05.30-18.43.36:342][184]LogModuleManager: Shutting down and abandoning module LuminPlatformEditor (736)
[2025.05.30-18.43.36:342][184]LogModuleManager: Shutting down and abandoning module IOSPlatformEditor (734)
[2025.05.30-18.43.36:342][184]LogModuleManager: Shutting down and abandoning module AndroidPlatformEditor (732)
[2025.05.30-18.43.36:342][184]LogModuleManager: Shutting down and abandoning module AndroidDeviceDetection (731)
[2025.05.30-18.43.37:874][184]LogModuleManager: Shutting down and abandoning module WindowsPlatformEditor (728)
[2025.05.30-18.43.37:874][184]LogModuleManager: Shutting down and abandoning module LuminRuntimeSettings (726)
[2025.05.30-18.43.37:874][184]LogModuleManager: Shutting down and abandoning module IOSRuntimeSettings (724)
[2025.05.30-18.43.37:874][184]LogModuleManager: Shutting down and abandoning module AndroidRuntimeSettings (722)
[2025.05.30-18.43.37:874][184]LogModuleManager: Shutting down and abandoning module TraceInsights (720)
[2025.05.30-18.43.37:874][184]MemoryProfiler: Shutdown
[2025.05.30-18.43.37:874][184]NetworkingProfiler: Shutdown
[2025.05.30-18.43.37:874][184]LoadingProfiler: Shutdown
[2025.05.30-18.43.37:874][184]TimingProfiler: Shutdown
[2025.05.30-18.43.37:874][184]LogModuleManager: Shutting down and abandoning module TraceServices (719)
[2025.05.30-18.43.37:874][184]LogModuleManager: Shutting down and abandoning module EditorInteractiveToolsFramework (716)
[2025.05.30-18.43.37:874][184]LogModuleManager: Shutting down and abandoning module TimeManagementEditor (714)
[2025.05.30-18.43.37:874][184]LogModuleManager: Shutting down and abandoning module InputBindingEditor (712)
[2025.05.30-18.43.37:874][184]LogModuleManager: Shutting down and abandoning module MergeActors (710)
[2025.05.30-18.43.37:874][184]LogModuleManager: Shutting down and abandoning module LocalizationDashboard (708)
[2025.05.30-18.43.37:874][184]LogModuleManager: Shutting down and abandoning module LocalizationService (707)
[2025.05.30-18.43.37:874][184]LogModuleManager: Shutting down and abandoning module HardwareTargeting (704)
[2025.05.30-18.43.37:874][184]LogModuleManager: Shutting down and abandoning module DeviceProfileEditor (702)
[2025.05.30-18.43.37:874][184]LogModuleManager: Shutting down and abandoning module UndoHistory (700)
[2025.05.30-18.43.37:874][184]LogModuleManager: Shutting down and abandoning module XmlParser (698)
[2025.05.30-18.43.37:874][184]LogModuleManager: Shutting down and abandoning module Blutility (696)
[2025.05.30-18.43.37:874][184]LogModuleManager: Shutting down and abandoning module ProjectSettingsViewer (694)
[2025.05.30-18.43.37:874][184]LogModuleManager: Shutting down and abandoning module ProjectTargetPlatformEditor (693)
[2025.05.30-18.43.37:874][184]LogModuleManager: Shutting down and abandoning module EditorSettingsViewer (690)
[2025.05.30-18.43.37:874][184]LogModuleManager: Shutting down and abandoning module InternationalizationSettings (689)
[2025.05.30-18.43.37:874][184]LogModuleManager: Shutting down and abandoning module SettingsEditor (686)
[2025.05.30-18.43.37:874][184]LogModuleManager: Shutting down and abandoning module ProjectLauncher (684)
[2025.05.30-18.43.37:874][184]LogModuleManager: Shutting down and abandoning module SessionFrontend (682)
[2025.05.30-18.43.37:874][184]LogModuleManager: Shutting down and abandoning module ProfilerClient (680)
[2025.05.30-18.43.37:875][184]LogModuleManager: Shutting down and abandoning module DeviceManager (678)
[2025.05.30-18.43.37:875][184]LogModuleManager: Shutting down and abandoning module TargetDeviceServices (677)
[2025.05.30-18.43.37:907][184]LogModuleManager: Shutting down and abandoning module AutomationController (674)
[2025.05.30-18.43.37:907][184]LogModuleManager: Shutting down and abandoning module AutomationWindow (672)
[2025.05.30-18.43.37:907][184]LogModuleManager: Shutting down and abandoning module Layers (670)
[2025.05.30-18.43.37:907][184]LogModuleManager: Shutting down and abandoning module ComponentVisualizers (668)
[2025.05.30-18.43.37:907][184]LogModuleManager: Shutting down and abandoning module DetailCustomizations (666)
[2025.05.30-18.43.37:907][184]LogModuleManager: Shutting down and abandoning module PackagesDialog (664)
[2025.05.30-18.43.37:907][184]LogModuleManager: Shutting down and abandoning module AnimationBlueprintEditor (662)
[2025.05.30-18.43.37:907][184]LogModuleManager: Shutting down and abandoning module Persona (660)
[2025.05.30-18.43.37:907][184]LogModuleManager: Shutting down and abandoning module AdvancedPreviewScene (659)
[2025.05.30-18.43.37:907][184]LogModuleManager: Shutting down and abandoning module AnimGraph (657)
[2025.05.30-18.43.37:907][184]LogModuleManager: Shutting down and abandoning module Kismet (654)
[2025.05.30-18.43.37:924][184]LogModuleManager: Shutting down and abandoning module KismetWidgets (653)
[2025.05.30-18.43.37:924][184]LogModuleManager: Shutting down and abandoning module GraphEditor (650)
[2025.05.30-18.43.37:924][184]LogModuleManager: Shutting down and abandoning module StructViewer (648)
[2025.05.30-18.43.37:924][184]LogModuleManager: Shutting down and abandoning module ClassViewer (646)
[2025.05.30-18.43.37:924][184]LogModuleManager: Shutting down and abandoning module Toolbox (644)
[2025.05.30-18.43.37:924][184]LogModuleManager: Shutting down and abandoning module ModuleUI (642)
[2025.05.30-18.43.37:924][184]LogModuleManager: Shutting down and abandoning module OutputLog (640)
[2025.05.30-18.43.37:925][184]LogModuleManager: Shutting down and abandoning module GammaUI (638)
[2025.05.30-18.43.37:925][184]LogModuleManager: Shutting down and abandoning module Documentation (636)
[2025.05.30-18.43.37:925][184]LogModuleManager: Shutting down and abandoning module LiveCoding (634)
[2025.05.30-18.43.37:925][184]LogModuleManager: Shutting down and abandoning module LevelSequence (632)
[2025.05.30-18.43.37:925][184]LogModuleManager: Shutting down and abandoning module MovieSceneTracks (630)
[2025.05.30-18.43.37:925][184]LogModuleManager: Shutting down and abandoning module MovieScene (628)
[2025.05.30-18.43.37:925][184]LogModuleManager: Shutting down and abandoning module StreamingPauseRendering (626)
[2025.05.30-18.43.37:925][184]LogModuleManager: Shutting down and abandoning module LauncherPlatform (624)
[2025.05.30-18.43.37:925][184]LogModuleManager: Shutting down and abandoning module AnalyticsET (622)
[2025.05.30-18.43.37:925][184]LogModuleManager: Shutting down and abandoning module PortalServices (620)
[2025.05.30-18.43.37:925][184]LogModuleManager: Shutting down and abandoning module PortalRpc (618)
[2025.05.30-18.43.37:925][184]LogModuleManager: Shutting down and abandoning module MessagingRpc (616)
[2025.05.30-18.43.37:925][184]LogModuleManager: Shutting down and abandoning module AudioMixerXAudio2 (614)
[2025.05.30-18.43.37:925][184]LogModuleManager: Shutting down and abandoning module AudioMixerCore (613)
[2025.05.30-18.43.37:925][184]LogModuleManager: Shutting down and abandoning module AIModule (610)
[2025.05.30-18.43.37:925][184]LogModuleManager: Shutting down and abandoning module GameplayDebugger (609)
[2025.05.30-18.43.37:925][184]LogModuleManager: Shutting down and abandoning module AITestSuite (607)
[2025.05.30-18.43.37:925][184]LogModuleManager: Shutting down and abandoning module NavigationSystem (605)
[2025.05.30-18.43.37:925][184]LogModuleManager: Shutting down and abandoning module ImageWriteQueue (602)
[2025.05.30-18.43.37:925][184]LogModuleManager: Shutting down and abandoning module ProfilerService (600)
[2025.05.30-18.43.37:963][184]LogModuleManager: Shutting down and abandoning module TaskGraph (598)
[2025.05.30-18.43.37:963][184]LogModuleManager: Shutting down and abandoning module AudioSynesthesiaEditor (596)
[2025.05.30-18.43.37:963][184]LogModuleManager: Shutting down and abandoning module ContentBrowserAssetDataSource (594)
[2025.05.30-18.43.37:963][184]LogModuleManager: Shutting down and abandoning module ContentBrowserFileDataSource (592)
[2025.05.30-18.43.37:963][184]LogModuleManager: Shutting down and abandoning module ContentBrowserClassDataSource (590)
[2025.05.30-18.43.37:963][184]LogModuleManager: Shutting down and abandoning module CollectionManager (589)
[2025.05.30-18.43.37:963][184]LogModuleManager: Shutting down and abandoning module VariantManagerContentEditor (586)
[2025.05.30-18.43.37:963][184]LogModuleManager: Shutting down and abandoning module TakeSequencer (584)
[2025.05.30-18.43.37:963][184]LogModuleManager: Shutting down and abandoning module TakeMovieScene (582)
[2025.05.30-18.43.37:963][184]LogModuleManager: Shutting down and abandoning module SynthesisEditor (580)
[2025.05.30-18.43.37:963][184]LogModuleManager: Shutting down and abandoning module Synthesis (578)
[2025.05.30-18.43.37:963][184]LogModuleManager: Shutting down and abandoning module ResonanceAudio (576)
[2025.05.30-18.43.37:963][184]LogModuleManager: Shutting down and abandoning module ProceduralMeshComponentEditor (574)
[2025.05.30-18.43.37:963][184]LogModuleManager: Shutting down and abandoning module ProceduralMeshComponent (572)
[2025.05.30-18.43.37:963][184]LogModuleManager: Shutting down and abandoning module OpenXREditor (570)
[2025.05.30-18.43.37:963][184]LogModuleManager: Shutting down and abandoning module MobilePatchingUtils (568)
[2025.05.30-18.43.37:963][184]LogModuleManager: Shutting down and abandoning module ScreenshotTools (566)
[2025.05.30-18.43.37:963][184]LogModuleManager: Shutting down and abandoning module GooglePAD (564)
[2025.05.30-18.43.37:963][184]LogModuleManager: Shutting down and abandoning module EditableMesh (562)
[2025.05.30-18.43.37:963][184]LogModuleManager: Shutting down and abandoning module CustomMeshComponent (560)
[2025.05.30-18.43.37:963][184]LogModuleManager: Shutting down and abandoning module CableComponent (558)
[2025.05.30-18.43.37:963][184]LogModuleManager: Shutting down and abandoning module AudioCapture (556)
[2025.05.30-18.43.37:963][184]LogModuleManager: Shutting down and abandoning module AudioCaptureRtAudio (555)
[2025.05.30-18.43.37:963][184]LogModuleManager: Shutting down and abandoning module AssetTags (552)
[2025.05.30-18.43.37:963][184]LogModuleManager: Shutting down and abandoning module ArchVisCharacter (550)
[2025.05.30-18.43.37:963][184]LogModuleManager: Shutting down and abandoning module AppleImageUtilsBlueprintSupport (548)
[2025.05.30-18.43.37:963][184]LogModuleManager: Shutting down and abandoning module AppleImageUtils (546)
[2025.05.30-18.43.37:963][184]LogModuleManager: Shutting down and abandoning module AndroidPermission (544)
[2025.05.30-18.43.37:963][184]LogModuleManager: Shutting down and abandoning module ActorLayerUtilitiesEditor (542)
[2025.05.30-18.43.37:963][184]LogModuleManager: Shutting down and abandoning module ActorLayerUtilities (540)
[2025.05.30-18.43.37:963][184]LogModuleManager: Shutting down and abandoning module TemplateSequence (538)
[2025.05.30-18.43.37:964][184]LogModuleManager: Shutting down and abandoning module MagicLeapSharedWorld (536)
[2025.05.30-18.43.37:964][184]LogModuleManager: Shutting down and abandoning module MagicLeapLightEstimation (534)
[2025.05.30-18.43.37:964][184]LogModuleManager: Shutting down and abandoning module MagicLeapHelperVulkan (532)
[2025.05.30-18.43.37:964][184]LogModuleManager: Shutting down and abandoning module MagicLeapHelperOpenGL (530)
[2025.05.30-18.43.37:964][184]LogModuleManager: Shutting down and abandoning module MagicLeapAudio (528)
[2025.05.30-18.43.37:964][184]LogModuleManager: Shutting down and abandoning module MediaCompositing (526)
[2025.05.30-18.43.37:964][184]LogModuleManager: Shutting down and abandoning module ImgMedia (524)
[2025.05.30-18.43.37:964][184]LogModuleManager: Shutting down and abandoning module OpenImageDenoise (522)
[2025.05.30-18.43.37:964][184]LogOpenImageDenoise: OIDN shutting down
[2025.05.30-18.43.37:964][184]LogModuleManager: Shutting down and abandoning module MotoSynthEditor (520)
[2025.05.30-18.43.37:964][184]LogModuleManager: Shutting down and abandoning module MotoSynth (518)
[2025.05.30-18.43.37:964][184]LogModuleManager: Shutting down and abandoning module MeshConversion (516)
[2025.05.30-18.43.37:964][184]LogModuleManager: Shutting down and abandoning module DynamicMesh (514)
[2025.05.30-18.43.37:964][184]LogModuleManager: Shutting down and abandoning module GeometryAlgorithms (512)
[2025.05.30-18.43.37:964][184]LogModuleManager: Shutting down and abandoning module GeometricObjects (510)
[2025.05.30-18.43.37:964][184]LogModuleManager: Shutting down and abandoning module GeometryCollectionTracks (508)
[2025.05.30-18.43.37:964][184]LogModuleManager: Shutting down and abandoning module GeometryCollectionSequencer (507)
[2025.05.30-18.43.37:964][184]LogModuleManager: Shutting down and abandoning module GeometryCollectionEditor (504)
[2025.05.30-18.43.37:964][184]LogModuleManager: Shutting down and abandoning module GeometryCacheTracks (502)
[2025.05.30-18.43.37:964][184]LogModuleManager: Shutting down and abandoning module GeometryCacheStreamer (500)
[2025.05.30-18.43.37:964][184]LogModuleManager: Shutting down and abandoning module GeometryCacheSequencer (498)
[2025.05.30-18.43.37:964][184]LogModuleManager: Shutting down and abandoning module ChaosSolverEditor (496)
[2025.05.30-18.43.37:964][184]LogModuleManager: Shutting down and abandoning module ChaosNiagara (494)
[2025.05.30-18.43.37:964][184]LogModuleManager: Shutting down and abandoning module ChaosClothEditor (492)
[2025.05.30-18.43.37:964][184]LogModuleManager: Shutting down and abandoning module FractureEditor (490)
[2025.05.30-18.43.37:964][184]LogModuleManager: Shutting down and abandoning module FieldSystemEngine (489)
[2025.05.30-18.43.37:964][184]LogModuleManager: Shutting down and abandoning module BackChannel (486)
[2025.05.30-18.43.37:964][184]LogModuleManager: Shutting down and abandoning module AutomationUtilsEditor (484)
[2025.05.30-18.43.37:964][184]LogModuleManager: Shutting down and abandoning module AutomationUtils (482)
[2025.05.30-18.43.37:964][184]LogModuleManager: Shutting down and abandoning module AlembicImporter (480)
[2025.05.30-18.43.37:964][184]LogModuleManager: Shutting down and abandoning module AlembicLibrary (479)
[2025.05.30-18.43.37:964][184]LogModuleManager: Shutting down and abandoning module GeometryCache (478)
[2025.05.30-18.43.37:964][184]LogModuleManager: Shutting down and abandoning module GeometryCacheEd (477)
[2025.05.30-18.43.37:964][184]LogModuleManager: Shutting down and abandoning module NiagaraEditorWidgets (472)
[2025.05.30-18.43.37:964][184]LogModuleManager: Shutting down and abandoning module SpeedTreeImporter (470)
[2025.05.30-18.43.37:964][184]LogModuleManager: Shutting down and abandoning module PluginBrowser (468)
[2025.05.30-18.43.37:965][184]LogModuleManager: Shutting down and abandoning module MobileLauncherProfileWizard (466)
[2025.05.30-18.43.37:965][184]LogModuleManager: Shutting down and abandoning module MaterialAnalyzer (464)
[2025.05.30-18.43.37:965][184]LogModuleManager: Shutting down and abandoning module CurveEditorTools (462)
[2025.05.30-18.43.37:965][184]LogModuleManager: Shutting down and abandoning module CryptoKeysOpenSSL (460)
[2025.05.30-18.43.37:965][184]LogModuleManager: Shutting down and abandoning module CryptoKeys (458)
[2025.05.30-18.43.37:965][184]LogModuleManager: Shutting down and abandoning module DatasmithContentEditor (456)
[2025.05.30-18.43.37:965][184]LogModuleManager: Shutting down and abandoning module VisualStudioSourceCodeAccess (454)
[2025.05.30-18.43.37:965][184]LogModuleManager: Shutting down and abandoning module VisualStudioCodeSourceCodeAccess (452)
[2025.05.30-18.43.37:965][184]LogModuleManager: Shutting down and abandoning module UObjectPlugin (450)
[2025.05.30-18.43.37:965][184]LogModuleManager: Shutting down and abandoning module SubversionSourceControl (448)
[2025.05.30-18.43.37:965][184]LogModuleManager: Shutting down and abandoning module RiderSourceCodeAccess (446)
[2025.05.30-18.43.37:965][184]LogModuleManager: Shutting down and abandoning module PluginUtils (444)
[2025.05.30-18.43.37:965][184]LogModuleManager: Shutting down and abandoning module PlasticSourceControl (442)
[2025.05.30-18.43.37:965][184]LogModuleManager: Shutting down and abandoning module GitSourceControl (440)
[2025.05.30-18.43.37:965][184]LogModuleManager: Shutting down and abandoning module PerforceSourceControl (438)
[2025.05.30-18.43.37:965][184]LogModuleManager: Shutting down and abandoning module SourceControl (437)
[2025.05.30-18.43.37:965][184]LogModuleManager: Shutting down and abandoning module CLionSourceCodeAccess (434)
[2025.05.30-18.43.37:965][184]LogModuleManager: Shutting down and abandoning module AnimationSharingEd (432)
[2025.05.30-18.43.37:965][184]LogModuleManager: Shutting down and abandoning module LiveLinkSequencer (430)
[2025.05.30-18.43.37:965][184]LogModuleManager: Shutting down and abandoning module LiveLinkMovieScene (428)
[2025.05.30-18.43.37:965][184]LogModuleManager: Shutting down and abandoning module LiveLinkGraphNode (426)
[2025.05.30-18.43.37:965][184]LogModuleManager: Shutting down and abandoning module LiveLinkEditor (424)
[2025.05.30-18.43.37:965][184]LogModuleManager: Shutting down and abandoning module LiveLinkComponents (422)
[2025.05.30-18.43.37:965][184]LogModuleManager: Shutting down and abandoning module LiveLink (420)
[2025.05.30-18.43.38:851][184]LogModuleManager: Shutting down and abandoning module OodleNetworkHandlerComponent (418)
[2025.05.30-18.43.38:851][184]LogModuleManager: Shutting down and abandoning module LightPropagationVolumeEditor (416)
[2025.05.30-18.43.38:851][184]LogModuleManager: Shutting down and abandoning module PaperTiledImporter (414)
[2025.05.30-18.43.38:851][184]LogModuleManager: Shutting down and abandoning module PaperSpriteSheetImporter (412)
[2025.05.30-18.43.38:851][184]LogModuleManager: Shutting down and abandoning module Paper2DEditor (410)
[2025.05.30-18.43.38:851][184]LogModuleManager: Shutting down and abandoning module MeshPaintingToolset (408)
[2025.05.30-18.43.38:851][184]LogModuleManager: Shutting down and abandoning module MeshPaintEditorMode (406)
[2025.05.30-18.43.38:851][184]LogModuleManager: Shutting down and abandoning module SoundFields (404)
[2025.05.30-18.43.38:851][184]LogModuleManager: Shutting down and abandoning module SignificanceManager (402)
[2025.05.30-18.43.38:851][184]LogModuleManager: Shutting down and abandoning module RuntimePhysXCooking (400)
[2025.05.30-18.43.38:851][184]LogModuleManager: Shutting down and abandoning module PropertyAccessEditor (398)
[2025.05.30-18.43.38:851][184]LogModuleManager: Shutting down and abandoning module PhysXVehiclesEditor (396)
[2025.05.30-18.43.38:851][184]LogModuleManager: Shutting down and abandoning module LocationServicesBPLibrary (392)
[2025.05.30-18.43.38:851][184]LogModuleManager: Shutting down and abandoning module AudioSynesthesia (390)
[2025.05.30-18.43.38:851][184]LogModuleManager: Shutting down and abandoning module AudioSynesthesiaCore (388)
[2025.05.30-18.43.38:851][184]LogModuleManager: Shutting down and abandoning module ActorSequence (386)
[2025.05.30-18.43.38:851][184]LogModuleManager: Shutting down and abandoning module UdpMessaging (384)
[2025.05.30-18.43.38:953][184]LogModuleManager: Shutting down and abandoning module TcpMessaging (382)
[2025.05.30-18.43.39:053][184]LogModuleManager: Shutting down and abandoning module MagicLeapARPin (380)
[2025.05.30-18.43.39:053][184]LogModuleManager: Shutting down and abandoning module MagicLeapHandMeshing (378)
[2025.05.30-18.43.39:053][184]LogModuleManager: Shutting down and abandoning module MagicLeapSecureStorage (376)
[2025.05.30-18.43.39:053][184]LogModuleManager: Shutting down and abandoning module MagicLeapPrivileges (374)
[2025.05.30-18.43.39:053][184]LogModuleManager: Shutting down and abandoning module MagicLeapPlanes (372)
[2025.05.30-18.43.39:053][184]LogMagicLeapPlanes: Planes tracker already destroyed.
[2025.05.30-18.43.39:053][184]LogModuleManager: Shutting down and abandoning module MagicLeapImageTracker (370)
[2025.05.30-18.43.39:053][184]LogModuleManager: Shutting down and abandoning module MagicLeapIdentity (368)
[2025.05.30-18.43.39:053][184]LogModuleManager: Shutting down and abandoning module MagicLeapHandTracking (366)
[2025.05.30-18.43.39:053][184]LogModuleManager: Shutting down and abandoning module MagicLeapEyeTracker (364)
[2025.05.30-18.43.39:053][184]LogModuleManager: Shutting down and abandoning module MagicLeapController (362)
[2025.05.30-18.43.39:053][184]LogModuleManager: Shutting down and abandoning module MagicLeapARPinImpl (360)
[2025.05.30-18.43.39:053][184]LogModuleManager: Shutting down and abandoning module MagicLeapAR (358)
[2025.05.30-18.43.39:053][184]LogModuleManager: Shutting down and abandoning module ImgMediaEngine (356)
[2025.05.30-18.43.39:053][184]LogModuleManager: Shutting down and abandoning module PythonScriptPlugin (354)
[2025.05.30-18.43.39:053][184]LogModuleManager: Shutting down and abandoning module NiagaraAnimNotifies (352)
[2025.05.30-18.43.39:053][184]LogModuleManager: Shutting down and abandoning module Niagara (350)
[2025.05.30-18.43.39:053][184]LogModuleManager: Shutting down and abandoning module SignalProcessing (349)
[2025.05.30-18.43.39:053][184]LogModuleManager: Shutting down and abandoning module NiagaraEditor (347)
[2025.05.30-18.43.39:053][184]LogModuleManager: Shutting down and abandoning module NiagaraCore (344)
[2025.05.30-18.43.39:053][184]LogModuleManager: Shutting down and abandoning module FacialAnimationEditor (342)
[2025.05.30-18.43.39:053][184]LogModuleManager: Shutting down and abandoning module FacialAnimation (340)
[2025.05.30-18.43.39:053][184]LogModuleManager: Shutting down and abandoning module GameplayTagsEditor (338)
[2025.05.30-18.43.39:053][184]LogModuleManager: Shutting down and abandoning module DataValidation (336)
[2025.05.30-18.43.39:053][184]LogModuleManager: Shutting down and abandoning module AssetManagerEditor (334)
[2025.05.30-18.43.39:053][184]LogModuleManager: Shutting down and abandoning module LevelEditor (333)
[2025.05.30-18.43.39:055][184]LogModuleManager: Shutting down and abandoning module PixelInspectorModule (332)
[2025.05.30-18.43.39:055][184]LogModuleManager: Shutting down and abandoning module CommonMenuExtensions (330)
[2025.05.30-18.43.39:055][184]LogModuleManager: Shutting down and abandoning module MainFrame (328)
[2025.05.30-18.43.39:055][184]LogModuleManager: Shutting down and abandoning module HotReload (327)
[2025.05.30-18.43.39:055][184]LogModuleManager: Shutting down and abandoning module ToolMenus (323)
[2025.05.30-18.43.39:055][184]LogModuleManager: Shutting down and abandoning module ContentBrowser (321)
[2025.05.30-18.43.39:055][184]LogModuleManager: Shutting down and abandoning module ContentBrowserData (320)
[2025.05.30-18.43.39:055][184]LogModuleManager: Shutting down and abandoning module TreeMap (317)
[2025.05.30-18.43.39:055][184]LogModuleManager: Shutting down and abandoning module PropertyAccessNode (314)
[2025.05.30-18.43.39:055][184]LogModuleManager: Shutting down and abandoning module AnimationSharing (312)
[2025.05.30-18.43.39:055][184]LogModuleManager: Shutting down and abandoning module GameplayCameras (310)
[2025.05.30-18.43.39:055][184]LogModuleManager: Shutting down and abandoning module LightPropagationVolumeRuntime (308)
[2025.05.30-18.43.39:055][184]LogModuleManager: Shutting down and abandoning module EnvironmentQueryEditor (306)
[2025.05.30-18.43.39:055][184]LogModuleManager: Shutting down and abandoning module Paper2D (304)
[2025.05.30-18.43.39:055][184]LogModuleManager: Shutting down and abandoning module WindowsMoviePlayer (302)
[2025.05.30-18.43.39:064][184]LogModuleManager: Shutting down and abandoning module WebMMoviePlayer (300)
[2025.05.30-18.43.39:064][184]LogModuleManager: Shutting down and abandoning module NetworkReplayStreaming (298)
[2025.05.30-18.43.39:064][184]LogModuleManager: Shutting down and abandoning module PacketHandler (296)
[2025.05.30-18.43.39:064][184]LogModuleManager: Shutting down and abandoning module ClothingSystemEditor (294)
[2025.05.30-18.43.39:064][184]LogModuleManager: Shutting down and abandoning module ClothingSystemRuntimeNv (292)
[2025.05.30-18.43.39:064][184]LogModuleManager: Shutting down and abandoning module MediaAssets (290)
[2025.05.30-18.43.39:064][184]LogModuleManager: Shutting down and abandoning module Overlay (288)
[2025.05.30-18.43.39:064][184]LogModuleManager: Shutting down and abandoning module OverlayEditor (287)
[2025.05.30-18.43.39:064][184]LogModuleManager: Shutting down and abandoning module VREditor (284)
[2025.05.30-18.43.39:064][184]LogModuleManager: Shutting down and abandoning module StringTableEditor (282)
[2025.05.30-18.43.39:064][184]LogModuleManager: Shutting down and abandoning module GameplayTasksEditor (280)
[2025.05.30-18.43.39:064][184]LogModuleManager: Shutting down and abandoning module BehaviorTreeEditor (278)
[2025.05.30-18.43.39:064][184]LogModuleManager: Shutting down and abandoning module FunctionalTesting (276)
[2025.05.30-18.43.39:064][184]LogModuleManager: Shutting down and abandoning module CollisionAnalyzer (274)
[2025.05.30-18.43.39:064][184]LogModuleManager: Shutting down and abandoning module WorkspaceMenuStructure (273)
[2025.05.30-18.43.39:064][184]LogModuleManager: Shutting down and abandoning module UMG (270)
[2025.05.30-18.43.39:064][184]LogModuleManager: Shutting down and abandoning module UMGEditor (269)
[2025.05.30-18.43.39:064][184]LogModuleManager: Shutting down and abandoning module MessageLog (267)
[2025.05.30-18.43.39:064][184]LogModuleManager: Shutting down and abandoning module SlateReflector (262)
[2025.05.30-18.43.39:064][184]LogModuleManager: Shutting down and abandoning module Slate (260)
[2025.05.30-18.43.39:064][184]LogModuleManager: Shutting down and abandoning module SlateCore (258)
[2025.05.30-18.43.39:065][184]LogModuleManager: Shutting down and abandoning module LandscapeEditorUtilities (256)
[2025.05.30-18.43.39:065][184]LogModuleManager: Shutting down and abandoning module UnrealEd (254)
[2025.05.30-18.43.39:065][184]LogModuleManager: Shutting down and abandoning module MRMesh (252)
[2025.05.30-18.43.39:065][184]LogModuleManager: Shutting down and abandoning module SourceCodeAccess (250)
[2025.05.30-18.43.39:065][184]LogModuleManager: Shutting down and abandoning module HeadMountedDisplay (248)
[2025.05.30-18.43.39:065][184]LogModuleManager: Shutting down and abandoning module XAudio2 (246)
[2025.05.30-18.43.39:065][184]LogModuleManager: Shutting down and abandoning module Networking (244)
[2025.05.30-18.43.39:065][184]LogModuleManager: Shutting down and abandoning module Core (242)
[2025.05.30-18.43.39:065][184]LogModuleManager: Shutting down and abandoning module MaterialEditor (240)
[2025.05.30-18.43.39:065][184]LogModuleManager: Shutting down and abandoning module MovieSceneTools (238)
[2025.05.30-18.43.39:065][184]LogModuleManager: Shutting down and abandoning module CurveEditor (237)
[2025.05.30-18.43.39:065][184]LogModuleManager: Shutting down and abandoning module Sequencer (235)
[2025.05.30-18.43.39:065][184]LogModuleManager: Shutting down and abandoning module EditorStyle (234)
[2025.05.30-18.43.39:066][184]LogModuleManager: Shutting down and abandoning module KismetCompiler (230)
[2025.05.30-18.43.39:066][184]LogModuleManager: Shutting down and abandoning module MeshBuilder (228)
[2025.05.30-18.43.39:066][184]LogModuleManager: Shutting down and abandoning module MeshUtilities (226)
[2025.05.30-18.43.39:066][184]LogModuleManager: Shutting down and abandoning module MeshMergeUtilities (225)
[2025.05.30-18.43.39:066][184]LogModuleManager: Shutting down and abandoning module MeshReductionInterface (224)
[2025.05.30-18.43.39:066][184]LogModuleManager: Shutting down and abandoning module MeshBoneReduction (223)
[2025.05.30-18.43.39:066][184]LogModuleManager: Shutting down and abandoning module SkeletalMeshReduction (221)
[2025.05.30-18.43.39:066][184]LogModuleManager: Shutting down and abandoning module ProxyLODMeshReduction (219)
[2025.05.30-18.43.39:066][184]LogModuleManager: Shutting down and abandoning module QuadricMeshReduction (217)
[2025.05.30-18.43.39:066][184]LogModuleManager: Shutting down and abandoning module MaterialBaking (213)
[2025.05.30-18.43.39:066][184]LogModuleManager: Shutting down and abandoning module NullInstallBundleManager (208)
[2025.05.30-18.43.39:066][184]LogModuleManager: Shutting down and abandoning module DerivedDataCache (206)
[2025.05.30-18.43.39:066][184]LogModuleManager: Shutting down and abandoning module TargetPlatform (204)
[2025.05.30-18.43.39:067][184]LogModuleManager: Shutting down and abandoning module VulkanShaderFormat (203)
[2025.05.30-18.43.39:067][184]LogModuleManager: Shutting down and abandoning module ShaderFormatVectorVM (201)
[2025.05.30-18.43.39:067][184]LogModuleManager: Shutting down and abandoning module ShaderFormatOpenGL (199)
[2025.05.30-18.43.39:067][184]LogModuleManager: Shutting down and abandoning module ShaderFormatD3D (197)
[2025.05.30-18.43.39:067][184]LogModuleManager: Shutting down and abandoning module MetalShaderFormat (195)
[2025.05.30-18.43.39:067][184]LogModuleManager: Shutting down and abandoning module TextureFormatOodle (193)
[2025.05.30-18.43.39:067][184]LogModuleManager: Shutting down and abandoning module TextureFormatUncompressed (191)
[2025.05.30-18.43.39:067][184]LogModuleManager: Shutting down and abandoning module TextureFormatPVR (189)
[2025.05.30-18.43.39:067][184]LogModuleManager: Shutting down and abandoning module TextureFormatETC2 (187)
[2025.05.30-18.43.39:067][184]LogModuleManager: Shutting down and abandoning module TextureFormatDXT (185)
[2025.05.30-18.43.39:067][184]LogModuleManager: Shutting down and abandoning module TextureFormatIntelISPCTexComp (183)
[2025.05.30-18.43.39:067][184]LogModuleManager: Shutting down and abandoning module TextureFormatASTC (181)
[2025.05.30-18.43.39:067][184]LogModuleManager: Shutting down and abandoning module ImageWrapper (180)
[2025.05.30-18.43.39:067][184]LogModuleManager: Shutting down and abandoning module AudioFormatOpus (177)
[2025.05.30-18.43.39:067][184]LogModuleManager: Shutting down and abandoning module AudioFormatOgg (175)
[2025.05.30-18.43.39:067][184]LogModuleManager: Shutting down and abandoning module AudioFormatADPCM (173)
[2025.05.30-18.43.39:067][184]LogModuleManager: Shutting down and abandoning module WindowsServerTargetPlatform (171)
[2025.05.30-18.43.39:067][184]LogModuleManager: Shutting down and abandoning module WindowsClientTargetPlatform (169)
[2025.05.30-18.43.39:067][184]LogModuleManager: Shutting down and abandoning module WindowsTargetPlatform (167)
[2025.05.30-18.43.39:067][184]LogModuleManager: Shutting down and abandoning module WindowsNoEditorTargetPlatform (165)
[2025.05.30-18.43.39:067][184]LogModuleManager: Shutting down and abandoning module TVOSTargetPlatform (163)
[2025.05.30-18.43.39:071][184]LogModuleManager: Shutting down and abandoning module MacServerTargetPlatform (161)
[2025.05.30-18.43.39:071][184]LogModuleManager: Shutting down and abandoning module MacClientTargetPlatform (159)
[2025.05.30-18.43.39:071][184]LogModuleManager: Shutting down and abandoning module MacTargetPlatform (157)
[2025.05.30-18.43.39:071][184]LogModuleManager: Shutting down and abandoning module MacNoEditorTargetPlatform (155)
[2025.05.30-18.43.39:071][184]LogModuleManager: Shutting down and abandoning module LuminTargetPlatform (153)
[2025.05.30-18.43.39:078][184]LogModuleManager: Shutting down and abandoning module LinuxAArch64ServerTargetPlatform (151)
[2025.05.30-18.43.39:078][184]LogModuleManager: Shutting down and abandoning module LinuxAArch64ClientTargetPlatform (149)
[2025.05.30-18.43.39:078][184]LogModuleManager: Shutting down and abandoning module LinuxAArch64NoEditorTargetPlatform (147)
[2025.05.30-18.43.39:078][184]LogModuleManager: Shutting down and abandoning module LinuxServerTargetPlatform (145)
[2025.05.30-18.43.39:078][184]LogModuleManager: Shutting down and abandoning module LinuxClientTargetPlatform (143)
[2025.05.30-18.43.39:078][184]LogModuleManager: Shutting down and abandoning module LinuxNoEditorTargetPlatform (141)
[2025.05.30-18.43.39:078][184]LogModuleManager: Shutting down and abandoning module LinuxTargetPlatform (139)
[2025.05.30-18.43.39:078][184]LogModuleManager: Shutting down and abandoning module Messaging (137)
[2025.05.30-18.43.39:078][184]LogModuleManager: Shutting down and abandoning module IOSTargetPlatform (135)
[2025.05.30-18.43.39:082][184]LogModuleManager: Shutting down and abandoning module AndroidTargetPlatform (133)
[2025.05.30-18.43.39:095][184]LogModuleManager: Shutting down and abandoning module AllDesktopTargetPlatform (131)
[2025.05.30-18.43.39:095][184]LogModuleManager: Shutting down and abandoning module D3D11RHI (128)
[2025.05.30-18.43.39:095][184]LogModuleManager: Shutting down and abandoning module InputCore (126)
[2025.05.30-18.43.39:095][184]LogModuleManager: Shutting down and abandoning module Settings (124)
[2025.05.30-18.43.39:095][184]LogModuleManager: Shutting down and abandoning module DirectoryWatcher (122)
[2025.05.30-18.43.39:095][184]LogModuleManager: Shutting down and abandoning module PhysXCooking (120)
[2025.05.30-18.43.39:095][184]LogModuleManager: Shutting down and abandoning module Chaos (118)
[2025.05.30-18.43.39:095][184]LogModuleManager: Shutting down and abandoning module WindowsPlatformFeatures (116)
[2025.05.30-18.43.39:095][184]LogModuleManager: Shutting down and abandoning module GameplayMediaEncoder (115)
[2025.05.30-18.43.39:095][184]LogModuleManager: Shutting down and abandoning module AVEncoder (114)
[2025.05.30-18.43.39:095][184]LogModuleManager: Shutting down and abandoning module OculusOpenXRHMD (110)
[2025.05.30-18.43.39:095][184]LogModuleManager: Shutting down and abandoning module VariantManagerContent (108)
[2025.05.30-18.43.39:095][184]LogModuleManager: Shutting down and abandoning module OpenXREyeTracker (106)
[2025.05.30-18.43.39:095][184]LogModuleManager: Shutting down and abandoning module OpenXRAR (104)
[2025.05.30-18.43.39:095][184]LogModuleManager: Shutting down and abandoning module AugmentedReality (103)
[2025.05.30-18.43.39:095][184]LogModuleManager: Shutting down and abandoning module OpenXRHandTracking (100)
[2025.05.30-18.43.39:096][184]LogSlate: Slate User Destroyed.  User Index 0, Is Virtual User: 0
[2025.05.30-18.43.39:096][184]LogSlate: Slate User Destroyed.  User Index 8, Is Virtual User: 1
[2025.05.30-18.43.39:097][184]LogModuleManager: Shutting down and abandoning module OpenXRHMD (99)
[2025.05.30-18.43.39:097][184]LogModuleManager: Shutting down and abandoning module ExampleDeviceProfileSelector (96)
[2025.05.30-18.43.39:097][184]LogModuleManager: Shutting down and abandoning module ChunkDownloader (94)
[2025.05.30-18.43.39:097][184]LogModuleManager: Shutting down and abandoning module OnlineBlueprintSupport (92)
[2025.05.30-18.43.39:097][184]LogModuleManager: Shutting down and abandoning module OnlineSubsystem (88)
[2025.05.30-18.43.39:098][184]LogModuleManager: Shutting down and abandoning module XMPP (83)
[2025.05.30-18.43.39:098][184]LogModuleManager: Shutting down and abandoning module WebSockets (82)
[2025.05.30-18.43.39:109][184]LogModuleManager: Shutting down and abandoning module HTTP (79)
[2025.05.30-18.43.39:109][184]LogHttp: Display: Http module shutting down, but needs to wait on 1 outstanding Http requests:
[2025.05.30-18.43.39:109][184]LogHttp: Display: 	verb=[POST] url=[https://datarouter.ol.epicgames.com/datarouter/api/v1/public/data?SessionID=%7B9F628FB6-4E20-D708-1FBA-F7B121A142EF%7D&AppID=UEEditor.Rocket.Release&AppVersion=4.27.2-18319896%2B%2B%2BUE4%2BRelease-4.27&UserID=29a1682c4da2b9fb60de3db7dadeff8b%7C3b7cee265c2b4945b248a1ee91500962%7C1ee3e687-2c10-4394-be88-32a12c2dc2e8&AppEnvironment=datacollector-binary&UploadType=eteventstream] refs=[1] status=Processing
[2025.05.30-18.43.39:109][184]LogHttp: Display: cleaning up 1 outstanding Http requests.
[2025.05.30-18.43.39:115][184]LogModuleManager: Shutting down and abandoning module SSL (78)
[2025.05.30-18.43.39:116][184]LogModuleManager: Shutting down and abandoning module LauncherChunkInstaller (74)
[2025.05.30-18.43.39:117][184]LogModuleManager: Shutting down and abandoning module MLSDK (72)
[2025.05.30-18.43.39:117][184]LogModuleManager: Shutting down and abandoning module WmfMedia (70)
[2025.05.30-18.43.39:118][184]LogModuleManager: Shutting down and abandoning module Media (69)
[2025.05.30-18.43.39:119][184]LogModuleManager: Shutting down and abandoning module MediaInfo (68)
[2025.05.30-18.43.39:119][184]LogModuleManager: Shutting down and abandoning module MagicLeap (64)
[2025.05.30-18.43.39:119][184]LogModuleManager: Shutting down and abandoning module ExrReaderGpu (62)
[2025.05.30-18.43.39:119][184]LogModuleManager: Shutting down and abandoning module ChaosCloth (60)
[2025.05.30-18.43.39:119][184]LogModuleManager: Shutting down and abandoning module NiagaraVertexFactories (58)
[2025.05.30-18.43.39:119][184]LogModuleManager: Shutting down and abandoning module NiagaraShader (56)
[2025.05.30-18.43.39:119][184]LogModuleManager: Shutting down and abandoning module DatasmithContent (54)
[2025.05.30-18.43.39:119][184]LogModuleManager: Shutting down and abandoning module PixWinPlugin (52)
[2025.05.30-18.43.39:119][184]LogModuleManager: Shutting down and abandoning module AISupportModule (50)
[2025.05.30-18.43.39:119][184]LogModuleManager: Shutting down and abandoning module DesktopPlatform (48)
[2025.05.30-18.43.39:119][184]LogModuleManager: Shutting down and abandoning module PythonScriptPluginPreload (46)
[2025.05.30-18.43.39:119][184]LogModuleManager: Shutting down and abandoning module PlatformCryptoOpenSSL (44)
[2025.05.30-18.43.39:119][184]LogModuleManager: Shutting down and abandoning module PlatformCryptoTypes (42)
[2025.05.30-18.43.39:119][184]LogModuleManager: Shutting down and abandoning module PlatformCrypto (40)
[2025.05.30-18.43.39:119][184]LogModuleManager: Shutting down and abandoning module OodleDataCompressionFormat (38)
[2025.05.30-18.43.39:119][184]LogModuleManager: Shutting down and abandoning module XGEController (36)
[2025.05.30-18.43.39:119][184]LogModuleManager: Shutting down and abandoning module AnimationModifiers (34)
[2025.05.30-18.43.39:119][184]LogModuleManager: Shutting down and abandoning module AudioEditor (32)
[2025.05.30-18.43.39:119][184]LogModuleManager: Shutting down and abandoning module PropertyEditor (31)
[2025.05.30-18.43.39:119][184]LogModuleManager: Shutting down and abandoning module TextureCompressor (28)
[2025.05.30-18.43.39:119][184]LogModuleManager: Shutting down and abandoning module RenderCore (26)
[2025.05.30-18.43.39:119][184]LogModuleManager: Shutting down and abandoning module Landscape (24)
[2025.05.30-18.43.39:119][184]LogModuleManager: Shutting down and abandoning module SlateRHIRenderer (22)
[2025.05.30-18.43.39:121][184]LogModuleManager: Shutting down and abandoning module AnimGraphRuntime (20)
[2025.05.30-18.43.39:121][184]LogModuleManager: Shutting down and abandoning module Renderer (18)
[2025.05.30-18.43.39:121][184]LogModuleManager: Shutting down and abandoning module Engine (16)
[2025.05.30-18.43.39:121][184]LogModuleManager: Shutting down and abandoning module CoreUObject (14)
[2025.05.30-18.43.39:121][184]LogModuleManager: Shutting down and abandoning module NetworkFile (12)
[2025.05.30-18.43.39:121][184]LogModuleManager: Shutting down and abandoning module CookedIterativeFile (10)
[2025.05.30-18.43.39:121][184]LogModuleManager: Shutting down and abandoning module StreamingFile (8)
[2025.05.30-18.43.39:121][184]LogModuleManager: Shutting down and abandoning module SandboxFile (6)
[2025.05.30-18.43.39:121][184]LogModuleManager: Shutting down and abandoning module PakFile (4)
[2025.05.30-18.43.39:121][184]LogModuleManager: Shutting down and abandoning module RSA (3)
[2025.05.30-18.43.39:122][184]LogContentStreaming: Display: There are 1 unreleased StreamingManagers
[2025.05.30-18.43.39:137][184]LogD3D11RHI: Shutdown
[2025.05.30-18.43.39:137][184]LogD3D11RHI: CleanupD3DDevice
[2025.05.30-18.43.39:144][184]LogD3D11RHI: Intel Extensions Framework unloaded
[2025.05.30-18.43.39:151][184]LogD3D11RHI: [IntelMetricsDiscovery] Stopped
[2025.05.30-18.43.39:151][184]LogExit: Exiting.
[2025.05.30-18.43.39:161][184]Log file closed, 05/30/25 21:43:39
