Log file open, 05/30/25 17:22:19
LogWindows: Failed to load 'aqProf.dll' (GetLastError=126)
LogWindows: File 'aqProf.dll' does not exist
LogWindows: Failed to load 'VtuneApi.dll' (GetLastError=126)
LogWindows: File 'VtuneApi.dll' does not exist
LogWindows: Failed to load 'VtuneApi32e.dll' (GetLastError=126)
LogWindows: File 'VtuneApi32e.dll' does not exist
LogConsoleResponse: Display: Failed to find resolution value strings in scalability ini. Falling back to default.
LogConsoleResponse: Display: Failed to find resolution value strings in scalability ini. Falling back to default.
LogInit: Display: Running engine for game: EngiPracrice
LogPlatformFile: Not using cached read wrapper
LogTaskGraph: Started task graph with 5 named threads and 71 total threads with 3 sets of task threads.
LogStats: Stats thread started at 0.191292
LogICUInternationalization: ICU TimeZone Detection - Raw Offset: +3:00, Platform Override: ''
LogInit: Display: Loading text-based GConfig....
LogPluginManager: Mounting plugin MeshPainting
LogPluginManager: Mounting plugin XGEController
LogPluginManager: Mounting plugin Paper2D
LogPluginManager: Mounting plugin AISupport
LogPluginManager: Mounting plugin EnvironmentQueryEditor
LogPluginManager: Mounting plugin LightPropagationVolume
LogPluginManager: Mounting plugin LiveLink
LogPluginManager: Mounting plugin CameraShakePreviewer
LogPluginManager: Mounting plugin GameplayCameras
LogPluginManager: Mounting plugin OodleData
LogPluginManager: Mounting plugin OodleNetwork
LogPluginManager: Mounting plugin CLionSourceCodeAccess
LogPluginManager: Mounting plugin AnimationSharing
LogPluginManager: Mounting plugin CodeLiteSourceCodeAccess
LogPluginManager: Mounting plugin GitSourceControl
LogPluginManager: Mounting plugin KDevelopSourceCodeAccess
LogPluginManager: Mounting plugin NullSourceCodeAccess
LogPluginManager: Mounting plugin PerforceSourceControl
LogPluginManager: Mounting plugin PlasticSourceControl
LogPluginManager: Mounting plugin PluginUtils
LogPluginManager: Mounting plugin PropertyAccessNode
LogPluginManager: Mounting plugin RiderSourceCodeAccess
LogPluginManager: Mounting plugin SubversionSourceControl
LogPluginManager: Mounting plugin TextureFormatOodle
LogPluginManager: Mounting plugin UObjectPlugin
LogPluginManager: Mounting plugin VisualStudioCodeSourceCodeAccess
LogPluginManager: Mounting plugin VisualStudioSourceCodeAccess
LogPluginManager: Mounting plugin XCodeSourceCodeAccess
LogPluginManager: Mounting plugin PixWinPlugin
LogPluginManager: Mounting plugin DatasmithContent
LogPluginManager: Mounting plugin AssetManagerEditor
LogPluginManager: Mounting plugin CryptoKeys
LogPluginManager: Mounting plugin CurveEditorTools
LogPluginManager: Mounting plugin DataValidation
LogPluginManager: Mounting plugin FacialAnimation
LogPluginManager: Mounting plugin GameplayTagsEditor
LogPluginManager: Mounting plugin GeometryMode
LogPluginManager: Mounting plugin VariantManagerContent
LogPluginManager: Mounting plugin MacGraphicsSwitching
LogPluginManager: Mounting plugin MaterialAnalyzer
LogPluginManager: Mounting plugin MobileLauncherProfileWizard
LogPluginManager: Mounting plugin PluginBrowser
LogPluginManager: Mounting plugin SpeedTreeImporter
LogPluginManager: Mounting plugin Niagara
LogPluginManager: Mounting plugin LuminPlatformFeatures
LogPluginManager: Mounting plugin MagicLeap
LogPluginManager: Mounting plugin MagicLeapLightEstimation
LogPluginManager: Mounting plugin MagicLeapMedia
LogPluginManager: Mounting plugin MagicLeapPassableWorld
LogPluginManager: Mounting plugin MLSDK
LogPluginManager: Mounting plugin AndroidMedia
LogPluginManager: Mounting plugin AvfMedia
LogPluginManager: Mounting plugin ImgMedia
LogPluginManager: Mounting plugin MediaCompositing
LogPluginManager: Mounting plugin MediaPlayerEditor
LogPluginManager: Mounting plugin WebMMedia
LogPluginManager: Mounting plugin WmfMedia
LogPluginManager: Mounting plugin AlembicImporter
LogPluginManager: Mounting plugin AutomationUtils
LogPluginManager: Mounting plugin BackChannel
LogPluginManager: Mounting plugin UdpMessaging
LogPluginManager: Mounting plugin TcpMessaging
LogPluginManager: Mounting plugin ChaosCloth
LogPluginManager: Mounting plugin ChaosClothEditor
LogPluginManager: Mounting plugin ChaosNiagara
LogPluginManager: Mounting plugin ChaosSolverPlugin
LogPluginManager: Mounting plugin CharacterAI
LogPluginManager: Mounting plugin ChaosEditor
LogPluginManager: Mounting plugin GeometryCache
LogPluginManager: Mounting plugin GeometryCollectionPlugin
LogPluginManager: Mounting plugin ActorSequence
LogPluginManager: Mounting plugin LevelSequenceEditor
LogPluginManager: Mounting plugin MatineeToLevelSequence
LogPluginManager: Mounting plugin TemplateSequence
LogPluginManager: Mounting plugin GeometryProcessing
LogPluginManager: Mounting plugin MotoSynth
LogPluginManager: Mounting plugin OpenImageDenoise
LogPluginManager: Mounting plugin PlanarCut
LogPluginManager: Mounting plugin PlatformCrypto
LogPluginManager: Mounting plugin ProxyLODPlugin
LogPluginManager: Mounting plugin PythonScriptPlugin
LogPluginManager: Mounting plugin SkeletalReduction
LogPluginManager: Mounting plugin OnlineSubsystem
LogPluginManager: Mounting plugin OnlineSubsystemNull
LogPluginManager: Mounting plugin OnlineSubsystemUtils
LogPluginManager: Mounting plugin ActorLayerUtilities
LogPluginManager: Mounting plugin LauncherChunkInstaller
LogPluginManager: Mounting plugin AndroidMoviePlayer
LogPluginManager: Mounting plugin AndroidDeviceProfileSelector
LogPluginManager: Mounting plugin AndroidPermission
LogPluginManager: Mounting plugin AppleImageUtils
LogPluginManager: Mounting plugin AppleMoviePlayer
LogPluginManager: Mounting plugin ArchVisCharacter
LogPluginManager: Mounting plugin AssetTags
LogPluginManager: Mounting plugin AudioCapture
LogPluginManager: Mounting plugin AudioSynesthesia
LogPluginManager: Mounting plugin CableComponent
LogPluginManager: Mounting plugin ChunkDownloader
LogPluginManager: Mounting plugin CustomMeshComponent
LogPluginManager: Mounting plugin EditableMesh
LogPluginManager: Mounting plugin ExampleDeviceProfileSelector
LogPluginManager: Mounting plugin GoogleCloudMessaging
LogPluginManager: Mounting plugin GooglePAD
LogPluginManager: Mounting plugin IOSDeviceProfileSelector
LogPluginManager: Mounting plugin LinuxDeviceProfileSelector
LogPluginManager: Mounting plugin LocationServicesBPLibrary
LogPluginManager: Mounting plugin MobilePatchingUtils
LogPluginManager: Mounting plugin OpenXR
LogPluginManager: Mounting plugin OpenXREyeTracker
LogPluginManager: Mounting plugin OpenXRHandTracking
LogPluginManager: Mounting plugin PhysXVehicles
LogPluginManager: Mounting plugin ScreenshotTools
LogPluginManager: Mounting plugin PostSplashScreen
LogPluginManager: Mounting plugin PropertyAccessEditor
LogPluginManager: Mounting plugin ProceduralMeshComponent
LogPluginManager: Mounting plugin RuntimePhysXCooking
LogPluginManager: Mounting plugin ResonanceAudio
LogPluginManager: Mounting plugin SignificanceManager
LogPluginManager: Mounting plugin SoundFields
LogPluginManager: Mounting plugin Synthesis
LogPluginManager: Mounting plugin WebMMoviePlayer
LogPluginManager: Mounting plugin WindowsMoviePlayer
LogPluginManager: Mounting plugin Takes
LogPluginManager: Mounting plugin ContentBrowserClassDataSource
LogPluginManager: Mounting plugin ContentBrowserAssetDataSource
LogPluginManager: Mounting plugin ContentBrowserFileDataSource
LogPluginManager: Mounting plugin OnlineSubsystemGooglePlay
LogPluginManager: Mounting plugin OnlineSubsystemIOS
LogPluginManager: Mounting plugin OculusOpenXR
PixWinPlugin: PIX capture plugin failed to initialize! Check that the process is launched from PIX.
LogInit: Using libcurl 7.55.1-DEV
LogInit:  - built for x86_64-pc-win32
LogInit:  - supports SSL with OpenSSL/1.1.1
LogInit:  - supports HTTP deflate (compression) using libz 1.2.8
LogInit:  - other features:
LogInit:      CURL_VERSION_SSL
LogInit:      CURL_VERSION_LIBZ
LogInit:      CURL_VERSION_IPV6
LogInit:      CURL_VERSION_ASYNCHDNS
LogInit:      CURL_VERSION_LARGEFILE
LogInit:      CURL_VERSION_IDN
LogInit:  CurlRequestOptions (configurable via config and command line):
LogInit:  - bVerifyPeer = true  - Libcurl will verify peer certificate
LogInit:  - bUseHttpProxy = false  - Libcurl will NOT use HTTP proxy
LogInit:  - bDontReuseConnections = false  - Libcurl will reuse connections
LogInit:  - MaxHostConnections = 16  - Libcurl will limit the number of connections to a host
LogInit:  - LocalHostAddr = Default
LogInit:  - BufferSize = 65536
LogOnline: OSS: Creating online subsystem instance for: NULL
LogInit: WinSock: version 1.1 (2.2), MaxSocks=32767, MaxUdp=65467
LogOnline: OSS: TryLoadSubsystemAndSetDefault: Loaded subsystem for module [NULL]
LogInit: Build: ++UE4+Release-4.27-CL-18319896
LogInit: Engine Version: 4.27.2-18319896+++UE4+Release-4.27
LogInit: Compatible Engine Version: 4.27.0-17155196+++UE4+Release-4.27
LogInit: Net CL: 17155196
LogInit: OS: Windows 10 (Release 2009) (), CPU: Intel(R) Core(TM) i7-14650HX, GPU: Intel(R) UHD Graphics
LogInit: Compiled (64-bit): Nov 30 2021 07:12:08
LogInit: Compiled with Visual C++: 19.24.28315.00
LogInit: Build Configuration: Development
LogInit: Branch Name: ++UE4+Release-4.27
LogInit: Command Line: 
LogInit: Base Directory: C:/Installed/Unreal Engine/UE_4.27/Engine/Binaries/Win64/
LogInit: Allocator: TBB
LogInit: Installed Engine Build: 1
LogDevObjectVersion: Number of dev versions registered: 29
LogDevObjectVersion:   Dev-Blueprints (B0D832E4-1F89-4F0D-ACCF-7EB736FD4AA2): 10
LogDevObjectVersion:   Dev-Build (E1C64328-A22C-4D53-A36C-8E866417BD8C): 0
LogDevObjectVersion:   Dev-Core (375EC13C-06E4-48FB-B500-84F0262A717E): 4
LogDevObjectVersion:   Dev-Editor (E4B068ED-F494-42E9-A231-DA0B2E46BB41): 40
LogDevObjectVersion:   Dev-Framework (CFFC743F-43B0-4480-9391-14DF171D2073): 37
LogDevObjectVersion:   Dev-Mobile (B02B49B5-BB20-44E9-A304-32B752E40360): 3
LogDevObjectVersion:   Dev-Networking (A4E4105C-59A1-49B5-A7C5-40C4547EDFEE): 0
LogDevObjectVersion:   Dev-Online (39C831C9-5AE6-47DC-9A44-9C173E1C8E7C): 0
LogDevObjectVersion:   Dev-Physics (78F01B33-EBEA-4F98-B9B4-84EACCB95AA2): 14
LogDevObjectVersion:   Dev-Platform (6631380F-2D4D-43E0-8009-CF276956A95A): 0
LogDevObjectVersion:   Dev-Rendering (12F88B9F-8875-4AFC-A67C-D90C383ABD29): 45
LogDevObjectVersion:   Dev-Sequencer (7B5AE74C-D270-4C10-A958-57980B212A5A): 13
LogDevObjectVersion:   Dev-VR (D7296918-1DD6-4BDD-9DE2-64A83CC13884): 3
LogDevObjectVersion:   Dev-LoadTimes (C2A15278-BFE7-4AFE-6C17-90FF531DF755): 1
LogDevObjectVersion:   Private-Geometry (6EACA3D4-40EC-4CC1-B786-8BED09428FC5): 3
LogDevObjectVersion:   Dev-AnimPhys (29E575DD-E0A3-4627-9D10-D276232CDCEA): 17
LogDevObjectVersion:   Dev-Anim (AF43A65D-7FD3-4947-9873-3E8ED9C1BB05): 15
LogDevObjectVersion:   Dev-ReflectionCapture (6B266CEC-1EC7-4B8F-A30B-E4D90942FC07): 1
LogDevObjectVersion:   Dev-Automation (0DF73D61-A23F-47EA-B727-89E90C41499A): 1
LogDevObjectVersion:   FortniteMain (601D1886-AC64-4F84-AA16-D3DE0DEAC7D6): 47
LogDevObjectVersion:   FortniteRelease (E7086368-6B23-4C58-8439-1B7016265E91): 1
LogDevObjectVersion:   Dev-Enterprise (9DFFBCD6-494F-0158-E221-12823C92A888): 10
LogDevObjectVersion:   Dev-Niagara (F2AED0AC-9AFE-416F-8664-AA7FFA26D6FC): 1
LogDevObjectVersion:   Dev-Destruction (174F1F0B-B4C6-45A5-B13F-2EE8D0FB917D): 10
LogDevObjectVersion:   Dev-Physics-Ext (35F94A83-E258-406C-A318-09F59610247C): 41
LogDevObjectVersion:   Dev-PhysicsMaterial-Chaos (B68FC16E-8B1B-42E2-B453-215C058844FE): 1
LogDevObjectVersion:   Dev-CineCamera (B2E18506-4273-CFC2-A54E-F4BB758BBA07): 1
LogDevObjectVersion:   Dev-VirtualProduction (64F58936-FD1B-42BA-BA96-7289D5D0FA4E): 1
LogDevObjectVersion:   Dev-MediaFramework (6F0ED827-A609-4895-9C91-998D90180EA4): 2
LogInit: Presizing for max 25165824 objects, including 0 objects not considered by GC, pre-allocating 0 bytes for permanent pool.
LogConfig: Applying CVar settings from Section [/Script/Engine.StreamingSettings] File [C:/Users/misha/YandexDisk/МИФИ/VR_tms/FinalProject/EngiPracrice/Saved/Config/Windows/Engine.ini]
LogConfig: Setting CVar [[s.MinBulkDataSizeForAsyncLoading:131072]]
LogConfig: Setting CVar [[s.AsyncLoadingThreadEnabled:0]]
LogConfig: Setting CVar [[s.EventDrivenLoaderEnabled:1]]
LogConfig: Setting CVar [[s.WarnIfTimeLimitExceeded:0]]
LogConfig: Setting CVar [[s.TimeLimitExceededMultiplier:1.5]]
LogConfig: Setting CVar [[s.TimeLimitExceededMinTime:0.005]]
LogConfig: Setting CVar [[s.UseBackgroundLevelStreaming:1]]
LogConfig: Setting CVar [[s.PriorityAsyncLoadingExtraTime:15.0]]
LogConfig: Setting CVar [[s.LevelStreamingActorsUpdateTimeLimit:5.0]]
LogConfig: Setting CVar [[s.PriorityLevelStreamingActorsUpdateExtraTime:5.0]]
LogConfig: Setting CVar [[s.LevelStreamingComponentsRegistrationGranularity:10]]
LogConfig: Setting CVar [[s.UnregisterComponentsTimeLimit:1.0]]
LogConfig: Setting CVar [[s.LevelStreamingComponentsUnregistrationGranularity:5]]
LogConfig: Setting CVar [[s.FlushStreamingOnExit:1]]
LogInit: Object subsystem initialized
LogConfig: Setting CVar [[con.DebugEarlyDefault:1]]
LogConfig: Setting CVar [[r.setres:1280x720]]
[2025.05.30-14.22.19:917][  0]LogConfig: Setting CVar [[r.VSync:0]]
[2025.05.30-14.22.19:917][  0]LogConfig: Setting CVar [[r.RHICmdBypass:0]]
[2025.05.30-14.22.19:917][  0]LogConfig: Applying CVar settings from Section [/Script/Engine.RendererSettings] File [C:/Users/misha/YandexDisk/МИФИ/VR_tms/FinalProject/EngiPracrice/Saved/Config/Windows/Engine.ini]
[2025.05.30-14.22.19:917][  0]LogConfig: Setting CVar [[r.GPUCrashDebugging:0]]
[2025.05.30-14.22.19:917][  0]LogConfig: Setting CVar [[r.Mobile.DisableVertexFog:1]]
[2025.05.30-14.22.19:917][  0]LogConfig: Setting CVar [[r.Shadow.CSM.MaxMobileCascades:2]]
[2025.05.30-14.22.19:917][  0]LogConfig: Setting CVar [[r.MobileMSAA:4]]
[2025.05.30-14.22.19:917][  0]LogConfig: Setting CVar [[r.Mobile.AllowDitheredLODTransition:0]]
[2025.05.30-14.22.19:917][  0]LogConfig: Setting CVar [[r.Mobile.AllowSoftwareOcclusion:0]]
[2025.05.30-14.22.19:917][  0]LogConfig: Setting CVar [[r.Mobile.VirtualTextures:0]]
[2025.05.30-14.22.19:917][  0]LogConfig: Setting CVar [[r.DiscardUnusedQuality:0]]
[2025.05.30-14.22.19:917][  0]LogConfig: Setting CVar [[r.AllowOcclusionQueries:1]]
[2025.05.30-14.22.19:917][  0]LogConfig: Setting CVar [[r.MinScreenRadiusForLights:0.030000]]
[2025.05.30-14.22.19:917][  0]LogConfig: Setting CVar [[r.MinScreenRadiusForDepthPrepass:0.030000]]
[2025.05.30-14.22.19:917][  0]LogConfig: Setting CVar [[r.MinScreenRadiusForCSMDepth:0.010000]]
[2025.05.30-14.22.19:917][  0]LogConfig: Setting CVar [[r.PrecomputedVisibilityWarning:0]]
[2025.05.30-14.22.19:917][  0]LogConfig: Setting CVar [[r.TextureStreaming:1]]
[2025.05.30-14.22.19:917][  0]LogConfig: Setting CVar [[Compat.UseDXT5NormalMaps:0]]
[2025.05.30-14.22.19:917][  0]LogConfig: Setting CVar [[r.VirtualTextures:0]]
[2025.05.30-14.22.19:917][  0]LogConfig: Setting CVar [[r.VirtualTexturedLightmaps:0]]
[2025.05.30-14.22.19:917][  0]LogConfig: Setting CVar [[r.VT.TileSize:128]]
[2025.05.30-14.22.19:917][  0]LogConfig: Setting CVar [[r.VT.TileBorderSize:4]]
[2025.05.30-14.22.19:917][  0]LogConfig: Setting CVar [[r.vt.FeedbackFactor:16]]
[2025.05.30-14.22.19:917][  0]LogConfig: Setting CVar [[r.VT.EnableCompressZlib:1]]
[2025.05.30-14.22.19:917][  0]LogConfig: Setting CVar [[r.VT.EnableCompressCrunch:0]]
[2025.05.30-14.22.19:917][  0]LogConfig: Setting CVar [[r.ClearCoatNormal:0]]
[2025.05.30-14.22.19:917][  0]LogConfig: Setting CVar [[r.ReflectionCaptureResolution:128]]
[2025.05.30-14.22.19:917][  0]LogConfig: Setting CVar [[r.Mobile.ReflectionCaptureCompression:0]]
[2025.05.30-14.22.19:917][  0]LogConfig: Setting CVar [[r.ReflectionEnvironmentLightmapMixBasedOnRoughness:1]]
[2025.05.30-14.22.19:917][  0]LogConfig: Setting CVar [[r.ForwardShading:1]]
[2025.05.30-14.22.19:917][  0]LogConfig: Setting CVar [[r.VertexFoggingForOpaque:1]]
[2025.05.30-14.22.19:917][  0]LogConfig: Setting CVar [[r.AllowStaticLighting:1]]
[2025.05.30-14.22.19:917][  0]LogConfig: Setting CVar [[r.NormalMapsForStaticLighting:0]]
[2025.05.30-14.22.19:917][  0]LogConfig: Setting CVar [[r.GenerateMeshDistanceFields:0]]
[2025.05.30-14.22.19:917][  0]LogConfig: Setting CVar [[r.DistanceFieldBuild.EightBit:0]]
[2025.05.30-14.22.19:917][  0]LogConfig: Setting CVar [[r.GenerateLandscapeGIData:0]]
[2025.05.30-14.22.19:917][  0]LogConfig: Setting CVar [[r.DistanceFieldBuild.Compress:0]]
[2025.05.30-14.22.19:917][  0]LogConfig: Setting CVar [[r.TessellationAdaptivePixelsPerTriangle:48.000000]]
[2025.05.30-14.22.19:917][  0]LogConfig: Setting CVar [[r.SeparateTranslucency:0]]
[2025.05.30-14.22.19:917][  0]LogConfig: Setting CVar [[r.TranslucentSortPolicy:0]]
[2025.05.30-14.22.19:917][  0]LogConfig: Setting CVar [[r.CustomDepth:1]]
[2025.05.30-14.22.19:917][  0]LogConfig: Setting CVar [[r.CustomDepthTemporalAAJitter:1]]
[2025.05.30-14.22.19:917][  0]LogConfig: Setting CVar [[r.PostProcessing.PropagateAlpha:0]]
[2025.05.30-14.22.19:917][  0]LogConfig: Setting CVar [[r.DefaultFeature.Bloom:0]]
[2025.05.30-14.22.19:917][  0]LogConfig: Setting CVar [[r.DefaultFeature.AmbientOcclusion:0]]
[2025.05.30-14.22.19:917][  0]LogConfig: Setting CVar [[r.DefaultFeature.AmbientOcclusionStaticFraction:1]]
[2025.05.30-14.22.19:917][  0]LogConfig: Setting CVar [[r.DefaultFeature.AutoExposure:0]]
[2025.05.30-14.22.19:917][  0]LogConfig: Setting CVar [[r.DefaultFeature.AutoExposure.Method:0]]
[2025.05.30-14.22.19:917][  0]LogConfig: Setting CVar [[r.DefaultFeature.AutoExposure.Bias:1.000000]]
[2025.05.30-14.22.19:917][  0]LogConfig: Setting CVar [[r.DefaultFeature.AutoExposure.ExtendDefaultLuminanceRange:1]]
[2025.05.30-14.22.19:917][  0]LogConfig: Setting CVar [[r.UsePreExposure:1]]
[2025.05.30-14.22.19:917][  0]LogConfig: Setting CVar [[r.EyeAdaptation.EditorOnly:0]]
[2025.05.30-14.22.19:917][  0]LogConfig: Setting CVar [[r.DefaultFeature.MotionBlur:0]]
[2025.05.30-14.22.19:917][  0]LogConfig: Setting CVar [[r.DefaultFeature.LensFlare:0]]
[2025.05.30-14.22.19:917][  0]LogConfig: Setting CVar [[r.TemporalAA.Upsampling:0]]
[2025.05.30-14.22.19:917][  0]LogConfig: Setting CVar [[r.SSGI.Enable:0]]
[2025.05.30-14.22.19:917][  0]LogConfig: Setting CVar [[r.DefaultFeature.AntiAliasing:3]]
[2025.05.30-14.22.19:917][  0]LogConfig: Setting CVar [[r.DefaultFeature.LightUnits:1]]
[2025.05.30-14.22.19:917][  0]LogConfig: Setting CVar [[r.DefaultBackBufferPixelFormat:4]]
[2025.05.30-14.22.19:917][  0]LogConfig: Setting CVar [[r.Shadow.UnbuiltPreviewInGame:1]]
[2025.05.30-14.22.19:917][  0]LogConfig: Setting CVar [[r.StencilForLODDither:0]]
[2025.05.30-14.22.19:917][  0]LogConfig: Setting CVar [[r.EarlyZPass:3]]
[2025.05.30-14.22.19:917][  0]LogConfig: Setting CVar [[r.EarlyZPassOnlyMaterialMasking:0]]
[2025.05.30-14.22.19:917][  0]LogConfig: Setting CVar [[r.DBuffer:1]]
[2025.05.30-14.22.19:917][  0]LogConfig: Setting CVar [[r.ClearSceneMethod:1]]
[2025.05.30-14.22.19:917][  0]LogConfig: Setting CVar [[r.BasePassOutputsVelocity:0]]
[2025.05.30-14.22.19:917][  0]LogConfig: Setting CVar [[r.VertexDeformationOutputsVelocity:0]]
[2025.05.30-14.22.19:917][  0]LogConfig: Setting CVar [[r.SelectiveBasePassOutputs:0]]
[2025.05.30-14.22.19:917][  0]LogConfig: Setting CVar [[fx.GPUSimulationTextureSizeX:1024]]
[2025.05.30-14.22.19:917][  0]LogConfig: Setting CVar [[fx.GPUSimulationTextureSizeY:1024]]
[2025.05.30-14.22.19:917][  0]LogConfig: Setting CVar [[r.AllowGlobalClipPlane:0]]
[2025.05.30-14.22.19:917][  0]LogConfig: Setting CVar [[r.GBufferFormat:1]]
[2025.05.30-14.22.19:917][  0]LogConfig: Setting CVar [[r.MorphTarget.Mode:1]]
[2025.05.30-14.22.19:917][  0]LogConfig: Setting CVar [[vr.InstancedStereo:1]]
[2025.05.30-14.22.19:917][  0]LogConfig: Setting CVar [[r.MobileHDR:0]]
[2025.05.30-14.22.19:917][  0]LogConfig: Setting CVar [[vr.MobileMultiView:1]]
[2025.05.30-14.22.19:917][  0]LogConfig: Setting CVar [[r.Mobile.UseHWsRGBEncoding:1]]
[2025.05.30-14.22.19:917][  0]LogConfig: Setting CVar [[vr.RoundRobinOcclusion:0]]
[2025.05.30-14.22.19:917][  0]LogConfig: Setting CVar [[vr.ODSCapture:0]]
[2025.05.30-14.22.19:917][  0]LogConfig: Setting CVar [[r.MeshStreaming:0]]
[2025.05.30-14.22.19:917][  0]LogConfig: Setting CVar [[r.WireframeCullThreshold:5.000000]]
[2025.05.30-14.22.19:917][  0]LogConfig: Setting CVar [[r.RayTracing:0]]
[2025.05.30-14.22.19:917][  0]LogConfig: Setting CVar [[r.RayTracing.UseTextureLod:0]]
[2025.05.30-14.22.19:917][  0]LogConfig: Setting CVar [[r.SupportStationarySkylight:1]]
[2025.05.30-14.22.19:917][  0]LogConfig: Setting CVar [[r.SupportLowQualityLightmaps:1]]
[2025.05.30-14.22.19:917][  0]LogConfig: Setting CVar [[r.SupportPointLightWholeSceneShadows:1]]
[2025.05.30-14.22.19:917][  0]LogConfig: Setting CVar [[r.SupportAtmosphericFog:1]]
[2025.05.30-14.22.19:917][  0]LogConfig: Setting CVar [[r.SupportSkyAtmosphere:1]]
[2025.05.30-14.22.19:917][  0]LogConfig: Setting CVar [[r.SupportSkyAtmosphereAffectsHeightFog:0]]
[2025.05.30-14.22.19:917][  0]LogConfig: Setting CVar [[r.SkinCache.CompileShaders:0]]
[2025.05.30-14.22.19:917][  0]LogConfig: Setting CVar [[r.SkinCache.DefaultBehavior:1]]
[2025.05.30-14.22.19:917][  0]LogConfig: Setting CVar [[r.SkinCache.SceneMemoryLimitInMB:128.000000]]
[2025.05.30-14.22.19:917][  0]LogConfig: Setting CVar [[r.Mobile.EnableStaticAndCSMShadowReceivers:1]]
[2025.05.30-14.22.19:917][  0]LogConfig: Setting CVar [[r.Mobile.EnableMovableLightCSMShaderCulling:1]]
[2025.05.30-14.22.19:917][  0]LogConfig: Setting CVar [[r.Mobile.AllowDistanceFieldShadows:1]]
[2025.05.30-14.22.19:917][  0]LogConfig: Setting CVar [[r.Mobile.AllowMovableDirectionalLights:1]]
[2025.05.30-14.22.19:917][  0]LogConfig: Setting CVar [[r.MobileNumDynamicPointLights:4]]
[2025.05.30-14.22.19:917][  0]LogConfig: Setting CVar [[r.MobileDynamicPointLightsUseStaticBranch:1]]
[2025.05.30-14.22.19:917][  0]LogConfig: Setting CVar [[r.Mobile.EnableMovableSpotlights:0]]
[2025.05.30-14.22.19:917][  0]LogConfig: Setting CVar [[r.Mobile.EnableMovableSpotlightsShadow:0]]
[2025.05.30-14.22.19:917][  0]LogConfig: Setting CVar [[r.GPUSkin.Support16BitBoneIndex:0]]
[2025.05.30-14.22.19:917][  0]LogConfig: Setting CVar [[r.GPUSkin.Limit2BoneInfluences:0]]
[2025.05.30-14.22.19:917][  0]LogConfig: Setting CVar [[r.SupportDepthOnlyIndexBuffers:1]]
[2025.05.30-14.22.19:917][  0]LogConfig: Setting CVar [[r.SupportReversedIndexBuffers:1]]
[2025.05.30-14.22.19:917][  0]LogConfig: Setting CVar [[r.LightPropagationVolume:0]]
[2025.05.30-14.22.19:917][  0]LogConfig: Setting CVar [[r.Mobile.AmbientOcclusion:0]]
[2025.05.30-14.22.19:917][  0]LogConfig: Setting CVar [[r.GPUSkin.UnlimitedBoneInfluences:0]]
[2025.05.30-14.22.19:917][  0]LogConfig: Setting CVar [[r.GPUSkin.UnlimitedBoneInfluencesThreshold:8]]
[2025.05.30-14.22.19:917][  0]LogConfig: Setting CVar [[r.Mobile.PlanarReflectionMode:0]]
[2025.05.30-14.22.19:917][  0]LogConfig: Setting CVar [[r.Mobile.SupportGPUScene:1]]
[2025.05.30-14.22.19:917][  0]LogConfig: Applying CVar settings from Section [/Script/Engine.RendererOverrideSettings] File [C:/Users/misha/YandexDisk/МИФИ/VR_tms/FinalProject/EngiPracrice/Saved/Config/Windows/Engine.ini]
[2025.05.30-14.22.19:917][  0]LogConfig: Applying CVar settings from Section [/Script/Engine.StreamingSettings] File [C:/Users/misha/YandexDisk/МИФИ/VR_tms/FinalProject/EngiPracrice/Saved/Config/Windows/Engine.ini]
[2025.05.30-14.22.19:917][  0]LogConfig: Setting CVar [[s.MinBulkDataSizeForAsyncLoading:131072]]
[2025.05.30-14.22.19:917][  0]LogConfig: Setting CVar [[s.AsyncLoadingThreadEnabled:0]]
[2025.05.30-14.22.19:917][  0]LogConfig: Setting CVar [[s.EventDrivenLoaderEnabled:1]]
[2025.05.30-14.22.19:917][  0]LogConfig: Setting CVar [[s.WarnIfTimeLimitExceeded:0]]
[2025.05.30-14.22.19:917][  0]LogConfig: Setting CVar [[s.TimeLimitExceededMultiplier:1.5]]
[2025.05.30-14.22.19:917][  0]LogConfig: Setting CVar [[s.TimeLimitExceededMinTime:0.005]]
[2025.05.30-14.22.19:917][  0]LogConfig: Setting CVar [[s.UseBackgroundLevelStreaming:1]]
[2025.05.30-14.22.19:917][  0]LogConfig: Setting CVar [[s.PriorityAsyncLoadingExtraTime:15.0]]
[2025.05.30-14.22.19:917][  0]LogConfig: Setting CVar [[s.LevelStreamingActorsUpdateTimeLimit:5.0]]
[2025.05.30-14.22.19:917][  0]LogConfig: Setting CVar [[s.PriorityLevelStreamingActorsUpdateExtraTime:5.0]]
[2025.05.30-14.22.19:917][  0]LogConfig: Setting CVar [[s.LevelStreamingComponentsRegistrationGranularity:10]]
[2025.05.30-14.22.19:917][  0]LogConfig: Setting CVar [[s.UnregisterComponentsTimeLimit:1.0]]
[2025.05.30-14.22.19:917][  0]LogConfig: Setting CVar [[s.LevelStreamingComponentsUnregistrationGranularity:5]]
[2025.05.30-14.22.19:917][  0]LogConfig: Setting CVar [[s.FlushStreamingOnExit:1]]
[2025.05.30-14.22.19:917][  0]LogConfig: Applying CVar settings from Section [/Script/Engine.GarbageCollectionSettings] File [C:/Users/misha/YandexDisk/МИФИ/VR_tms/FinalProject/EngiPracrice/Saved/Config/Windows/Engine.ini]
[2025.05.30-14.22.19:917][  0]LogConfig: Setting CVar [[gc.MaxObjectsNotConsideredByGC:1]]
[2025.05.30-14.22.19:918][  0]LogConfig: Setting CVar [[gc.SizeOfPermanentObjectPool:0]]
[2025.05.30-14.22.19:918][  0]LogConfig: Setting CVar [[gc.FlushStreamingOnGC:0]]
[2025.05.30-14.22.19:918][  0]LogConfig: Setting CVar [[gc.NumRetriesBeforeForcingGC:10]]
[2025.05.30-14.22.19:918][  0]LogConfig: Setting CVar [[gc.AllowParallelGC:1]]
[2025.05.30-14.22.19:918][  0]LogConfig: Setting CVar [[gc.TimeBetweenPurgingPendingKillObjects:61.1]]
[2025.05.30-14.22.19:918][  0]LogConfig: Setting CVar [[gc.MaxObjectsInEditor:25165824]]
[2025.05.30-14.22.19:918][  0]LogConfig: Setting CVar [[gc.IncrementalBeginDestroyEnabled:1]]
[2025.05.30-14.22.19:918][  0]LogConfig: Setting CVar [[gc.CreateGCClusters:1]]
[2025.05.30-14.22.19:918][  0]LogConfig: Setting CVar [[gc.MinGCClusterSize:5]]
[2025.05.30-14.22.19:918][  0]LogConfig: Setting CVar [[gc.ActorClusteringEnabled:0]]
[2025.05.30-14.22.19:918][  0]LogConfig: Setting CVar [[gc.BlueprintClusteringEnabled:0]]
[2025.05.30-14.22.19:918][  0]LogConfig: Setting CVar [[gc.UseDisregardForGCOnDedicatedServers:0]]
[2025.05.30-14.22.19:918][  0]LogConfig: Setting CVar [[gc.MultithreadedDestructionEnabled:1]]
[2025.05.30-14.22.19:918][  0]LogConfig: Applying CVar settings from Section [/Script/Engine.NetworkSettings] File [C:/Users/misha/YandexDisk/МИФИ/VR_tms/FinalProject/EngiPracrice/Saved/Config/Windows/Engine.ini]
[2025.05.30-14.22.19:918][  0]LogConfig: Applying CVar settings from Section [/Script/UnrealEd.CookerSettings] File [C:/Users/misha/YandexDisk/МИФИ/VR_tms/FinalProject/EngiPracrice/Saved/Config/Windows/Engine.ini]
[2025.05.30-14.22.19:934][  0]LogConfig: Applying CVar settings from Section [ViewDistanceQuality@3] File [C:/Users/misha/YandexDisk/МИФИ/VR_tms/FinalProject/EngiPracrice/Saved/Config/Windows/Scalability.ini]
[2025.05.30-14.22.19:935][  0]LogConfig: Setting CVar [[r.SkeletalMeshLODBias:0]]
[2025.05.30-14.22.19:935][  0]LogConfig: Setting CVar [[r.ViewDistanceScale:1.0]]
[2025.05.30-14.22.19:935][  0]LogConfig: Applying CVar settings from Section [AntiAliasingQuality@3] File [C:/Users/misha/YandexDisk/МИФИ/VR_tms/FinalProject/EngiPracrice/Saved/Config/Windows/Scalability.ini]
[2025.05.30-14.22.19:935][  0]LogConfig: Setting CVar [[r.PostProcessAAQuality:4]]
[2025.05.30-14.22.19:935][  0]LogConfig: Applying CVar settings from Section [ShadowQuality@3] File [C:/Users/misha/YandexDisk/МИФИ/VR_tms/FinalProject/EngiPracrice/Saved/Config/Windows/Scalability.ini]
[2025.05.30-14.22.19:935][  0]LogConfig: Setting CVar [[r.LightFunctionQuality:1]]
[2025.05.30-14.22.19:935][  0]LogConfig: Setting CVar [[r.ShadowQuality:5]]
[2025.05.30-14.22.19:935][  0]LogConfig: Setting CVar [[r.Shadow.CSM.MaxCascades:10]]
[2025.05.30-14.22.19:935][  0]LogConfig: Setting CVar [[r.Shadow.MaxResolution:2048]]
[2025.05.30-14.22.19:935][  0]LogConfig: Setting CVar [[r.Shadow.MaxCSMResolution:2048]]
[2025.05.30-14.22.19:935][  0]LogConfig: Setting CVar [[r.Shadow.RadiusThreshold:0.01]]
[2025.05.30-14.22.19:935][  0]LogConfig: Setting CVar [[r.Shadow.DistanceScale:1.0]]
[2025.05.30-14.22.19:935][  0]LogConfig: Setting CVar [[r.Shadow.CSM.TransitionScale:1.0]]
[2025.05.30-14.22.19:935][  0]LogConfig: Setting CVar [[r.Shadow.PreShadowResolutionFactor:1.0]]
[2025.05.30-14.22.19:935][  0]LogConfig: Setting CVar [[r.DistanceFieldShadowing:1]]
[2025.05.30-14.22.19:935][  0]LogConfig: Setting CVar [[r.DistanceFieldAO:1]]
[2025.05.30-14.22.19:935][  0]LogConfig: Setting CVar [[r.AOQuality:2]]
[2025.05.30-14.22.19:935][  0]LogConfig: Setting CVar [[r.VolumetricFog:1]]
[2025.05.30-14.22.19:935][  0]LogConfig: Setting CVar [[r.VolumetricFog.GridPixelSize:8]]
[2025.05.30-14.22.19:935][  0]LogConfig: Setting CVar [[r.VolumetricFog.GridSizeZ:128]]
[2025.05.30-14.22.19:935][  0]LogConfig: Setting CVar [[r.VolumetricFog.HistoryMissSupersampleCount:4]]
[2025.05.30-14.22.19:935][  0]LogConfig: Setting CVar [[r.LightMaxDrawDistanceScale:1]]
[2025.05.30-14.22.19:935][  0]LogConfig: Setting CVar [[r.CapsuleShadows:1]]
[2025.05.30-14.22.19:935][  0]LogConfig: Applying CVar settings from Section [PostProcessQuality@3] File [C:/Users/misha/YandexDisk/МИФИ/VR_tms/FinalProject/EngiPracrice/Saved/Config/Windows/Scalability.ini]
[2025.05.30-14.22.19:935][  0]LogConfig: Setting CVar [[r.MotionBlurQuality:4]]
[2025.05.30-14.22.19:935][  0]LogConfig: Setting CVar [[r.AmbientOcclusionMipLevelFactor:0.4]]
[2025.05.30-14.22.19:935][  0]LogConfig: Setting CVar [[r.AmbientOcclusionMaxQuality:100]]
[2025.05.30-14.22.19:935][  0]LogConfig: Setting CVar [[r.AmbientOcclusionLevels:-1]]
[2025.05.30-14.22.19:935][  0]LogConfig: Setting CVar [[r.AmbientOcclusionRadiusScale:1.0]]
[2025.05.30-14.22.19:935][  0]LogConfig: Setting CVar [[r.DepthOfFieldQuality:2]]
[2025.05.30-14.22.19:935][  0]LogConfig: Setting CVar [[r.RenderTargetPoolMin:400]]
[2025.05.30-14.22.19:935][  0]LogConfig: Setting CVar [[r.LensFlareQuality:2]]
[2025.05.30-14.22.19:935][  0]LogConfig: Setting CVar [[r.SceneColorFringeQuality:1]]
[2025.05.30-14.22.19:935][  0]LogConfig: Setting CVar [[r.EyeAdaptationQuality:2]]
[2025.05.30-14.22.19:935][  0]LogConfig: Setting CVar [[r.BloomQuality:5]]
[2025.05.30-14.22.19:935][  0]LogConfig: Setting CVar [[r.FastBlurThreshold:100]]
[2025.05.30-14.22.19:935][  0]LogConfig: Setting CVar [[r.Upscale.Quality:3]]
[2025.05.30-14.22.19:935][  0]LogConfig: Setting CVar [[r.Tonemapper.GrainQuantization:1]]
[2025.05.30-14.22.19:935][  0]LogConfig: Setting CVar [[r.LightShaftQuality:1]]
[2025.05.30-14.22.19:935][  0]LogConfig: Setting CVar [[r.Filter.SizeScale:1]]
[2025.05.30-14.22.19:935][  0]LogConfig: Setting CVar [[r.Tonemapper.Quality:5]]
[2025.05.30-14.22.19:935][  0]LogConfig: Setting CVar [[r.DOF.Gather.AccumulatorQuality:1        ; higher gathering accumulator quality]]
[2025.05.30-14.22.19:935][  0]LogConfig: Setting CVar [[r.DOF.Gather.PostfilterMethod:1          ; Median3x3 postfilering method]]
[2025.05.30-14.22.19:935][  0]LogConfig: Setting CVar [[r.DOF.Gather.EnableBokehSettings:0       ; no bokeh simulation when gathering]]
[2025.05.30-14.22.19:935][  0]LogConfig: Setting CVar [[r.DOF.Gather.RingCount:4                 ; medium number of samples when gathering]]
[2025.05.30-14.22.19:935][  0]LogConfig: Setting CVar [[r.DOF.Scatter.ForegroundCompositing:1    ; additive foreground scattering]]
[2025.05.30-14.22.19:935][  0]LogConfig: Setting CVar [[r.DOF.Scatter.BackgroundCompositing:2    ; additive background scattering]]
[2025.05.30-14.22.19:935][  0]LogConfig: Setting CVar [[r.DOF.Scatter.EnableBokehSettings:1      ; bokeh simulation when scattering]]
[2025.05.30-14.22.19:935][  0]LogConfig: Setting CVar [[r.DOF.Scatter.MaxSpriteRatio:0.1         ; only a maximum of 10% of scattered bokeh]]
[2025.05.30-14.22.19:935][  0]LogConfig: Setting CVar [[r.DOF.Recombine.Quality:1                ; cheap slight out of focus]]
[2025.05.30-14.22.19:935][  0]LogConfig: Setting CVar [[r.DOF.Recombine.EnableBokehSettings:0    ; no bokeh simulation on slight out of focus]]
[2025.05.30-14.22.19:935][  0]LogConfig: Setting CVar [[r.DOF.TemporalAAQuality:1                ; more stable temporal accumulation]]
[2025.05.30-14.22.19:935][  0]LogConfig: Setting CVar [[r.DOF.Kernel.MaxForegroundRadius:0.025]]
[2025.05.30-14.22.19:935][  0]LogConfig: Setting CVar [[r.DOF.Kernel.MaxBackgroundRadius:0.025]]
[2025.05.30-14.22.19:935][  0]LogConfig: Applying CVar settings from Section [TextureQuality@3] File [C:/Users/misha/YandexDisk/МИФИ/VR_tms/FinalProject/EngiPracrice/Saved/Config/Windows/Scalability.ini]
[2025.05.30-14.22.19:935][  0]LogConfig: Setting CVar [[r.Streaming.MipBias:0]]
[2025.05.30-14.22.19:935][  0]LogConfig: Setting CVar [[r.Streaming.AmortizeCPUToGPUCopy:0]]
[2025.05.30-14.22.19:935][  0]LogConfig: Setting CVar [[r.Streaming.MaxNumTexturesToStreamPerFrame:0]]
[2025.05.30-14.22.19:935][  0]LogConfig: Setting CVar [[r.Streaming.Boost:1]]
[2025.05.30-14.22.19:935][  0]LogConfig: Setting CVar [[r.MaxAnisotropy:8]]
[2025.05.30-14.22.19:935][  0]LogConfig: Setting CVar [[r.VT.MaxAnisotropy:8]]
[2025.05.30-14.22.19:935][  0]LogConfig: Setting CVar [[r.Streaming.LimitPoolSizeToVRAM:0]]
[2025.05.30-14.22.19:935][  0]LogConfig: Setting CVar [[r.Streaming.PoolSize:1000]]
[2025.05.30-14.22.19:935][  0]LogConfig: Setting CVar [[r.Streaming.MaxEffectiveScreenSize:0]]
[2025.05.30-14.22.19:935][  0]LogConfig: Applying CVar settings from Section [EffectsQuality@3] File [C:/Users/misha/YandexDisk/МИФИ/VR_tms/FinalProject/EngiPracrice/Saved/Config/Windows/Scalability.ini]
[2025.05.30-14.22.19:935][  0]LogConfig: Setting CVar [[r.TranslucencyLightingVolumeDim:64]]
[2025.05.30-14.22.19:935][  0]LogConfig: Setting CVar [[r.RefractionQuality:2]]
[2025.05.30-14.22.19:935][  0]LogConfig: Setting CVar [[r.SSR.Quality:3]]
[2025.05.30-14.22.19:935][  0]LogConfig: Setting CVar [[r.SSR.HalfResSceneColor:0]]
[2025.05.30-14.22.19:935][  0]LogConfig: Setting CVar [[r.SceneColorFormat:4]]
[2025.05.30-14.22.19:935][  0]LogConfig: Setting CVar [[r.DetailMode:2]]
[2025.05.30-14.22.19:935][  0]LogConfig: Setting CVar [[r.TranslucencyVolumeBlur:1]]
[2025.05.30-14.22.19:935][  0]LogConfig: Setting CVar [[r.MaterialQualityLevel:1 ; High quality]]
[2025.05.30-14.22.19:935][  0]LogConfig: Setting CVar [[r.AnisotropicMaterials:1]]
[2025.05.30-14.22.19:935][  0]LogConfig: Setting CVar [[r.SSS.Scale:1]]
[2025.05.30-14.22.19:935][  0]LogConfig: Setting CVar [[r.SSS.SampleSet:2]]
[2025.05.30-14.22.19:935][  0]LogConfig: Setting CVar [[r.SSS.Quality:1]]
[2025.05.30-14.22.19:935][  0]LogConfig: Setting CVar [[r.SSS.HalfRes:0]]
[2025.05.30-14.22.19:935][  0]LogConfig: Setting CVar [[r.SSGI.Quality:3]]
[2025.05.30-14.22.19:935][  0]LogConfig: Setting CVar [[r.EmitterSpawnRateScale:1.0]]
[2025.05.30-14.22.19:935][  0]LogConfig: Setting CVar [[r.ParticleLightQuality:2]]
[2025.05.30-14.22.19:935][  0]LogConfig: Setting CVar [[r.SkyAtmosphere.AerialPerspectiveLUT.FastApplyOnOpaque:1 ; Always have FastSkyLUT 1 in this case to avoid wrong sky]]
[2025.05.30-14.22.19:935][  0]LogConfig: Setting CVar [[r.SkyAtmosphere.AerialPerspectiveLUT.SampleCountMaxPerSlice:4]]
[2025.05.30-14.22.19:935][  0]LogConfig: Setting CVar [[r.SkyAtmosphere.AerialPerspectiveLUT.DepthResolution:16.0]]
[2025.05.30-14.22.19:935][  0]LogConfig: Setting CVar [[r.SkyAtmosphere.FastSkyLUT:1]]
[2025.05.30-14.22.19:935][  0]LogConfig: Setting CVar [[r.SkyAtmosphere.FastSkyLUT.SampleCountMin:4.0]]
[2025.05.30-14.22.19:935][  0]LogConfig: Setting CVar [[r.SkyAtmosphere.FastSkyLUT.SampleCountMax:128.0]]
[2025.05.30-14.22.19:935][  0]LogConfig: Setting CVar [[r.SkyAtmosphere.SampleCountMin:4.0]]
[2025.05.30-14.22.19:935][  0]LogConfig: Setting CVar [[r.SkyAtmosphere.SampleCountMax:128.0]]
[2025.05.30-14.22.19:935][  0]LogConfig: Setting CVar [[r.SkyAtmosphere.TransmittanceLUT.UseSmallFormat:0]]
[2025.05.30-14.22.19:935][  0]LogConfig: Setting CVar [[r.SkyAtmosphere.TransmittanceLUT.SampleCount:10.0]]
[2025.05.30-14.22.19:935][  0]LogConfig: Setting CVar [[r.SkyAtmosphere.MultiScatteringLUT.SampleCount:15.0]]
[2025.05.30-14.22.19:935][  0]LogConfig: Setting CVar [[r.SkyLight.RealTimeReflectionCapture:1]]
[2025.05.30-14.22.19:935][  0]LogConfig: Applying CVar settings from Section [FoliageQuality@3] File [C:/Users/misha/YandexDisk/МИФИ/VR_tms/FinalProject/EngiPracrice/Saved/Config/Windows/Scalability.ini]
[2025.05.30-14.22.19:935][  0]LogConfig: Setting CVar [[foliage.DensityScale:1.0]]
[2025.05.30-14.22.19:935][  0]LogConfig: Setting CVar [[grass.DensityScale:1.0]]
[2025.05.30-14.22.19:935][  0]LogConfig: Applying CVar settings from Section [ShadingQuality@3] File [C:/Users/misha/YandexDisk/МИФИ/VR_tms/FinalProject/EngiPracrice/Saved/Config/Windows/Scalability.ini]
[2025.05.30-14.22.19:935][  0]LogConfig: Setting CVar [[r.HairStrands.SkyLighting.IntegrationType:2]]
[2025.05.30-14.22.19:935][  0]LogConfig: Setting CVar [[r.HairStrands.SkyAO.SampleCount:4]]
[2025.05.30-14.22.19:935][  0]LogConfig: Setting CVar [[r.HairStrands.Visibility.MSAA.SamplePerPixel:4]]
[2025.05.30-14.22.19:935][  0]LogInit: Selected Device Profile: [Windows]
[2025.05.30-14.22.19:935][  0]LogInit: Applying CVar settings loaded from the selected device profile: [Windows]
[2025.05.30-14.22.19:935][  0]LogHAL: Display: Platform has ~ 32 GB [34070192128 / 34359738368 / 32], which maps to Largest [LargestMinGB=32, LargerMinGB=12, DefaultMinGB=8, SmallerMinGB=6, SmallestMinGB=0)
[2025.05.30-14.22.19:935][  0]LogInit: Going up to parent DeviceProfile []
[2025.05.30-14.22.19:935][  0]LogConfig: Applying CVar settings from Section [ViewDistanceQuality@3] File [C:/Users/misha/YandexDisk/МИФИ/VR_tms/FinalProject/EngiPracrice/Saved/Config/Windows/Scalability.ini]
[2025.05.30-14.22.19:935][  0]LogConfig: Setting CVar [[r.SkeletalMeshLODBias:0]]
[2025.05.30-14.22.19:935][  0]LogConfig: Setting CVar [[r.ViewDistanceScale:1.0]]
[2025.05.30-14.22.19:935][  0]LogConfig: Applying CVar settings from Section [AntiAliasingQuality@3] File [C:/Users/misha/YandexDisk/МИФИ/VR_tms/FinalProject/EngiPracrice/Saved/Config/Windows/Scalability.ini]
[2025.05.30-14.22.19:935][  0]LogConfig: Setting CVar [[r.PostProcessAAQuality:4]]
[2025.05.30-14.22.19:935][  0]LogConfig: Applying CVar settings from Section [ShadowQuality@3] File [C:/Users/misha/YandexDisk/МИФИ/VR_tms/FinalProject/EngiPracrice/Saved/Config/Windows/Scalability.ini]
[2025.05.30-14.22.19:935][  0]LogConfig: Setting CVar [[r.LightFunctionQuality:1]]
[2025.05.30-14.22.19:935][  0]LogConfig: Setting CVar [[r.ShadowQuality:5]]
[2025.05.30-14.22.19:935][  0]LogConfig: Setting CVar [[r.Shadow.CSM.MaxCascades:10]]
[2025.05.30-14.22.19:935][  0]LogConfig: Setting CVar [[r.Shadow.MaxResolution:2048]]
[2025.05.30-14.22.19:935][  0]LogConfig: Setting CVar [[r.Shadow.MaxCSMResolution:2048]]
[2025.05.30-14.22.19:935][  0]LogConfig: Setting CVar [[r.Shadow.RadiusThreshold:0.01]]
[2025.05.30-14.22.19:935][  0]LogConfig: Setting CVar [[r.Shadow.DistanceScale:1.0]]
[2025.05.30-14.22.19:935][  0]LogConfig: Setting CVar [[r.Shadow.CSM.TransitionScale:1.0]]
[2025.05.30-14.22.19:935][  0]LogConfig: Setting CVar [[r.Shadow.PreShadowResolutionFactor:1.0]]
[2025.05.30-14.22.19:935][  0]LogConfig: Setting CVar [[r.DistanceFieldShadowing:1]]
[2025.05.30-14.22.19:935][  0]LogConfig: Setting CVar [[r.DistanceFieldAO:1]]
[2025.05.30-14.22.19:935][  0]LogConfig: Setting CVar [[r.AOQuality:2]]
[2025.05.30-14.22.19:935][  0]LogConfig: Setting CVar [[r.VolumetricFog:1]]
[2025.05.30-14.22.19:935][  0]LogConfig: Setting CVar [[r.VolumetricFog.GridPixelSize:8]]
[2025.05.30-14.22.19:935][  0]LogConfig: Setting CVar [[r.VolumetricFog.GridSizeZ:128]]
[2025.05.30-14.22.19:935][  0]LogConfig: Setting CVar [[r.VolumetricFog.HistoryMissSupersampleCount:4]]
[2025.05.30-14.22.19:935][  0]LogConfig: Setting CVar [[r.LightMaxDrawDistanceScale:1]]
[2025.05.30-14.22.19:935][  0]LogConfig: Setting CVar [[r.CapsuleShadows:1]]
[2025.05.30-14.22.19:935][  0]LogConfig: Applying CVar settings from Section [PostProcessQuality@3] File [C:/Users/misha/YandexDisk/МИФИ/VR_tms/FinalProject/EngiPracrice/Saved/Config/Windows/Scalability.ini]
[2025.05.30-14.22.19:935][  0]LogConfig: Setting CVar [[r.MotionBlurQuality:4]]
[2025.05.30-14.22.19:935][  0]LogConfig: Setting CVar [[r.AmbientOcclusionMipLevelFactor:0.4]]
[2025.05.30-14.22.19:935][  0]LogConfig: Setting CVar [[r.AmbientOcclusionMaxQuality:100]]
[2025.05.30-14.22.19:935][  0]LogConfig: Setting CVar [[r.AmbientOcclusionLevels:-1]]
[2025.05.30-14.22.19:935][  0]LogConfig: Setting CVar [[r.AmbientOcclusionRadiusScale:1.0]]
[2025.05.30-14.22.19:935][  0]LogConfig: Setting CVar [[r.DepthOfFieldQuality:2]]
[2025.05.30-14.22.19:935][  0]LogConfig: Setting CVar [[r.RenderTargetPoolMin:400]]
[2025.05.30-14.22.19:935][  0]LogConfig: Setting CVar [[r.LensFlareQuality:2]]
[2025.05.30-14.22.19:935][  0]LogConfig: Setting CVar [[r.SceneColorFringeQuality:1]]
[2025.05.30-14.22.19:935][  0]LogConfig: Setting CVar [[r.EyeAdaptationQuality:2]]
[2025.05.30-14.22.19:935][  0]LogConfig: Setting CVar [[r.BloomQuality:5]]
[2025.05.30-14.22.19:935][  0]LogConfig: Setting CVar [[r.FastBlurThreshold:100]]
[2025.05.30-14.22.19:935][  0]LogConfig: Setting CVar [[r.Upscale.Quality:3]]
[2025.05.30-14.22.19:935][  0]LogConfig: Setting CVar [[r.Tonemapper.GrainQuantization:1]]
[2025.05.30-14.22.19:935][  0]LogConfig: Setting CVar [[r.LightShaftQuality:1]]
[2025.05.30-14.22.19:935][  0]LogConfig: Setting CVar [[r.Filter.SizeScale:1]]
[2025.05.30-14.22.19:935][  0]LogConfig: Setting CVar [[r.Tonemapper.Quality:5]]
[2025.05.30-14.22.19:935][  0]LogConfig: Setting CVar [[r.DOF.Gather.AccumulatorQuality:1        ; higher gathering accumulator quality]]
[2025.05.30-14.22.19:935][  0]LogConfig: Setting CVar [[r.DOF.Gather.PostfilterMethod:1          ; Median3x3 postfilering method]]
[2025.05.30-14.22.19:935][  0]LogConfig: Setting CVar [[r.DOF.Gather.EnableBokehSettings:0       ; no bokeh simulation when gathering]]
[2025.05.30-14.22.19:935][  0]LogConfig: Setting CVar [[r.DOF.Gather.RingCount:4                 ; medium number of samples when gathering]]
[2025.05.30-14.22.19:935][  0]LogConfig: Setting CVar [[r.DOF.Scatter.ForegroundCompositing:1    ; additive foreground scattering]]
[2025.05.30-14.22.19:935][  0]LogConfig: Setting CVar [[r.DOF.Scatter.BackgroundCompositing:2    ; additive background scattering]]
[2025.05.30-14.22.19:935][  0]LogConfig: Setting CVar [[r.DOF.Scatter.EnableBokehSettings:1      ; bokeh simulation when scattering]]
[2025.05.30-14.22.19:935][  0]LogConfig: Setting CVar [[r.DOF.Scatter.MaxSpriteRatio:0.1         ; only a maximum of 10% of scattered bokeh]]
[2025.05.30-14.22.19:936][  0]LogConfig: Setting CVar [[r.DOF.Recombine.Quality:1                ; cheap slight out of focus]]
[2025.05.30-14.22.19:936][  0]LogConfig: Setting CVar [[r.DOF.Recombine.EnableBokehSettings:0    ; no bokeh simulation on slight out of focus]]
[2025.05.30-14.22.19:936][  0]LogConfig: Setting CVar [[r.DOF.TemporalAAQuality:1                ; more stable temporal accumulation]]
[2025.05.30-14.22.19:936][  0]LogConfig: Setting CVar [[r.DOF.Kernel.MaxForegroundRadius:0.025]]
[2025.05.30-14.22.19:936][  0]LogConfig: Setting CVar [[r.DOF.Kernel.MaxBackgroundRadius:0.025]]
[2025.05.30-14.22.19:936][  0]LogConfig: Applying CVar settings from Section [TextureQuality@3] File [C:/Users/misha/YandexDisk/МИФИ/VR_tms/FinalProject/EngiPracrice/Saved/Config/Windows/Scalability.ini]
[2025.05.30-14.22.19:936][  0]LogConfig: Setting CVar [[r.Streaming.MipBias:0]]
[2025.05.30-14.22.19:936][  0]LogConfig: Setting CVar [[r.Streaming.AmortizeCPUToGPUCopy:0]]
[2025.05.30-14.22.19:936][  0]LogConfig: Setting CVar [[r.Streaming.MaxNumTexturesToStreamPerFrame:0]]
[2025.05.30-14.22.19:936][  0]LogConfig: Setting CVar [[r.Streaming.Boost:1]]
[2025.05.30-14.22.19:936][  0]LogConfig: Setting CVar [[r.MaxAnisotropy:8]]
[2025.05.30-14.22.19:936][  0]LogConfig: Setting CVar [[r.VT.MaxAnisotropy:8]]
[2025.05.30-14.22.19:936][  0]LogConfig: Setting CVar [[r.Streaming.LimitPoolSizeToVRAM:0]]
[2025.05.30-14.22.19:936][  0]LogConfig: Setting CVar [[r.Streaming.PoolSize:1000]]
[2025.05.30-14.22.19:936][  0]LogConfig: Setting CVar [[r.Streaming.MaxEffectiveScreenSize:0]]
[2025.05.30-14.22.19:936][  0]LogConfig: Applying CVar settings from Section [EffectsQuality@3] File [C:/Users/misha/YandexDisk/МИФИ/VR_tms/FinalProject/EngiPracrice/Saved/Config/Windows/Scalability.ini]
[2025.05.30-14.22.19:936][  0]LogConfig: Setting CVar [[r.TranslucencyLightingVolumeDim:64]]
[2025.05.30-14.22.19:936][  0]LogConfig: Setting CVar [[r.RefractionQuality:2]]
[2025.05.30-14.22.19:936][  0]LogConfig: Setting CVar [[r.SSR.Quality:3]]
[2025.05.30-14.22.19:936][  0]LogConfig: Setting CVar [[r.SSR.HalfResSceneColor:0]]
[2025.05.30-14.22.19:936][  0]LogConfig: Setting CVar [[r.SceneColorFormat:4]]
[2025.05.30-14.22.19:936][  0]LogConfig: Setting CVar [[r.DetailMode:2]]
[2025.05.30-14.22.19:936][  0]LogConfig: Setting CVar [[r.TranslucencyVolumeBlur:1]]
[2025.05.30-14.22.19:936][  0]LogConfig: Setting CVar [[r.MaterialQualityLevel:1 ; High quality]]
[2025.05.30-14.22.19:936][  0]LogConfig: Setting CVar [[r.AnisotropicMaterials:1]]
[2025.05.30-14.22.19:936][  0]LogConfig: Setting CVar [[r.SSS.Scale:1]]
[2025.05.30-14.22.19:936][  0]LogConfig: Setting CVar [[r.SSS.SampleSet:2]]
[2025.05.30-14.22.19:936][  0]LogConfig: Setting CVar [[r.SSS.Quality:1]]
[2025.05.30-14.22.19:936][  0]LogConfig: Setting CVar [[r.SSS.HalfRes:0]]
[2025.05.30-14.22.19:936][  0]LogConfig: Setting CVar [[r.SSGI.Quality:3]]
[2025.05.30-14.22.19:936][  0]LogConfig: Setting CVar [[r.EmitterSpawnRateScale:1.0]]
[2025.05.30-14.22.19:936][  0]LogConfig: Setting CVar [[r.ParticleLightQuality:2]]
[2025.05.30-14.22.19:936][  0]LogConfig: Setting CVar [[r.SkyAtmosphere.AerialPerspectiveLUT.FastApplyOnOpaque:1 ; Always have FastSkyLUT 1 in this case to avoid wrong sky]]
[2025.05.30-14.22.19:936][  0]LogConfig: Setting CVar [[r.SkyAtmosphere.AerialPerspectiveLUT.SampleCountMaxPerSlice:4]]
[2025.05.30-14.22.19:936][  0]LogConfig: Setting CVar [[r.SkyAtmosphere.AerialPerspectiveLUT.DepthResolution:16.0]]
[2025.05.30-14.22.19:936][  0]LogConfig: Setting CVar [[r.SkyAtmosphere.FastSkyLUT:1]]
[2025.05.30-14.22.19:936][  0]LogConfig: Setting CVar [[r.SkyAtmosphere.FastSkyLUT.SampleCountMin:4.0]]
[2025.05.30-14.22.19:936][  0]LogConfig: Setting CVar [[r.SkyAtmosphere.FastSkyLUT.SampleCountMax:128.0]]
[2025.05.30-14.22.19:936][  0]LogConfig: Setting CVar [[r.SkyAtmosphere.SampleCountMin:4.0]]
[2025.05.30-14.22.19:936][  0]LogConfig: Setting CVar [[r.SkyAtmosphere.SampleCountMax:128.0]]
[2025.05.30-14.22.19:936][  0]LogConfig: Setting CVar [[r.SkyAtmosphere.TransmittanceLUT.UseSmallFormat:0]]
[2025.05.30-14.22.19:936][  0]LogConfig: Setting CVar [[r.SkyAtmosphere.TransmittanceLUT.SampleCount:10.0]]
[2025.05.30-14.22.19:936][  0]LogConfig: Setting CVar [[r.SkyAtmosphere.MultiScatteringLUT.SampleCount:15.0]]
[2025.05.30-14.22.19:936][  0]LogConfig: Setting CVar [[r.SkyLight.RealTimeReflectionCapture:1]]
[2025.05.30-14.22.19:936][  0]LogConfig: Applying CVar settings from Section [FoliageQuality@3] File [C:/Users/misha/YandexDisk/МИФИ/VR_tms/FinalProject/EngiPracrice/Saved/Config/Windows/Scalability.ini]
[2025.05.30-14.22.19:936][  0]LogConfig: Setting CVar [[foliage.DensityScale:1.0]]
[2025.05.30-14.22.19:936][  0]LogConfig: Setting CVar [[grass.DensityScale:1.0]]
[2025.05.30-14.22.19:936][  0]LogConfig: Applying CVar settings from Section [ShadingQuality@3] File [C:/Users/misha/YandexDisk/МИФИ/VR_tms/FinalProject/EngiPracrice/Saved/Config/Windows/Scalability.ini]
[2025.05.30-14.22.19:936][  0]LogConfig: Setting CVar [[r.HairStrands.SkyLighting.IntegrationType:2]]
[2025.05.30-14.22.19:936][  0]LogConfig: Setting CVar [[r.HairStrands.SkyAO.SampleCount:4]]
[2025.05.30-14.22.19:936][  0]LogConfig: Setting CVar [[r.HairStrands.Visibility.MSAA.SamplePerPixel:4]]
[2025.05.30-14.22.19:936][  0]LogConfig: Applying CVar settings from Section [Startup] File [../../../Engine/Config/ConsoleVariables.ini]
[2025.05.30-14.22.19:936][  0]LogConfig: Setting CVar [[net.UseAdaptiveNetUpdateFrequency:0]]
[2025.05.30-14.22.19:936][  0]LogConfig: Setting CVar [[p.chaos.AllowCreatePhysxBodies:1]]
[2025.05.30-14.22.19:936][  0]LogConfig: Setting CVar [[fx.SkipVectorVMBackendOptimizations:1]]
[2025.05.30-14.22.19:936][  0]LogConfig: Applying CVar settings from Section [ConsoleVariables] File [C:/Users/misha/YandexDisk/МИФИ/VR_tms/FinalProject/EngiPracrice/Saved/Config/Windows/Engine.ini]
[2025.05.30-14.22.19:936][  0]LogConfig: Applying CVar settings from Section [ConsoleVariables] File [C:/Users/misha/YandexDisk/МИФИ/VR_tms/FinalProject/EngiPracrice/Saved/Config/Windows/Editor.ini]
[2025.05.30-14.22.19:936][  0]LogInit: Computer: LEGION_TMS
[2025.05.30-14.22.19:936][  0]LogInit: User: misha
[2025.05.30-14.22.19:936][  0]LogInit: CPU Page size=4096, Cores=16
[2025.05.30-14.22.19:936][  0]LogInit: High frequency timer resolution =10.000000 MHz
[2025.05.30-14.22.19:936][  0]LogMemory: Memory total: Physical=31.7GB (32GB approx)
[2025.05.30-14.22.19:936][  0]LogMemory: Platform Memory Stats for Windows
[2025.05.30-14.22.19:936][  0]LogMemory: Process Physical Memory: 158.36 MB used, 158.36 MB peak
[2025.05.30-14.22.19:936][  0]LogMemory: Process Virtual Memory: 135.91 MB used, 135.91 MB peak
[2025.05.30-14.22.19:936][  0]LogMemory: Physical Memory: 14637.04 MB used,  17854.83 MB free, 32491.87 MB total
[2025.05.30-14.22.19:936][  0]LogMemory: Virtual Memory: 134200488.00 MB used,  17237.18 MB free, 134217728.00 MB total
[2025.05.30-14.22.19:940][  0]LogWindows: WindowsPlatformFeatures enabled
[2025.05.30-14.22.19:970][  0]LogInit: Physics initialised using underlying interface: PhysX
[2025.05.30-14.22.19:970][  0]LogInit: Using OS detected language (ru-RU).
[2025.05.30-14.22.19:970][  0]LogInit: Using OS detected locale (ru-RU).
[2025.05.30-14.22.19:973][  0]LogTextLocalizationManager: No specific localization for 'ru-RU' exists, so the 'ru' localization will be used.
[2025.05.30-14.22.19:973][  0]LogTextLocalizationResource: LocRes '../../../Engine/Content/Localization/Editor/ru/Editor.locres' could not be opened for reading!
[2025.05.30-14.22.19:973][  0]LogTextLocalizationResource: LocRes '../../../Engine/Content/Localization/EditorTutorials/ru/EditorTutorials.locres' could not be opened for reading!
[2025.05.30-14.22.19:973][  0]LogTextLocalizationResource: LocRes '../../../Engine/Content/Localization/Keywords/ru/Keywords.locres' could not be opened for reading!
[2025.05.30-14.22.19:973][  0]LogTextLocalizationResource: LocRes '../../../Engine/Content/Localization/Category/ru/Category.locres' could not be opened for reading!
[2025.05.30-14.22.19:973][  0]LogTextLocalizationResource: LocRes '../../../Engine/Content/Localization/ToolTips/ru/ToolTips.locres' could not be opened for reading!
[2025.05.30-14.22.19:974][  0]LogTextLocalizationResource: LocRes '../../../Engine/Content/Localization/PropertyNames/ru/PropertyNames.locres' could not be opened for reading!
[2025.05.30-14.22.19:974][  0]LogTextLocalizationResource: LocRes '../../../Engine/Content/Localization/Engine/ru/Engine.locres' could not be opened for reading!
[2025.05.30-14.22.19:974][  0]LogInit: Setting process to per monitor DPI aware
[2025.05.30-14.22.19:991][  0]LogWindowsTextInputMethodSystem: Display: IME system deactivated.
[2025.05.30-14.22.19:999][  0]LogSlate: New Slate User Created.  User Index 0, Is Virtual User: 0
[2025.05.30-14.22.19:999][  0]LogSlate: Slate User Registered.  User Index 0, Is Virtual User: 0
[2025.05.30-14.22.20:057][  0]LogD3D11RHI: Loaded GFSDK_Aftermath_Lib.x64.dll
[2025.05.30-14.22.20:202][  0]LogHMD: Optional extension XR_VARJO_quad_views is not available
[2025.05.30-14.22.20:202][  0]LogHMD: Warning: Required extension XR_EXT_eye_gaze_interaction is not available
[2025.05.30-14.22.20:202][  0]LogHMD: Could not enable all required OpenXR extensions for OpenXREyeTracker on current system. This plugin will be loaded but ignored, but will be enabled on a target platform that supports the required extension.
[2025.05.30-14.22.20:205][  0]LogHMD: Failed to get an OpenXR system, result is XR_ERROR_FORM_FACTOR_UNAVAILABLE. Please check that your runtime supports VR headsets.
[2025.05.30-14.22.20:205][  0]LogD3D11RHI: D3D11 min allowed feature level: 11_0
[2025.05.30-14.22.20:205][  0]LogD3D11RHI: D3D11 max allowed feature level: 11_0
[2025.05.30-14.22.20:205][  0]LogD3D11RHI: D3D11 adapters:
[2025.05.30-14.22.20:328][  0]LogD3D11RHI:    0. 'NVIDIA GeForce RTX 4060 Laptop GPU' (Feature Level 11_0)
[2025.05.30-14.22.20:328][  0]LogD3D11RHI:       7957/0/16245 MB DedicatedVideo/DedicatedSystem/SharedSystem, Outputs:2, VendorId:0x10de
[2025.05.30-14.22.20:347][  0]LogD3D11RHI:    1. 'Intel(R) UHD Graphics' (Feature Level 11_0)
[2025.05.30-14.22.20:347][  0]LogD3D11RHI:       128/0/16245 MB DedicatedVideo/DedicatedSystem/SharedSystem, Outputs:0, VendorId:0x8086
[2025.05.30-14.22.20:349][  0]LogD3D11RHI:    2. 'Microsoft Basic Render Driver' (Feature Level 11_0)
[2025.05.30-14.22.20:349][  0]LogD3D11RHI:       0/0/16245 MB DedicatedVideo/DedicatedSystem/SharedSystem, Outputs:0, VendorId:0x1414
[2025.05.30-14.22.20:368][  0]LogD3D11RHI:    3. 'Intel(R) UHD Graphics' (Feature Level 11_0)
[2025.05.30-14.22.20:368][  0]LogD3D11RHI:       128/0/16245 MB DedicatedVideo/DedicatedSystem/SharedSystem, Outputs:0, VendorId:0x8086
[2025.05.30-14.22.20:368][  0]LogD3D11RHI: Chosen D3D11 Adapter:
[2025.05.30-14.22.20:368][  0]LogD3D11RHI:     Description : NVIDIA GeForce RTX 4060 Laptop GPU
[2025.05.30-14.22.20:368][  0]LogD3D11RHI:     VendorId    : 10de
[2025.05.30-14.22.20:368][  0]LogD3D11RHI:     DeviceId    : 28e0
[2025.05.30-14.22.20:368][  0]LogD3D11RHI:     SubSysId    : 3cf217aa
[2025.05.30-14.22.20:368][  0]LogD3D11RHI:     Revision    : 00a1
[2025.05.30-14.22.20:368][  0]LogD3D11RHI:     DedicatedVideoMemory : 8343519232 bytes
[2025.05.30-14.22.20:368][  0]LogD3D11RHI:     DedicatedSystemMemory : 0 bytes
[2025.05.30-14.22.20:368][  0]LogD3D11RHI:     SharedSystemMemory : 17035096064 bytes
[2025.05.30-14.22.20:368][  0]LogD3D11RHI:     AdapterLuid : 0 71490
[2025.05.30-14.22.20:373][  0]LogD3D11RHI: Creating new Direct3DDevice
[2025.05.30-14.22.20:373][  0]LogD3D11RHI:     GPU DeviceId: 0x28e0 (for the marketing name, search the web for "GPU Device Id")
[2025.05.30-14.22.20:373][  0]LogWindows: EnumDisplayDevices:
[2025.05.30-14.22.20:373][  0]LogWindows:    0. 'Intel(R) UHD Graphics' (P:1 D:1)
[2025.05.30-14.22.20:373][  0]LogWindows:    1. 'Intel(R) UHD Graphics' (P:0 D:0)
[2025.05.30-14.22.20:374][  0]LogWindows:    2. 'Intel(R) UHD Graphics' (P:0 D:0)
[2025.05.30-14.22.20:374][  0]LogWindows:    3. 'Intel(R) UHD Graphics' (P:0 D:0)
[2025.05.30-14.22.20:374][  0]LogWindows:    4. 'NVIDIA GeForce RTX 4060 Laptop GPU' (P:0 D:1)
[2025.05.30-14.22.20:374][  0]LogWindows:    5. 'NVIDIA GeForce RTX 4060 Laptop GPU' (P:0 D:0)
[2025.05.30-14.22.20:374][  0]LogWindows:    6. 'NVIDIA GeForce RTX 4060 Laptop GPU' (P:0 D:0)
[2025.05.30-14.22.20:374][  0]LogWindows:    7. 'NVIDIA GeForce RTX 4060 Laptop GPU' (P:0 D:0)
[2025.05.30-14.22.20:374][  0]LogWindows:    8. 'Meta Virtual Monitor' (P:0 D:0)
[2025.05.30-14.22.20:374][  0]LogWindows:    9. 'Meta Virtual Monitor' (P:0 D:0)
[2025.05.30-14.22.20:374][  0]LogWindows:    10. 'Meta Virtual Monitor' (P:0 D:0)
[2025.05.30-14.22.20:374][  0]LogWindows:    11. 'Meta Virtual Monitor' (P:0 D:0)
[2025.05.30-14.22.20:375][  0]LogWindows:    12. 'Meta Virtual Monitor' (P:0 D:0)
[2025.05.30-14.22.20:375][  0]LogWindows:    13. 'Meta Virtual Monitor' (P:0 D:0)
[2025.05.30-14.22.20:375][  0]LogWindows:    14. 'Meta Virtual Monitor' (P:0 D:0)
[2025.05.30-14.22.20:375][  0]LogWindows: DebugString: PrimaryIsNotTheChoosenAdapter PrimaryIsNotTheChoosenAdapter PrimaryIsNotTheChoosenAdapter PrimaryIsNotTheChoosenAdapter GetVideoDriverDetailsInvalid PrimaryIsNotTheChoosenAdapter GetVideoDriverDetailsInvalid PrimaryIsNotTheChoosenAdapter GetVideoDriverDetailsInvalid PrimaryIsNotTheChoosenAdapter GetVideoDriverDetailsInvalid PrimaryIsNotTheChoosenAdapter GetVideoDriverDetailsInvalid PrimaryIsNotTheChoosenAdapter GetVideoDriverDetailsInvalid PrimaryIsNotTheChoosenAdapter GetVideoDriverDetailsInvalid PrimaryIsNotTheChoosenAdapter FoundDriverCount:4 
[2025.05.30-14.22.20:375][  0]LogD3D11RHI:     Adapter Name: NVIDIA GeForce RTX 4060 Laptop GPU
[2025.05.30-14.22.20:375][  0]LogD3D11RHI:   Driver Version: 576.28 (internal:32.0.15.7628, unified:576.28)
[2025.05.30-14.22.20:375][  0]LogD3D11RHI:      Driver Date: 4-27-2025
[2025.05.30-14.22.20:375][  0]LogRHI: Texture pool is 5569 MB (70% of 7957 MB)
[2025.05.30-14.22.20:375][  0]LogD3D11RHI: Creating D3DDevice using adapter:
[2025.05.30-14.22.20:375][  0]LogD3D11RHI:     Description : NVIDIA GeForce RTX 4060 Laptop GPU
[2025.05.30-14.22.20:375][  0]LogD3D11RHI:     VendorId    : 10de
[2025.05.30-14.22.20:375][  0]LogD3D11RHI:     DeviceId    : 28e0
[2025.05.30-14.22.20:375][  0]LogD3D11RHI:     SubSysId    : 3cf217aa
[2025.05.30-14.22.20:375][  0]LogD3D11RHI:     Revision    : 00a1
[2025.05.30-14.22.20:375][  0]LogD3D11RHI:     DedicatedVideoMemory : 8343519232 bytes
[2025.05.30-14.22.20:375][  0]LogD3D11RHI:     DedicatedSystemMemory : 0 bytes
[2025.05.30-14.22.20:375][  0]LogD3D11RHI:     SharedSystemMemory : 17035096064 bytes
[2025.05.30-14.22.20:375][  0]LogD3D11RHI:     AdapterLuid : 0 71490
[2025.05.30-14.22.20:462][  0]LogD3D11RHI: RHI has support for 64 bit atomics
[2025.05.30-14.22.20:462][  0]LogD3D11RHI: Async texture creation enabled
[2025.05.30-14.22.20:462][  0]LogD3D11RHI: Array index from any shader is supported
[2025.05.30-14.22.20:477][  0]LogD3D11RHI: GPU Timing Frequency: 1000.000000 (Debug: 2 1)
[2025.05.30-14.22.20:486][  0]LogRHI: GeForceNow SDK initialized: 1
[2025.05.30-14.22.20:672][  0]LogTargetPlatformManager: Display: Loaded TargetPlatform 'AllDesktop'
[2025.05.30-14.22.20:684][  0]LogTargetPlatformManager: Display: Loaded TargetPlatform 'Android'
[2025.05.30-14.22.20:684][  0]LogTargetPlatformManager: Display: Loaded TargetPlatform 'Android_ASTC'
[2025.05.30-14.22.20:684][  0]LogTargetPlatformManager: Display: Loaded TargetPlatform 'Android_DXT'
[2025.05.30-14.22.20:684][  0]LogTargetPlatformManager: Display: Loaded TargetPlatform 'Android_ETC2'
[2025.05.30-14.22.20:684][  0]LogTargetPlatformManager: Display: Loaded TargetPlatform 'AndroidClient'
[2025.05.30-14.22.20:684][  0]LogTargetPlatformManager: Display: Loaded TargetPlatform 'Android_ASTCClient'
[2025.05.30-14.22.20:684][  0]LogTargetPlatformManager: Display: Loaded TargetPlatform 'Android_DXTClient'
[2025.05.30-14.22.20:684][  0]LogTargetPlatformManager: Display: Loaded TargetPlatform 'Android_ETC2Client'
[2025.05.30-14.22.20:684][  0]LogTargetPlatformManager: Display: Loaded TargetPlatform 'Android_Multi'
[2025.05.30-14.22.20:684][  0]LogTargetPlatformManager: Display: Loaded TargetPlatform 'Android_MultiClient'
[2025.05.30-14.22.20:695][  0]LogTargetPlatformManager: Display: Loaded TargetPlatform 'IOSClient'
[2025.05.30-14.22.20:695][  0]LogTargetPlatformManager: Display: Loaded TargetPlatform 'IOS'
[2025.05.30-14.22.20:701][  0]LogTargetPlatformManager: Display: Loaded TargetPlatform 'Linux'
[2025.05.30-14.22.20:703][  0]LogTargetPlatformManager: Display: Loaded TargetPlatform 'LinuxNoEditor'
[2025.05.30-14.22.20:706][  0]LogTargetPlatformManager: Display: Loaded TargetPlatform 'LinuxClient'
[2025.05.30-14.22.20:708][  0]LogTargetPlatformManager: Display: Loaded TargetPlatform 'LinuxServer'
[2025.05.30-14.22.20:714][  0]LogTargetPlatformManager: Display: Loaded TargetPlatform 'LinuxAArch64NoEditor'
[2025.05.30-14.22.20:717][  0]LogTargetPlatformManager: Display: Loaded TargetPlatform 'LinuxAArch64Client'
[2025.05.30-14.22.20:719][  0]LogTargetPlatformManager: Display: Loaded TargetPlatform 'LinuxAArch64Server'
[2025.05.30-14.22.20:732][  0]LogTargetPlatformManager: Display: Loaded TargetPlatform 'Lumin'
[2025.05.30-14.22.20:732][  0]LogTargetPlatformManager: Display: Loaded TargetPlatform 'LuminClient'
[2025.05.30-14.22.20:736][  0]LogTargetPlatformManager: Display: Loaded TargetPlatform 'MacNoEditor'
[2025.05.30-14.22.20:739][  0]LogTargetPlatformManager: Display: Loaded TargetPlatform 'Mac'
[2025.05.30-14.22.20:741][  0]LogTargetPlatformManager: Display: Loaded TargetPlatform 'MacClient'
[2025.05.30-14.22.20:744][  0]LogTargetPlatformManager: Display: Loaded TargetPlatform 'MacServer'
[2025.05.30-14.22.20:749][  0]LogTargetPlatformManager: Display: Loaded TargetPlatform 'TVOSClient'
[2025.05.30-14.22.20:749][  0]LogTargetPlatformManager: Display: Loaded TargetPlatform 'TVOS'
[2025.05.30-14.22.20:755][  0]LogTargetPlatformManager: Display: Loaded TargetPlatform 'WindowsNoEditor'
[2025.05.30-14.22.20:757][  0]LogTargetPlatformManager: Display: Loaded TargetPlatform 'Windows'
[2025.05.30-14.22.20:760][  0]LogTargetPlatformManager: Display: Loaded TargetPlatform 'WindowsClient'
[2025.05.30-14.22.20:762][  0]LogTargetPlatformManager: Display: Loaded TargetPlatform 'WindowsServer'
[2025.05.30-14.22.20:762][  0]LogTargetPlatformManager: Display: Building Assets For Windows
[2025.05.30-14.22.20:767][  0]LogAudioDebug: Display: Lib vorbis DLL was dynamically loaded.
[2025.05.30-14.22.20:784][  0]LogTextureFormatOodle: Display: Oodle Texture 2.9.0 init RDO Off
[2025.05.30-14.22.20:800][  0]LogRendererCore: Ray tracing is disabled. Reason: r.RayTracing=0.
[2025.05.30-14.22.20:800][  0]LogShaderCompilers: Guid format shader working directory is -33 characters bigger than the processId version (../../../../../../Users/misha/YandexDisk/МИФИ/VR_tms/FinalProject/EngiPracrice/Intermediate/Shaders/WorkingDirectory/22316/).
[2025.05.30-14.22.20:800][  0]LogShaderCompilers: Cleaned the shader compiler working directory 'C:/Users/misha/AppData/Local/Temp/UnrealShaderWorkingDir/6681F96E49B532D94C0D22B7D94D4BCF/'.
[2025.05.30-14.22.20:800][  0]LogXGEController: Cannot use XGE Controller as Incredibuild is not installed on this machine.
[2025.05.30-14.22.20:800][  0]LogShaderCompilers: Cannot use XGE Shader Compiler as Incredibuild is not installed on this machine.
[2025.05.30-14.22.20:800][  0]LogShaderCompilers: Display: Using Local Shader Compiler.
[2025.05.30-14.22.21:251][  0]LogDerivedDataCache: Display: Max Cache Size: 512 MB
[2025.05.30-14.22.21:305][  0]LogDerivedDataCache: Loaded boot cache 0.05s 122MB C:/Users/misha/AppData/Local/UnrealEngine/4.27/DerivedDataCache/Boot.ddc.
[2025.05.30-14.22.21:305][  0]LogDerivedDataCache: Display: Loaded Boot cache: C:/Users/misha/AppData/Local/UnrealEngine/4.27/DerivedDataCache/Boot.ddc
[2025.05.30-14.22.21:305][  0]LogDerivedDataCache: FDerivedDataBackendGraph:  Pak pak cache file ../../../../../../Users/misha/YandexDisk/МИФИ/VR_tms/FinalProject/EngiPracrice/DerivedDataCache/DDC.ddp not found, will not use a pak cache.
[2025.05.30-14.22.21:305][  0]LogDerivedDataCache: Unable to find inner node Pak for hierarchical cache Hierarchy.
[2025.05.30-14.22.21:305][  0]LogDerivedDataCache: FDerivedDataBackendGraph:  CompressedPak pak cache file ../../../../../../Users/misha/YandexDisk/МИФИ/VR_tms/FinalProject/EngiPracrice/DerivedDataCache/Compressed.ddp not found, will not use a pak cache.
[2025.05.30-14.22.21:305][  0]LogDerivedDataCache: Unable to find inner node CompressedPak for hierarchical cache Hierarchy.
[2025.05.30-14.22.21:316][  0]LogDerivedDataCache: Display: Pak cache opened for reading ../../../Engine/DerivedDataCache/Compressed.ddp.
[2025.05.30-14.22.21:316][  0]LogDerivedDataCache: FDerivedDataBackendGraph:  EnterprisePak pak cache file ../../../Enterprise/DerivedDataCache/Compressed.ddp not found, will not use a pak cache.
[2025.05.30-14.22.21:316][  0]LogDerivedDataCache: Unable to find inner node EnterprisePak for hierarchical cache Hierarchy.
[2025.05.30-14.22.21:320][  0]LogDerivedDataCache: Speed tests for C:/Users/misha/AppData/Local/UnrealEngine/Common/DerivedDataCache took 0.00 seconds
[2025.05.30-14.22.21:320][  0]LogDerivedDataCache: Display: Performance to C:/Users/misha/AppData/Local/UnrealEngine/Common/DerivedDataCache: Latency=0.01ms. RandomReadSpeed=2515.39MBs, RandomWriteSpeed=377.69MBs. Assigned SpeedClass 'Local'
[2025.05.30-14.22.21:320][  0]LogDerivedDataCache: Using Local data cache path C:/Users/misha/AppData/Local/UnrealEngine/Common/DerivedDataCache: Writable
[2025.05.30-14.22.21:320][  0]LogDerivedDataCache: Shared data cache path not found in *engine.ini, will not use an Shared cache.
[2025.05.30-14.22.21:320][  0]LogDerivedDataCache: Unable to find inner node Shared for hierarchical cache Hierarchy.
[2025.05.30-14.22.21:347][  0]LogSlate: Using FreeType 2.10.0
[2025.05.30-14.22.21:347][  0]LogSlate: SlateFontServices - WITH_FREETYPE: 1, WITH_HARFBUZZ: 1
[2025.05.30-14.22.21:347][  0]LogHMD: Failed to get an OpenXR system, result is XR_ERROR_FORM_FACTOR_UNAVAILABLE. Please check that your runtime supports VR headsets.
[2025.05.30-14.22.21:364][  0]LogAssetRegistry: FAssetRegistry took 0.0022 seconds to start up
[2025.05.30-14.22.21:491][  0]LogInit: Selected Device Profile: [Windows]
[2025.05.30-14.22.21:491][  0]LogInit: Active device profile: [000002072A0D1300][0000020724D15340 49] Windows
[2025.05.30-14.22.21:491][  0]LogInit: Profiles: [000002072A0D1300][0000020724D15340 49] Windows, [000002072A093000][0000020724D1D4C0 49] WindowsNoEditor, [000002072A0D2500][000002072884D640 49] WindowsServer, [000002072A093E00][00000207288517C0 49] WindowsClient, [000002072A0D3200][0000020728855940 49] IOS, [000002072A091300][0000020728859AC0 49] iPadAir, [000002072A0D2900][000002072885C0C0 49] iPadAir2, [000002072A031C00][0000020728864380 49] IPadPro, [000002072A031D00][00000207288603C0 49] iPadAir3, [000002072A091800][0000020728868540 49] iPadAir4, [000002072A032C00][000002072886C6C0 49] iPadMini2, [000002072A091E00][0000020728870840 49] iPadMini3, [000002072A030B00][00000207288749C0 49] iPadMini4, [000002072A091700][0000020728878B40 49] iPadMini5, [000002072A071300][0000020728880E00 49] iPhone6, [000002072A071400][000002072887CE40 49] iPodTouch6, [000002072A0D1600][0000020728889100 49] iPhone7, [000002072A0D2B00][0000020728885140 49] iPodTouch7, [000002072A033B00][0000020724D19280 49] iPhone5S, [000002072A0D1800][000002072888D3C0 49] iPhone6Plus, [000002072A033000][0000020728891500 49] iPhone6S, [000002072A0D3B00][0000020728899680 49] iPhone6SPlus, [000002072A031500][000002072889D800 49] iPhone7Plus, [000002072A0D0100][00000207288A1980 49] iPhoneSE, [000002072A0D0B00][00000207288A5B00 49] iPhone8, [000002072A070800][00000207288A8100 49] iPhone8Plus, [000002072A0D1400][00000207288AC280 49] iPhoneX, [000002072A070F00][00000207288B0400 49] iPhoneXS, [000002072A0D3700][00000207288B4580 49] iPhoneXSMax, [000002072A073100][00000207288B8700 49] iPhoneXR, [000002072A0D3800][00000207288BC880 49] iPhone11, [000002072A073D00][00000207288C0A00 49] iPhone11Pro, [000002072A032700][00000207288C4B80 49] iPhone11ProMax, [000002072A070600][00000207288C8D00 49] iPhoneSE2, [000002072A032100][00000207288CCE80 49] iPhone12Mini, [000002072A073800][00000207288D1000 49] iPhone12, [000002072A031A00][00000207288D5180 49] iPhone12Pro, [000002072A071E00][00000207288D9300 49] iPhone12ProMax, [000002072A033F00][0000020728895440 49] iPadPro105, [000002072A073400][00000207288DD580 49] iPadPro129, [000002072A033700][00000207288E16C0 49] iPadPro97, [000002072A072200][00000207288E9840 49] iPadPro2_129, [000002072A031600][00000207288ED9C0 49] iPad5, [000002072A070C00][00000207288F1B40 49] iPad6, [000002072A032500][00000207288F4140 49] iPad7, [000002072A072B00][00000207288F82C0 49] iPad8, [000002072A031300][00000207288FC440 49] iPadPro11, [000002072A073E00][00000207289005C0 49] iPadPro2_11, [000002072A032000][0000020728904740 49] iPadPro3_129, [000002072A070100][00000207289088C0 49] iPadPro4_129, [000002072A030F00][000002072890CA40 49] AppleTV, [000002072A073B00][0000020729242BC0 49] AppleTV4K, [000002072A031800][0000020729246D40 49] TVOS, [000002072A070400][000002072924AEC0 49] Mac, [000002072A033400][000002072924F040 49] MacClient, [000002072A072800][00000207292531C0 49] MacNoEditor, [000002072A032D00][0000020729257340 49] MacServer, [000002072A071900][000002072925B4C0 49] Linux, [000002072A033200][00000207288E5600 49] LinuxAArch64, [000002072A072000][000002072925F740 49] LinuxNoEditor, [000002072A032800][0000020729263880 49] LinuxAArch64NoEditor, [000002072A070A00][00000207292679C0 49] LinuxClient, [000002072A030500][000002072926FB40 49] LinuxAArch64Client, [000002072A072100][0000020729272140 49] LinuxServer, [000002072A033100][00000207292762C0 49] LinuxAArch64Server, [000002072A072E00][000002072927A440 49] Android, [000002072A033500][000002072927E5C0 49] Android_Low, [000002072A070900][0000020729282740 49] Android_Mid, [000002072A033A00][00000207292868C0 49] Android_High, [000002072A071700][000002072928AA40 49] Android_Default, [000002072A030300][000002072928EBC0 49] Android_Adreno4xx, [000002072A070E00][0000020729292D40 49] Android_Adreno5xx_Low, [000002072A030E00][0000020729296EC0 49] Android_Adreno5xx, [000002072A073300][000002072929B040 49] Android_Adreno6xx, [000002072A032600][000002072929F1C0 49] Android_Adreno6xx_Vulkan, [000002072A072400][00000207292A3340 49] Android_Mali_T6xx, [000002072A033E00][00000207292A74C0 49] Android_Mali_T7xx, [000002072A070500][00000207292AB640 49] Android_Mali_T8xx, [000002072A033300][000002072926B780 49] Android_Mali_G71, [000002072A073600][00000207292AF8C0 49] Android_Mali_G72, [000002072A031B00][00000207292B3A00 49] Android_Mali_G72_Vulkan, [000002072A072C00][00000207292B7B40 49] Android_Mali_G76, [000002072A032F00][00000207292BE140 49] Android_Mali_G76_Vulkan, [000002072A0D0300][00000207292C22C0 49] Android_Mali_G77, [000002072A093700][00000207292C6440 49] Android_Mali_G77_Vulkan, [000002072A0D2A00][00000207292CA5C0 49] Android_Mali_G78, [000002072A091900][00000207292CE740 49] Android_Mali_G78_Vulkan, [000002072A0D0900][00000207292D28C0 49] Android_Mali_G710, [000002072A092E00][00000207292D6A40 49] Android_Mali_G710_Vulkan, [000002072A0D3300][00000207292DABC0 49] Android_Vulkan_SM5, [000002072A091400][00000207292DED40 49] Android_PowerVR_G6xxx, [000002072A0D0600][00000207292E2EC0 49] Android_PowerVR_GT7xxx, [000002072A093900][00000207292E7040 49] Android_PowerVR_GE8xxx, [000002072A0D2000][00000207292EB1C0 49] Android_PowerVR_GM9xxx, [000002072A093100][00000207292EF340 49] Android_PowerVR_GM9xxx_Vulkan, [000002072A0D3600][00000207292F34C0 49] Android_TegraK1, [000002072A091000][00000207292F7640 49] Android_Unknown_Vulkan, [000002072A0D2100][00000207292FB7C0 49] Lumin, [000002072A091600][00000207292FF940 49] Lumin_Desktop, [000002072A0D1D00][00000207292BBA80 49] HoloLens, 
[2025.05.30-14.22.21:566][  0]LogMeshReduction: Using QuadricMeshReduction for automatic static mesh reduction
[2025.05.30-14.22.21:566][  0]LogMeshReduction: Using SimplygonMeshReduction for automatic skeletal mesh reduction
[2025.05.30-14.22.21:566][  0]LogMeshReduction: Using ProxyLODMeshReduction for automatic mesh merging
[2025.05.30-14.22.21:566][  0]LogMeshReduction: No distributed automatic mesh merging module available
[2025.05.30-14.22.21:566][  0]LogMeshMerging: No distributed automatic mesh merging module available
[2025.05.30-14.22.21:575][  0]LogNetVersion: EngiPracrice 1.0.0, NetCL: 17155196, EngineNetVer: 17, GameNetVer: 0 (Checksum: 2233709127)
[2025.05.30-14.22.21:796][  0]LogTexture: Default maximum texture size for cubemaps generated from long-lat sources has been changed from 512 to unlimited. In order to preserve old behaiour for '/Engine/MapTemplates/Sky/DaylightAmbientCubemap.DaylightAmbientCubemap', its maximum texture size has been explicitly set to 512.
[2025.05.30-14.22.21:833][  0]LogUObjectArray: 17011 objects as part of root set at end of initial load.
[2025.05.30-14.22.21:833][  0]LogUObjectAllocator: 4257152 out of 0 bytes used by permanent object pool.
[2025.05.30-14.22.21:833][  0]LogUObjectArray: CloseDisregardForGC: 0/0 objects in disregard for GC pool
[2025.05.30-14.22.21:996][  0]LogNiagaraDebuggerClient: Niagara Debugger Client Initialized | Session: 887AD09548FD8561ADE8B6826274E80B | Instance: 5809500D429C43FC2B6D76B1D41FC9A0 (LEGION_TMS-22316).
[2025.05.30-14.22.22:067][  0]LogUdpMessaging: Initializing bridge on interface 0.0.0.0:0 to multicast group 230.0.0.1:6666.
[2025.05.30-14.22.22:072][  0]LogTcpMessaging: Initializing TcpMessaging bridge
[2025.05.30-14.22.22:080][  0]LogPython: Using Python 3.7.7
[2025.05.30-14.22.22:442][  0]SourceControl: Source control is disabled
[2025.05.30-14.22.22:442][  0]SourceControl: Source control is disabled
[2025.05.30-14.22.22:444][  0]SourceControl: Source control is disabled
[2025.05.30-14.22.22:446][  0]SourceControl: Source control is disabled
[2025.05.30-14.22.22:452][  0]SourceControl: Source control is disabled
[2025.05.30-14.22.22:455][  0]LogUProjectInfo: Found projects:
[2025.05.30-14.22.22:597][  0]LogOpenImageDenoise: OIDN starting up
[2025.05.30-14.22.22:605][  0]LogAndroidPermission: UAndroidPermissionCallbackProxy::GetInstance
[2025.05.30-14.22.22:618][  0]LogAudioCaptureCore: Display: No Audio Capture implementations found. Audio input will be silent.
[2025.05.30-14.22.22:618][  0]LogAudioCaptureCore: Display: No Audio Capture implementations found. Audio input will be silent.
[2025.05.30-14.22.22:756][  0]LogCollectionManager: Loaded 0 collections in 0.000910 seconds
[2025.05.30-14.22.22:801][  0]LogFileCache: Scanning file cache for directory 'C:/Users/misha/YandexDisk/МИФИ/VR_tms/FinalProject/EngiPracrice/Saved/Collections/' took 0.00s
[2025.05.30-14.22.22:801][  0]LogFileCache: Scanning file cache for directory 'C:/Users/misha/YandexDisk/МИФИ/VR_tms/FinalProject/EngiPracrice/Content/Developers/misha/Collections/' took 0.00s
[2025.05.30-14.22.22:801][  0]LogFileCache: Scanning file cache for directory 'C:/Users/misha/YandexDisk/МИФИ/VR_tms/FinalProject/EngiPracrice/Content/Collections/' took 0.00s
[2025.05.30-14.22.22:801][  0]LogEngine: Initializing Engine...
[2025.05.30-14.22.22:802][  0]LogHMD: Failed to get an OpenXR system, result is XR_ERROR_FORM_FACTOR_UNAVAILABLE. Please check that your runtime supports VR headsets.
[2025.05.30-14.22.22:802][  0]LogMagicLeap: Warning: VR disabled because ZI is not enabled.  To enable, in the editor, Edit -> Project Settings -> Plugins -> Magic Leap Plugin -> Enable Zero Iteration
[2025.05.30-14.22.22:803][  0]LogStats: UGameplayTagsManager::InitializeManager -  0.000 s
[2025.05.30-14.22.22:878][  0]LogInit: Initializing FReadOnlyCVARCache
[2025.05.30-14.22.22:884][  0]LogAIModule: Creating AISystem for world Untitled
[2025.05.30-14.22.22:887][  0]LogAudio: Display: Initializing Audio Device Manager...
[2025.05.30-14.22.22:889][  0]LogAudio: Display: Loading Default Audio Settings Objects...
[2025.05.30-14.22.22:889][  0]LogAudio: Display: No default SoundConcurrencyObject specified (or failed to load).
[2025.05.30-14.22.22:889][  0]LogAudio: Display: Audio Device Manager Initialized
[2025.05.30-14.22.22:889][  0]LogAudio: Display: Creating Audio Device:                 Id: 1, Scope: Shared, Realtime: True
[2025.05.30-14.22.22:889][  0]LogAudioMixer: Display: Audio Mixer Platform Settings:
[2025.05.30-14.22.22:889][  0]LogAudioMixer: Display: 	Sample Rate:						  48000
[2025.05.30-14.22.22:889][  0]LogAudioMixer: Display: 	Callback Buffer Frame Size Requested: 1024
[2025.05.30-14.22.22:889][  0]LogAudioMixer: Display: 	Callback Buffer Frame Size To Use:	  1024
[2025.05.30-14.22.22:889][  0]LogAudioMixer: Display: 	Number of buffers to queue:			  1
[2025.05.30-14.22.22:889][  0]LogAudioMixer: Display: 	Max Channels (voices):				  0
[2025.05.30-14.22.22:889][  0]LogAudioMixer: Display: 	Number of Async Source Workers:		  4
[2025.05.30-14.22.22:889][  0]LogAudio: Display: AudioDevice MaxSources: 32
[2025.05.30-14.22.22:890][  0]LogAudio: Display: Audio Spatialization Plugin: Resonance Audio is external send: 1
[2025.05.30-14.22.22:890][  0]LogAudio: Display: Audio Reverb Plugin: Resonance Audio
[2025.05.30-14.22.22:890][  0]LogAudio: Display: Audio Occlusion Plugin: None (built-in).
[2025.05.30-14.22.22:890][  0]LogAudioMixer: Display: Initializing audio mixer.
[2025.05.30-14.22.22:898][  0]LogAudioMixer: Display: 0: FrontLeft
[2025.05.30-14.22.22:898][  0]LogAudioMixer: Display: 1: FrontRight
[2025.05.30-14.22.23:112][  0]LogAudioMixer: Display: Using Audio Device Динамики (Realtek(R) Audio)
[2025.05.30-14.22.23:114][  0]LogAudioMixer: Display: Initializing Sound Submixes...
[2025.05.30-14.22.23:115][  0]LogAudioMixer: Display: Creating Master Submix 'MasterSubmixDefault'
[2025.05.30-14.22.23:115][  0]LogAudioMixer: Display: Creating Master Submix 'MasterReverbSubmixDefault'
[2025.05.30-14.22.23:116][  0]LogAudioMixer: Display: Creating Master Submix 'MasterEQSubmixDefault'
[2025.05.30-14.22.23:120][  0]LogAudioMixer: FMixerPlatformXAudio2::StartAudioStream() called
[2025.05.30-14.22.23:120][  0]LogAudioMixer: Display: Output buffers initialized: Frames=1024, Channels=2, Samples=2048
[2025.05.30-14.22.23:121][  0]LogAudioMixer: Display: Starting AudioMixerPlatformInterface::RunInternal()
[2025.05.30-14.22.23:121][  0]LogAudioMixer: Display: FMixerPlatformXAudio2::SubmitBuffer() called for the first time
[2025.05.30-14.22.23:121][  0]LogInit: FAudioDevice initialized.
[2025.05.30-14.22.23:121][  0]LogAudio: Display: Audio Device (ID: 1) registered with world 'Untitled'.
[2025.05.30-14.22.23:121][  0]LogNetVersion: Set ProjectVersion to 1.0.0.0. Version Checksum will be recalculated on next use.
[2025.05.30-14.22.23:174][  0]LogDerivedDataCache: Saved boot cache 0.05s 122MB C:/Users/misha/AppData/Local/UnrealEngine/4.27/DerivedDataCache/Boot.ddc.
[2025.05.30-14.22.23:175][  0]LogInit: Texture streaming: Enabled
[2025.05.30-14.22.23:183][  0]LogAnalytics: Display: [UEEditor.Rocket.Release] APIServer = https://datarouter.ol.epicgames.com/. AppVersion = 4.27.2-18319896+++UE4+Release-4.27
[2025.05.30-14.22.23:185][  0]LogEngineSessionManager: EngineSessionManager initialized
[2025.05.30-14.22.23:185][  0]LogEditorSessionSummary: Verbose: Initializing EditorSessionSummaryWriter for editor session tracking
[2025.05.30-14.22.23:186][  0]LogEditorSessionSummary: EditorSessionSummaryWriter initialized
[2025.05.30-14.22.23:204][  0]LogInit: Transaction tracking system initialized
[2025.05.30-14.22.23:218][  0]BlueprintLog: New page: Editor Load
[2025.05.30-14.22.23:253][  0]LocalizationService: Localization service is disabled
[2025.05.30-14.22.23:270][  0]TimingProfiler: Initialize
[2025.05.30-14.22.23:270][  0]TimingProfiler: OnSessionChanged
[2025.05.30-14.22.23:270][  0]LoadingProfiler: Initialize
[2025.05.30-14.22.23:270][  0]LoadingProfiler: OnSessionChanged
[2025.05.30-14.22.23:270][  0]NetworkingProfiler: Initialize
[2025.05.30-14.22.23:270][  0]NetworkingProfiler: OnSessionChanged
[2025.05.30-14.22.23:270][  0]MemoryProfiler: Initialize
[2025.05.30-14.22.23:270][  0]MemoryProfiler: OnSessionChanged
[2025.05.30-14.22.23:392][  0]LogCook: Display: CookSettings for Memory: MemoryMaxUsedVirtual 0MiB, MemoryMaxUsedPhysical 16384MiB, MemoryMinFreeVirtual 0MiB, MemoryMinFreePhysical 1024MiB
[2025.05.30-14.22.23:392][  0]LogCook: Display: Mobile HDR setting 0
[2025.05.30-14.22.23:398][  0]LogFileCache: Scanning file cache for directory 'C:/Users/misha/YandexDisk/МИФИ/VR_tms/FinalProject/EngiPracrice/Content/' took 0.01s
[2025.05.30-14.22.23:545][  0]LogInit: Display: Engine is initialized. Leaving FEngineLoop::Init()
[2025.05.30-14.22.23:547][  0]SourceControl: Source control is disabled
[2025.05.30-14.22.23:668][  0]LogSlate: Took 0.000227 seconds to synchronously load lazily loaded font '../../../Engine/Content/Slate/Fonts/Roboto-Regular.ttf' (155K)
[2025.05.30-14.22.27:848][  0]LogSlate: Window 'Restore Packages' being destroyed
[2025.05.30-14.22.27:848][  0]LogWindowsTextInputMethodSystem: Display: IME system deactivated.
[2025.05.30-14.22.27:873][  0]LogWindowsTextInputMethodSystem: Display: IME system deactivated.
[2025.05.30-14.22.27:873][  0]LogUnrealEdMisc: Loading editor; pre map load, took 8.639
[2025.05.30-14.22.27:874][  0]Cmd: MAP LOAD FILE="../../../../../../Users/misha/YandexDisk/МИФИ/VR_tms/FinalProject/EngiPracrice/Content/VRTemplate/Maps/VRTemplateMap.umap" TEMPLATE=0 SHOWPROGRESS=1 FEATURELEVEL=3
[2025.05.30-14.22.27:874][  0]LightingResults: New page: Lighting Build
[2025.05.30-14.22.27:875][  0]LogWorld: UWorld::CleanupWorld for Untitled, bSessionEnded=true, bCleanupResources=true
[2025.05.30-14.22.27:875][  0]LogSlate: InvalidateAllWidgets triggered.  All widgets were invalidated
[2025.05.30-14.22.27:875][  0]MapCheck: New page: Map Check
[2025.05.30-14.22.27:875][  0]LightingResults: New page: Lighting Build
[2025.05.30-14.22.27:879][  0]LogAudio: Display: Audio Device unregistered from world 'None'.
[2025.05.30-14.22.27:881][  0]LogUObjectHash: Compacting FUObjectHashTables data took   0.48ms
[2025.05.30-14.22.28:945][  0]LogAudio: Display: Audio Device (ID: 1) registered with world 'VRTemplateMap'.
[2025.05.30-14.22.28:945][  0]LogAIModule: Creating AISystem for world VRTemplateMap
[2025.05.30-14.22.28:954][  0]LogSlate: New Slate User Created.  User Index 8, Is Virtual User: 1
[2025.05.30-14.22.28:954][  0]LogSlate: Slate User Registered.  User Index 8, Is Virtual User: 1
[2025.05.30-14.22.28:964][  0]LogEditorServer: Finished looking for orphan Actors (0.000 secs)
[2025.05.30-14.22.28:978][  0]LogUObjectHash: Compacting FUObjectHashTables data took   0.80ms
[2025.05.30-14.22.28:978][  0]Cmd: MAP CHECKDEP NOCLEARLOG
[2025.05.30-14.22.28:978][  0]MapCheck: Map check complete: 0 Error(s), 0 Warning(s), took 0,109ms to complete.
[2025.05.30-14.22.28:978][  0]LogFileHelpers: Loading map 'VRTemplateMap' took 1.105
[2025.05.30-14.22.28:980][  0]LogUnrealEdMisc: Total Editor Startup Time, took 9.745
[2025.05.30-14.22.29:050][  0]LogSlate: Updating window title bar state: overlay mode, drag disabled, window buttons hidden, title bar hidden
[2025.05.30-14.22.29:055][  0]LogSlate: Updating window title bar state: overlay mode, drag disabled, window buttons hidden, title bar hidden
[2025.05.30-14.22.29:060][  0]LogSlate: Updating window title bar state: overlay mode, drag disabled, window buttons hidden, title bar hidden
[2025.05.30-14.22.29:065][  0]LogSlate: Updating window title bar state: overlay mode, drag disabled, window buttons hidden, title bar hidden
[2025.05.30-14.22.29:084][  0]LogNativeClassHierarchy: Verbose: Native class hierarchy populated in 0.0062 seconds. Added 3809 classes and 916 folders.
[2025.05.30-14.22.29:096][  0]LogNativeClassHierarchy: Verbose: Native class hierarchy updated for 'WidgetCarousel' in 0.0003 seconds. Added 0 classes and 0 folders.
[2025.05.30-14.22.29:105][  0]LogPakFile: PakFile PrimaryIndexSize=187
[2025.05.30-14.22.29:105][  0]LogPakFile: PakFile PathHashIndexSize=101
[2025.05.30-14.22.29:105][  0]LogPakFile: PakFile FullDirectoryIndexSize=148
[2025.05.30-14.22.29:105][  0]LogShaderLibrary: Display: ShaderCodeLibraryPakFileMountedCallback: PakFile 'C:/Installed/Unreal Engine/UE_4.27/FeaturePacks/FP_FirstPerson.upack' (chunk index -1, root 'root:/') mounted
[2025.05.30-14.22.29:105][  0]LogShaderLibrary: Display: ShaderCodeLibraryPakFileMountedCallback: pending pak file info (ChunkID:-1 Root:root:/ File:C:/Installed/Unreal Engine/UE_4.27/FeaturePacks/FP_FirstPerson.upack)
[2025.05.30-14.22.29:105][  0]LogPakFile: OnPakFileMounted2Time == 0.000069
[2025.05.30-14.22.29:109][  0]LogPakFile: PakFile PrimaryIndexSize=189
[2025.05.30-14.22.29:109][  0]LogPakFile: PakFile PathHashIndexSize=101
[2025.05.30-14.22.29:109][  0]LogPakFile: PakFile FullDirectoryIndexSize=152
[2025.05.30-14.22.29:109][  0]LogShaderLibrary: Display: ShaderCodeLibraryPakFileMountedCallback: PakFile 'C:/Installed/Unreal Engine/UE_4.27/FeaturePacks/FP_FirstPersonBP.upack' (chunk index -1, root 'root:/') mounted
[2025.05.30-14.22.29:109][  0]LogShaderLibrary: Display: ShaderCodeLibraryPakFileMountedCallback: pending pak file info (ChunkID:-1 Root:root:/ File:C:/Installed/Unreal Engine/UE_4.27/FeaturePacks/FP_FirstPersonBP.upack)
[2025.05.30-14.22.29:109][  0]LogPakFile: OnPakFileMounted2Time == 0.000056
[2025.05.30-14.22.29:112][  0]LogPakFile: PakFile PrimaryIndexSize=191
[2025.05.30-14.22.29:112][  0]LogPakFile: PakFile PathHashIndexSize=101
[2025.05.30-14.22.29:112][  0]LogPakFile: PakFile FullDirectoryIndexSize=160
[2025.05.30-14.22.29:112][  0]LogShaderLibrary: Display: ShaderCodeLibraryPakFileMountedCallback: PakFile 'C:/Installed/Unreal Engine/UE_4.27/FeaturePacks/MobileStarterContent.upack' (chunk index -1, root 'root:/') mounted
[2025.05.30-14.22.29:112][  0]LogShaderLibrary: Display: ShaderCodeLibraryPakFileMountedCallback: pending pak file info (ChunkID:-1 Root:root:/ File:C:/Installed/Unreal Engine/UE_4.27/FeaturePacks/MobileStarterContent.upack)
[2025.05.30-14.22.29:112][  0]LogPakFile: OnPakFileMounted2Time == 0.000025
[2025.05.30-14.22.29:115][  0]LogPakFile: PakFile PrimaryIndexSize=185
[2025.05.30-14.22.29:115][  0]LogPakFile: PakFile PathHashIndexSize=101
[2025.05.30-14.22.29:115][  0]LogPakFile: PakFile FullDirectoryIndexSize=148
[2025.05.30-14.22.29:115][  0]LogShaderLibrary: Display: ShaderCodeLibraryPakFileMountedCallback: PakFile 'C:/Installed/Unreal Engine/UE_4.27/FeaturePacks/StarterContent.upack' (chunk index -1, root 'root:/') mounted
[2025.05.30-14.22.29:115][  0]LogShaderLibrary: Display: ShaderCodeLibraryPakFileMountedCallback: pending pak file info (ChunkID:-1 Root:root:/ File:C:/Installed/Unreal Engine/UE_4.27/FeaturePacks/StarterContent.upack)
[2025.05.30-14.22.29:115][  0]LogPakFile: OnPakFileMounted2Time == 0.000026
[2025.05.30-14.22.29:117][  0]LogPakFile: PakFile PrimaryIndexSize=190
[2025.05.30-14.22.29:117][  0]LogPakFile: PakFile PathHashIndexSize=101
[2025.05.30-14.22.29:117][  0]LogPakFile: PakFile FullDirectoryIndexSize=154
[2025.05.30-14.22.29:117][  0]LogShaderLibrary: Display: ShaderCodeLibraryPakFileMountedCallback: PakFile 'C:/Installed/Unreal Engine/UE_4.27/FeaturePacks/TP_2DSideScroller.upack' (chunk index -1, root 'root:/') mounted
[2025.05.30-14.22.29:117][  0]LogShaderLibrary: Display: ShaderCodeLibraryPakFileMountedCallback: pending pak file info (ChunkID:-1 Root:root:/ File:C:/Installed/Unreal Engine/UE_4.27/FeaturePacks/TP_2DSideScroller.upack)
[2025.05.30-14.22.29:118][  0]LogPakFile: OnPakFileMounted2Time == 0.000055
[2025.05.30-14.22.29:120][  0]LogPakFile: PakFile PrimaryIndexSize=192
[2025.05.30-14.22.29:120][  0]LogPakFile: PakFile PathHashIndexSize=101
[2025.05.30-14.22.29:120][  0]LogPakFile: PakFile FullDirectoryIndexSize=158
[2025.05.30-14.22.29:120][  0]LogShaderLibrary: Display: ShaderCodeLibraryPakFileMountedCallback: PakFile 'C:/Installed/Unreal Engine/UE_4.27/FeaturePacks/TP_2DSideScrollerBP.upack' (chunk index -1, root 'root:/') mounted
[2025.05.30-14.22.29:120][  0]LogShaderLibrary: Display: ShaderCodeLibraryPakFileMountedCallback: pending pak file info (ChunkID:-1 Root:root:/ File:C:/Installed/Unreal Engine/UE_4.27/FeaturePacks/TP_2DSideScrollerBP.upack)
[2025.05.30-14.22.29:120][  0]LogPakFile: OnPakFileMounted2Time == 0.000038
[2025.05.30-14.22.29:123][  0]LogPakFile: PakFile PrimaryIndexSize=182
[2025.05.30-14.22.29:123][  0]LogPakFile: PakFile PathHashIndexSize=101
[2025.05.30-14.22.29:123][  0]LogPakFile: PakFile FullDirectoryIndexSize=138
[2025.05.30-14.22.29:123][  0]LogShaderLibrary: Display: ShaderCodeLibraryPakFileMountedCallback: PakFile 'C:/Installed/Unreal Engine/UE_4.27/FeaturePacks/TP_Flying.upack' (chunk index -1, root 'root:/') mounted
[2025.05.30-14.22.29:123][  0]LogShaderLibrary: Display: ShaderCodeLibraryPakFileMountedCallback: pending pak file info (ChunkID:-1 Root:root:/ File:C:/Installed/Unreal Engine/UE_4.27/FeaturePacks/TP_Flying.upack)
[2025.05.30-14.22.29:123][  0]LogPakFile: OnPakFileMounted2Time == 0.000041
[2025.05.30-14.22.29:126][  0]LogPakFile: PakFile PrimaryIndexSize=184
[2025.05.30-14.22.29:126][  0]LogPakFile: PakFile PathHashIndexSize=101
[2025.05.30-14.22.29:126][  0]LogPakFile: PakFile FullDirectoryIndexSize=142
[2025.05.30-14.22.29:126][  0]LogShaderLibrary: Display: ShaderCodeLibraryPakFileMountedCallback: PakFile 'C:/Installed/Unreal Engine/UE_4.27/FeaturePacks/TP_FlyingBP.upack' (chunk index -1, root 'root:/') mounted
[2025.05.30-14.22.29:126][  0]LogShaderLibrary: Display: ShaderCodeLibraryPakFileMountedCallback: pending pak file info (ChunkID:-1 Root:root:/ File:C:/Installed/Unreal Engine/UE_4.27/FeaturePacks/TP_FlyingBP.upack)
[2025.05.30-14.22.29:126][  0]LogPakFile: OnPakFileMounted2Time == 0.000040
[2025.05.30-14.22.29:129][  0]LogPakFile: PakFile PrimaryIndexSize=188
[2025.05.30-14.22.29:129][  0]LogPakFile: PakFile PathHashIndexSize=101
[2025.05.30-14.22.29:129][  0]LogPakFile: PakFile FullDirectoryIndexSize=150
[2025.05.30-14.22.29:129][  0]LogShaderLibrary: Display: ShaderCodeLibraryPakFileMountedCallback: PakFile 'C:/Installed/Unreal Engine/UE_4.27/FeaturePacks/TP_HandheldARBP.upack' (chunk index -1, root 'root:/') mounted
[2025.05.30-14.22.29:129][  0]LogShaderLibrary: Display: ShaderCodeLibraryPakFileMountedCallback: pending pak file info (ChunkID:-1 Root:root:/ File:C:/Installed/Unreal Engine/UE_4.27/FeaturePacks/TP_HandheldARBP.upack)
[2025.05.30-14.22.29:129][  0]LogPakFile: OnPakFileMounted2Time == 0.000041
[2025.05.30-14.22.29:132][  0]LogPakFile: PakFile PrimaryIndexSize=182
[2025.05.30-14.22.29:132][  0]LogPakFile: PakFile PathHashIndexSize=101
[2025.05.30-14.22.29:132][  0]LogPakFile: PakFile FullDirectoryIndexSize=138
[2025.05.30-14.22.29:132][  0]LogShaderLibrary: Display: ShaderCodeLibraryPakFileMountedCallback: PakFile 'C:/Installed/Unreal Engine/UE_4.27/FeaturePacks/TP_Puzzle.upack' (chunk index -1, root 'root:/') mounted
[2025.05.30-14.22.29:132][  0]LogShaderLibrary: Display: ShaderCodeLibraryPakFileMountedCallback: pending pak file info (ChunkID:-1 Root:root:/ File:C:/Installed/Unreal Engine/UE_4.27/FeaturePacks/TP_Puzzle.upack)
[2025.05.30-14.22.29:132][  0]LogPakFile: OnPakFileMounted2Time == 0.000042
[2025.05.30-14.22.29:135][  0]LogPakFile: PakFile PrimaryIndexSize=184
[2025.05.30-14.22.29:135][  0]LogPakFile: PakFile PathHashIndexSize=101
[2025.05.30-14.22.29:135][  0]LogPakFile: PakFile FullDirectoryIndexSize=142
[2025.05.30-14.22.29:135][  0]LogShaderLibrary: Display: ShaderCodeLibraryPakFileMountedCallback: PakFile 'C:/Installed/Unreal Engine/UE_4.27/FeaturePacks/TP_PuzzleBP.upack' (chunk index -1, root 'root:/') mounted
[2025.05.30-14.22.29:135][  0]LogShaderLibrary: Display: ShaderCodeLibraryPakFileMountedCallback: pending pak file info (ChunkID:-1 Root:root:/ File:C:/Installed/Unreal Engine/UE_4.27/FeaturePacks/TP_PuzzleBP.upack)
[2025.05.30-14.22.29:135][  0]LogPakFile: OnPakFileMounted2Time == 0.000048
[2025.05.30-14.22.29:138][  0]LogPakFile: PakFile PrimaryIndexSize=183
[2025.05.30-14.22.29:138][  0]LogPakFile: PakFile PathHashIndexSize=101
[2025.05.30-14.22.29:138][  0]LogPakFile: PakFile FullDirectoryIndexSize=140
[2025.05.30-14.22.29:138][  0]LogShaderLibrary: Display: ShaderCodeLibraryPakFileMountedCallback: PakFile 'C:/Installed/Unreal Engine/UE_4.27/FeaturePacks/TP_Rolling.upack' (chunk index -1, root 'root:/') mounted
[2025.05.30-14.22.29:138][  0]LogShaderLibrary: Display: ShaderCodeLibraryPakFileMountedCallback: pending pak file info (ChunkID:-1 Root:root:/ File:C:/Installed/Unreal Engine/UE_4.27/FeaturePacks/TP_Rolling.upack)
[2025.05.30-14.22.29:138][  0]LogPakFile: OnPakFileMounted2Time == 0.000040
[2025.05.30-14.22.29:141][  0]LogPakFile: PakFile PrimaryIndexSize=185
[2025.05.30-14.22.29:141][  0]LogPakFile: PakFile PathHashIndexSize=101
[2025.05.30-14.22.29:141][  0]LogPakFile: PakFile FullDirectoryIndexSize=144
[2025.05.30-14.22.29:141][  0]LogShaderLibrary: Display: ShaderCodeLibraryPakFileMountedCallback: PakFile 'C:/Installed/Unreal Engine/UE_4.27/FeaturePacks/TP_RollingBP.upack' (chunk index -1, root 'root:/') mounted
[2025.05.30-14.22.29:141][  0]LogShaderLibrary: Display: ShaderCodeLibraryPakFileMountedCallback: pending pak file info (ChunkID:-1 Root:root:/ File:C:/Installed/Unreal Engine/UE_4.27/FeaturePacks/TP_RollingBP.upack)
[2025.05.30-14.22.29:141][  0]LogPakFile: OnPakFileMounted2Time == 0.000046
[2025.05.30-14.22.29:144][  0]LogPakFile: PakFile PrimaryIndexSize=188
[2025.05.30-14.22.29:144][  0]LogPakFile: PakFile PathHashIndexSize=101
[2025.05.30-14.22.29:144][  0]LogPakFile: PakFile FullDirectoryIndexSize=150
[2025.05.30-14.22.29:144][  0]LogShaderLibrary: Display: ShaderCodeLibraryPakFileMountedCallback: PakFile 'C:/Installed/Unreal Engine/UE_4.27/FeaturePacks/TP_SideScroller.upack' (chunk index -1, root 'root:/') mounted
[2025.05.30-14.22.29:144][  0]LogShaderLibrary: Display: ShaderCodeLibraryPakFileMountedCallback: pending pak file info (ChunkID:-1 Root:root:/ File:C:/Installed/Unreal Engine/UE_4.27/FeaturePacks/TP_SideScroller.upack)
[2025.05.30-14.22.29:144][  0]LogPakFile: OnPakFileMounted2Time == 0.000034
[2025.05.30-14.22.29:146][  0]LogPakFile: PakFile PrimaryIndexSize=190
[2025.05.30-14.22.29:146][  0]LogPakFile: PakFile PathHashIndexSize=101
[2025.05.30-14.22.29:146][  0]LogPakFile: PakFile FullDirectoryIndexSize=154
[2025.05.30-14.22.29:146][  0]LogShaderLibrary: Display: ShaderCodeLibraryPakFileMountedCallback: PakFile 'C:/Installed/Unreal Engine/UE_4.27/FeaturePacks/TP_SideScrollerBP.upack' (chunk index -1, root 'root:/') mounted
[2025.05.30-14.22.29:146][  0]LogShaderLibrary: Display: ShaderCodeLibraryPakFileMountedCallback: pending pak file info (ChunkID:-1 Root:root:/ File:C:/Installed/Unreal Engine/UE_4.27/FeaturePacks/TP_SideScrollerBP.upack)
[2025.05.30-14.22.29:146][  0]LogPakFile: OnPakFileMounted2Time == 0.000037
[2025.05.30-14.22.29:149][  0]LogPakFile: PakFile PrimaryIndexSize=187
[2025.05.30-14.22.29:149][  0]LogPakFile: PakFile PathHashIndexSize=101
[2025.05.30-14.22.29:149][  0]LogPakFile: PakFile FullDirectoryIndexSize=148
[2025.05.30-14.22.29:149][  0]LogShaderLibrary: Display: ShaderCodeLibraryPakFileMountedCallback: PakFile 'C:/Installed/Unreal Engine/UE_4.27/FeaturePacks/TP_ThirdPerson.upack' (chunk index -1, root 'root:/') mounted
[2025.05.30-14.22.29:149][  0]LogShaderLibrary: Display: ShaderCodeLibraryPakFileMountedCallback: pending pak file info (ChunkID:-1 Root:root:/ File:C:/Installed/Unreal Engine/UE_4.27/FeaturePacks/TP_ThirdPerson.upack)
[2025.05.30-14.22.29:149][  0]LogPakFile: OnPakFileMounted2Time == 0.000037
[2025.05.30-14.22.29:151][  0]LogPakFile: PakFile PrimaryIndexSize=189
[2025.05.30-14.22.29:151][  0]LogPakFile: PakFile PathHashIndexSize=101
[2025.05.30-14.22.29:151][  0]LogPakFile: PakFile FullDirectoryIndexSize=152
[2025.05.30-14.22.29:151][  0]LogShaderLibrary: Display: ShaderCodeLibraryPakFileMountedCallback: PakFile 'C:/Installed/Unreal Engine/UE_4.27/FeaturePacks/TP_ThirdPersonBP.upack' (chunk index -1, root 'root:/') mounted
[2025.05.30-14.22.29:151][  0]LogShaderLibrary: Display: ShaderCodeLibraryPakFileMountedCallback: pending pak file info (ChunkID:-1 Root:root:/ File:C:/Installed/Unreal Engine/UE_4.27/FeaturePacks/TP_ThirdPersonBP.upack)
[2025.05.30-14.22.29:151][  0]LogPakFile: OnPakFileMounted2Time == 0.000023
[2025.05.30-14.22.29:153][  0]LogPakFile: PakFile PrimaryIndexSize=183
[2025.05.30-14.22.29:153][  0]LogPakFile: PakFile PathHashIndexSize=101
[2025.05.30-14.22.29:153][  0]LogPakFile: PakFile FullDirectoryIndexSize=140
[2025.05.30-14.22.29:153][  0]LogShaderLibrary: Display: ShaderCodeLibraryPakFileMountedCallback: PakFile 'C:/Installed/Unreal Engine/UE_4.27/FeaturePacks/TP_TopDown.upack' (chunk index -1, root 'root:/') mounted
[2025.05.30-14.22.29:153][  0]LogShaderLibrary: Display: ShaderCodeLibraryPakFileMountedCallback: pending pak file info (ChunkID:-1 Root:root:/ File:C:/Installed/Unreal Engine/UE_4.27/FeaturePacks/TP_TopDown.upack)
[2025.05.30-14.22.29:153][  0]LogPakFile: OnPakFileMounted2Time == 0.000047
[2025.05.30-14.22.29:156][  0]LogPakFile: PakFile PrimaryIndexSize=185
[2025.05.30-14.22.29:156][  0]LogPakFile: PakFile PathHashIndexSize=101
[2025.05.30-14.22.29:156][  0]LogPakFile: PakFile FullDirectoryIndexSize=144
[2025.05.30-14.22.29:156][  0]LogShaderLibrary: Display: ShaderCodeLibraryPakFileMountedCallback: PakFile 'C:/Installed/Unreal Engine/UE_4.27/FeaturePacks/TP_TopDownBP.upack' (chunk index -1, root 'root:/') mounted
[2025.05.30-14.22.29:156][  0]LogShaderLibrary: Display: ShaderCodeLibraryPakFileMountedCallback: pending pak file info (ChunkID:-1 Root:root:/ File:C:/Installed/Unreal Engine/UE_4.27/FeaturePacks/TP_TopDownBP.upack)
[2025.05.30-14.22.29:156][  0]LogPakFile: OnPakFileMounted2Time == 0.000028
[2025.05.30-14.22.29:158][  0]LogPakFile: PakFile PrimaryIndexSize=185
[2025.05.30-14.22.29:158][  0]LogPakFile: PakFile PathHashIndexSize=101
[2025.05.30-14.22.29:158][  0]LogPakFile: PakFile FullDirectoryIndexSize=144
[2025.05.30-14.22.29:158][  0]LogShaderLibrary: Display: ShaderCodeLibraryPakFileMountedCallback: PakFile 'C:/Installed/Unreal Engine/UE_4.27/FeaturePacks/TP_TwinStick.upack' (chunk index -1, root 'root:/') mounted
[2025.05.30-14.22.29:158][  0]LogShaderLibrary: Display: ShaderCodeLibraryPakFileMountedCallback: pending pak file info (ChunkID:-1 Root:root:/ File:C:/Installed/Unreal Engine/UE_4.27/FeaturePacks/TP_TwinStick.upack)
[2025.05.30-14.22.29:158][  0]LogPakFile: OnPakFileMounted2Time == 0.000024
[2025.05.30-14.22.29:161][  0]LogPakFile: PakFile PrimaryIndexSize=187
[2025.05.30-14.22.29:162][  0]LogPakFile: PakFile PathHashIndexSize=101
[2025.05.30-14.22.29:162][  0]LogPakFile: PakFile FullDirectoryIndexSize=148
[2025.05.30-14.22.29:162][  0]LogShaderLibrary: Display: ShaderCodeLibraryPakFileMountedCallback: PakFile 'C:/Installed/Unreal Engine/UE_4.27/FeaturePacks/TP_TwinStickBP.upack' (chunk index -1, root 'root:/') mounted
[2025.05.30-14.22.29:162][  0]LogShaderLibrary: Display: ShaderCodeLibraryPakFileMountedCallback: pending pak file info (ChunkID:-1 Root:root:/ File:C:/Installed/Unreal Engine/UE_4.27/FeaturePacks/TP_TwinStickBP.upack)
[2025.05.30-14.22.29:162][  0]LogPakFile: OnPakFileMounted2Time == 0.000041
[2025.05.30-14.22.29:164][  0]LogPakFile: PakFile PrimaryIndexSize=183
[2025.05.30-14.22.29:164][  0]LogPakFile: PakFile PathHashIndexSize=101
[2025.05.30-14.22.29:164][  0]LogPakFile: PakFile FullDirectoryIndexSize=140
[2025.05.30-14.22.29:164][  0]LogShaderLibrary: Display: ShaderCodeLibraryPakFileMountedCallback: PakFile 'C:/Installed/Unreal Engine/UE_4.27/FeaturePacks/TP_Vehicle.upack' (chunk index -1, root 'root:/') mounted
[2025.05.30-14.22.29:164][  0]LogShaderLibrary: Display: ShaderCodeLibraryPakFileMountedCallback: pending pak file info (ChunkID:-1 Root:root:/ File:C:/Installed/Unreal Engine/UE_4.27/FeaturePacks/TP_Vehicle.upack)
[2025.05.30-14.22.29:164][  0]LogPakFile: OnPakFileMounted2Time == 0.000039
[2025.05.30-14.22.29:167][  0]LogPakFile: PakFile PrimaryIndexSize=186
[2025.05.30-14.22.29:167][  0]LogPakFile: PakFile PathHashIndexSize=101
[2025.05.30-14.22.29:167][  0]LogPakFile: PakFile FullDirectoryIndexSize=146
[2025.05.30-14.22.29:167][  0]LogShaderLibrary: Display: ShaderCodeLibraryPakFileMountedCallback: PakFile 'C:/Installed/Unreal Engine/UE_4.27/FeaturePacks/TP_VehicleAdv.upack' (chunk index -1, root 'root:/') mounted
[2025.05.30-14.22.29:167][  0]LogShaderLibrary: Display: ShaderCodeLibraryPakFileMountedCallback: pending pak file info (ChunkID:-1 Root:root:/ File:C:/Installed/Unreal Engine/UE_4.27/FeaturePacks/TP_VehicleAdv.upack)
[2025.05.30-14.22.29:167][  0]LogPakFile: OnPakFileMounted2Time == 0.000032
[2025.05.30-14.22.29:170][  0]LogPakFile: PakFile PrimaryIndexSize=188
[2025.05.30-14.22.29:170][  0]LogPakFile: PakFile PathHashIndexSize=101
[2025.05.30-14.22.29:170][  0]LogPakFile: PakFile FullDirectoryIndexSize=150
[2025.05.30-14.22.29:170][  0]LogShaderLibrary: Display: ShaderCodeLibraryPakFileMountedCallback: PakFile 'C:/Installed/Unreal Engine/UE_4.27/FeaturePacks/TP_VehicleAdvBP.upack' (chunk index -1, root 'root:/') mounted
[2025.05.30-14.22.29:170][  0]LogShaderLibrary: Display: ShaderCodeLibraryPakFileMountedCallback: pending pak file info (ChunkID:-1 Root:root:/ File:C:/Installed/Unreal Engine/UE_4.27/FeaturePacks/TP_VehicleAdvBP.upack)
[2025.05.30-14.22.29:170][  0]LogPakFile: OnPakFileMounted2Time == 0.000039
[2025.05.30-14.22.29:173][  0]LogPakFile: PakFile PrimaryIndexSize=185
[2025.05.30-14.22.29:173][  0]LogPakFile: PakFile PathHashIndexSize=101
[2025.05.30-14.22.29:173][  0]LogPakFile: PakFile FullDirectoryIndexSize=144
[2025.05.30-14.22.29:173][  0]LogShaderLibrary: Display: ShaderCodeLibraryPakFileMountedCallback: PakFile 'C:/Installed/Unreal Engine/UE_4.27/FeaturePacks/TP_VehicleBP.upack' (chunk index -1, root 'root:/') mounted
[2025.05.30-14.22.29:173][  0]LogShaderLibrary: Display: ShaderCodeLibraryPakFileMountedCallback: pending pak file info (ChunkID:-1 Root:root:/ File:C:/Installed/Unreal Engine/UE_4.27/FeaturePacks/TP_VehicleBP.upack)
[2025.05.30-14.22.29:173][  0]LogPakFile: OnPakFileMounted2Time == 0.000032
[2025.05.30-14.22.29:175][  0]LogPakFile: PakFile PrimaryIndexSize=192
[2025.05.30-14.22.29:175][  0]LogPakFile: PakFile PathHashIndexSize=101
[2025.05.30-14.22.29:175][  0]LogPakFile: PakFile FullDirectoryIndexSize=158
[2025.05.30-14.22.29:175][  0]LogShaderLibrary: Display: ShaderCodeLibraryPakFileMountedCallback: PakFile 'C:/Installed/Unreal Engine/UE_4.27/FeaturePacks/TP_VirtualRealityBP.upack' (chunk index -1, root 'root:/') mounted
[2025.05.30-14.22.29:175][  0]LogShaderLibrary: Display: ShaderCodeLibraryPakFileMountedCallback: pending pak file info (ChunkID:-1 Root:root:/ File:C:/Installed/Unreal Engine/UE_4.27/FeaturePacks/TP_VirtualRealityBP.upack)
[2025.05.30-14.22.29:175][  0]LogPakFile: OnPakFileMounted2Time == 0.000029
[2025.05.30-14.22.29:392][  0]LogNativeClassHierarchy: Verbose: Native class hierarchy updated for 'AddContentDialog' in 0.0002 seconds. Added 0 classes and 0 folders.
[2025.05.30-14.22.29:394][  0]LogNativeClassHierarchy: Verbose: Native class hierarchy updated for 'SceneOutliner' in 0.0002 seconds. Added 2 classes and 0 folders.
[2025.05.30-14.22.29:495][  0]LogSlate: Took 0.004966 seconds to synchronously load lazily loaded font '../../../Engine/Content/Editor/Slate/Fonts/FontAwesome.ttf' (139K)
[2025.05.30-14.22.29:495][  0]LogSlate: Took 0.000136 seconds to synchronously load lazily loaded font '../../../Engine/Content/Slate/Fonts/Roboto-Bold.ttf' (160K)
[2025.05.30-14.22.29:553][  0]LogRenderer: Reallocating scene render targets to support 1920x1080 Format 10 NumSamples 4 (Frame:1).
[2025.05.30-14.22.29:964][  0]LogNativeClassHierarchy: Verbose: Native class hierarchy updated for 'HierarchicalLODOutliner' in 0.0002 seconds. Added 0 classes and 0 folders.
[2025.05.30-14.22.29:964][  0]LogLoad: (Engine Initialization) Total time: 10.73 seconds
[2025.05.30-14.22.29:964][  0]LogLoad: (Engine Initialization) Total Blueprint compile time: 0.00 seconds
[2025.05.30-14.22.30:006][  0]LogAssetRegistry: Asset discovery search completed in 8.6442 seconds
[2025.05.30-14.22.30:009][  0]LogCollectionManager: Fixed up redirectors for 0 collections in 0.000003 seconds (updated 0 objects)
[2025.05.30-14.22.30:011][  0]LogContentStreaming: Texture pool size now 1000 MB
[2025.05.30-14.22.30:038][  1]LogResonanceAudio: Display: Resonance Audio Listener is initialized
[2025.05.30-14.22.36:980][403]LogUObjectHash: Compacting FUObjectHashTables data took   0.45ms
[2025.05.30-14.22.38:904][403]LogSlate: Window 'Delete Assets' being destroyed
[2025.05.30-14.22.38:921][403]LogSlate: Took 0.002988 seconds to synchronously load lazily loaded font '../../../Engine/Content/Slate/Fonts/Roboto-Light.ttf' (167K)
[2025.05.30-14.22.38:966][403]LogUObjectHash: Compacting FUObjectHashTables data took   0.47ms
[2025.05.30-14.22.38:979][403]LogUObjectHash: Compacting FUObjectHashTables data took   0.45ms
[2025.05.30-14.22.38:982][403]LogUObjectHash: Compacting FUObjectHashTables data took   0.25ms
[2025.05.30-14.22.41:478][539]LogUObjectHash: Compacting FUObjectHashTables data took   0.33ms
[2025.05.30-14.22.41:726][539]LogSlate: Took 0.000166 seconds to synchronously load lazily loaded font '../../../Engine/Content/Slate/Fonts/Roboto-Light.ttf' (167K)
[2025.05.30-14.22.42:888][539]LogSlate: Window 'Delete Assets' being destroyed
[2025.05.30-14.22.42:910][539]LogUObjectGlobals: Force Deleting 63 Package(s):
	Asset Name: /Game/MyMehes/Electronics/battery_base_color.battery_base_color
	Asset Name: /Game/MyMehes/Electronics/Battery_case_charged_Battery.Battery_case_charged_Battery
	Asset Name: /Game/MyMehes/Electronics/Battery_case_charged_Cube.Battery_case_charged_Cube
	Asset Name: /Game/MyMehes/Electronics/Battery_case_charged_Cube_001.Battery_case_charged_Cube_001
	Asset Name: /Game/MyMehes/Electronics/Battery_case_charged_Cylinder.Battery_case_charged_Cylinder
	Asset Name: /Game/MyMehes/Electronics/Battery_case_charged_Pico.Battery_case_charged_Pico
	Asset Name: /Game/MyMehes/Electronics/Battery_case_charged_Plane.Battery_case_charged_Plane
	Asset Name: /Game/MyMehes/Electronics/Battery_case_charged_Screw.Battery_case_charged_Screw
	Asset Name: /Game/MyMehes/Electronics/Battery_case_uncharged_Battery.Battery_case_uncharged_Battery
	Asset Name: /Game/MyMehes/Electronics/Battery_case_uncharged_Cube.Battery_case_uncharged_Cube
[2025.05.30-14.22.43:453][539]LogMaterial: Display: Missing cached shadermap for VLX_Top_texture in PCD3D_SM5, Default, SM5 (DDC key hash: FA81312CBACD2AA0609745A506F68D657B321377), compiling. 
[2025.05.30-14.22.43:453][539]LogMaterial: Warning: [AssetLog] C:\Users\misha\YandexDisk\МИФИ\VR_tms\FinalProject\EngiPracrice\Content\MyMehes\Electronics\VLX_Top_texture.uasset: Failed to compile Material for platform PCD3D_SM5, Default Material will be used in game.
[2025.05.30-14.22.43:453][539]LogMaterial: Display: 	(Node TextureSample) Texture Sample> Missing input texture
[2025.05.30-14.22.43:454][539]LogMaterial: Display: Missing cached shadermap for VLX_Top_texture in PCD3D_SM5, Default, SM5 (DDC key hash: FA81312CBACD2AA0609745A506F68D657B321377), compiling. 
[2025.05.30-14.22.43:454][539]LogMaterial: Warning: [AssetLog] C:\Users\misha\YandexDisk\МИФИ\VR_tms\FinalProject\EngiPracrice\Content\MyMehes\Electronics\VLX_Top_texture.uasset: Failed to compile Material for platform PCD3D_SM5, Default Material will be used in game.
[2025.05.30-14.22.43:454][539]LogMaterial: Display: 	(Node TextureSample) Texture Sample> Missing input texture
[2025.05.30-14.22.43:455][539]LogMaterial: Display: Missing cached shadermap for VLX_Back_Texture in PCD3D_SM5, Default, SM5 (DDC key hash: 82FD1F5075D1C92D9595C578A04917B466653EB5), compiling. 
[2025.05.30-14.22.43:455][539]LogMaterial: Warning: [AssetLog] C:\Users\misha\YandexDisk\МИФИ\VR_tms\FinalProject\EngiPracrice\Content\MyMehes\Electronics\VLX_Back_Texture.uasset: Failed to compile Material for platform PCD3D_SM5, Default Material will be used in game.
[2025.05.30-14.22.43:455][539]LogMaterial: Display: 	(Node TextureSample) Texture Sample> Missing input texture
[2025.05.30-14.22.43:455][539]LogMaterial: Display: Missing cached shadermap for VLX_Back_Texture in PCD3D_SM5, Default, SM5 (DDC key hash: 82FD1F5075D1C92D9595C578A04917B466653EB5), compiling. 
[2025.05.30-14.22.43:456][539]LogMaterial: Warning: [AssetLog] C:\Users\misha\YandexDisk\МИФИ\VR_tms\FinalProject\EngiPracrice\Content\MyMehes\Electronics\VLX_Back_Texture.uasset: Failed to compile Material for platform PCD3D_SM5, Default Material will be used in game.
[2025.05.30-14.22.43:456][539]LogMaterial: Display: 	(Node TextureSample) Texture Sample> Missing input texture
[2025.05.30-14.22.43:478][539]LogMaterial: Display: Missing cached shadermap for Battery_Texture_003 in PCD3D_SM5, Default, SM5 (DDC key hash: CE56CFED5C37195BBF118D1BF2DB0D2BC1CAD4E8), compiling. 
[2025.05.30-14.22.43:479][539]LogMaterial: Warning: [AssetLog] C:\Users\misha\YandexDisk\МИФИ\VR_tms\FinalProject\EngiPracrice\Content\MyMehes\Electronics\Battery_Texture_003.uasset: Failed to compile Material for platform PCD3D_SM5, Default Material will be used in game.
[2025.05.30-14.22.43:479][539]LogMaterial: Display: 	(Node TextureSample) Texture Sample> Missing input texture
[2025.05.30-14.22.43:479][539]LogMaterial: Display: Missing cached shadermap for Battery_Texture_003 in PCD3D_SM5, Default, SM5 (DDC key hash: CE56CFED5C37195BBF118D1BF2DB0D2BC1CAD4E8), compiling. 
[2025.05.30-14.22.43:479][539]LogMaterial: Warning: [AssetLog] C:\Users\misha\YandexDisk\МИФИ\VR_tms\FinalProject\EngiPracrice\Content\MyMehes\Electronics\Battery_Texture_003.uasset: Failed to compile Material for platform PCD3D_SM5, Default Material will be used in game.
[2025.05.30-14.22.43:479][539]LogMaterial: Display: 	(Node TextureSample) Texture Sample> Missing input texture
[2025.05.30-14.22.43:490][539]LogMaterial: Display: Missing cached shadermap for Battery_Material in PCD3D_SM5, Default, SM5 (DDC key hash: F0B7461C947F29F2FAC522013BC7634714C3B383), compiling. 
[2025.05.30-14.22.43:490][539]LogMaterial: Warning: [AssetLog] C:\Users\misha\YandexDisk\МИФИ\VR_tms\FinalProject\EngiPracrice\Content\MyMehes\Electronics\Battery_Material.uasset: Failed to compile Material for platform PCD3D_SM5, Default Material will be used in game.
[2025.05.30-14.22.43:490][539]LogMaterial: Display: 	(Node TextureSample) Texture Sample> Missing input texture
[2025.05.30-14.22.43:490][539]LogMaterial: Display: Missing cached shadermap for Battery_Material in PCD3D_SM5, Default, SM5 (DDC key hash: F0B7461C947F29F2FAC522013BC7634714C3B383), compiling. 
[2025.05.30-14.22.43:492][539]LogMaterial: Warning: [AssetLog] C:\Users\misha\YandexDisk\МИФИ\VR_tms\FinalProject\EngiPracrice\Content\MyMehes\Electronics\Battery_Material.uasset: Failed to compile Material for platform PCD3D_SM5, Default Material will be used in game.
[2025.05.30-14.22.43:492][539]LogMaterial: Display: 	(Node TextureSample) Texture Sample> Missing input texture
[2025.05.30-14.22.43:492][539]LogMaterial: Display: Missing cached shadermap for Battery_Material in PCD3D_SM5, Default, SM5 (DDC key hash: F0B7461C947F29F2FAC522013BC7634714C3B383), compiling. 
[2025.05.30-14.22.43:493][539]LogMaterial: Warning: [AssetLog] C:\Users\misha\YandexDisk\МИФИ\VR_tms\FinalProject\EngiPracrice\Content\MyMehes\Electronics\Battery_Material.uasset: Failed to compile Material for platform PCD3D_SM5, Default Material will be used in game.
[2025.05.30-14.22.43:493][539]LogMaterial: Display: 	(Node TextureSample) Texture Sample> Missing input texture
[2025.05.30-14.22.43:493][539]LogMaterial: Display: Missing cached shadermap for Battery_Material in PCD3D_SM5, Default, SM5 (DDC key hash: F0B7461C947F29F2FAC522013BC7634714C3B383), compiling. 
[2025.05.30-14.22.43:493][539]LogMaterial: Warning: [AssetLog] C:\Users\misha\YandexDisk\МИФИ\VR_tms\FinalProject\EngiPracrice\Content\MyMehes\Electronics\Battery_Material.uasset: Failed to compile Material for platform PCD3D_SM5, Default Material will be used in game.
[2025.05.30-14.22.43:493][539]LogMaterial: Display: 	(Node TextureSample) Texture Sample> Missing input texture
[2025.05.30-14.22.43:505][539]LogMaterial: Display: Missing cached shadermap for Pico_Texture in PCD3D_SM5, Default, SM5 (DDC key hash: C478B4468CB7E39D9561EE3AC7B946E2EBCA5E4C), compiling. 
[2025.05.30-14.22.43:506][539]LogMaterial: Warning: [AssetLog] C:\Users\misha\YandexDisk\МИФИ\VR_tms\FinalProject\EngiPracrice\Content\MyMehes\Electronics\Pico_Texture.uasset: Failed to compile Material for platform PCD3D_SM5, Default Material will be used in game.
[2025.05.30-14.22.43:506][539]LogMaterial: Display: 	(Node TextureSample) Texture Sample> Missing input texture
[2025.05.30-14.22.43:506][539]LogMaterial: Display: Missing cached shadermap for Pico_Texture in PCD3D_SM5, Default, SM5 (DDC key hash: C478B4468CB7E39D9561EE3AC7B946E2EBCA5E4C), compiling. 
[2025.05.30-14.22.43:506][539]LogMaterial: Warning: [AssetLog] C:\Users\misha\YandexDisk\МИФИ\VR_tms\FinalProject\EngiPracrice\Content\MyMehes\Electronics\Pico_Texture.uasset: Failed to compile Material for platform PCD3D_SM5, Default Material will be used in game.
[2025.05.30-14.22.43:506][539]LogMaterial: Display: 	(Node TextureSample) Texture Sample> Missing input texture
[2025.05.30-14.22.43:507][539]LogMaterial: Display: Missing cached shadermap for Pico_bot in PCD3D_SM5, Default, SM5 (DDC key hash: 7ECD57C2D98F34C4C88796EB43A89FBD1BE1DD7D), compiling. 
[2025.05.30-14.22.43:507][539]LogMaterial: Warning: [AssetLog] C:\Users\misha\YandexDisk\МИФИ\VR_tms\FinalProject\EngiPracrice\Content\MyMehes\Electronics\Pico_bot.uasset: Failed to compile Material for platform PCD3D_SM5, Default Material will be used in game.
[2025.05.30-14.22.43:507][539]LogMaterial: Display: 	(Node TextureSample) Texture Sample> Missing input texture
[2025.05.30-14.22.43:508][539]LogMaterial: Display: Missing cached shadermap for Pico_bot in PCD3D_SM5, Default, SM5 (DDC key hash: 7ECD57C2D98F34C4C88796EB43A89FBD1BE1DD7D), compiling. 
[2025.05.30-14.22.43:508][539]LogMaterial: Warning: [AssetLog] C:\Users\misha\YandexDisk\МИФИ\VR_tms\FinalProject\EngiPracrice\Content\MyMehes\Electronics\Pico_bot.uasset: Failed to compile Material for platform PCD3D_SM5, Default Material will be used in game.
[2025.05.30-14.22.43:508][539]LogMaterial: Display: 	(Node TextureSample) Texture Sample> Missing input texture
[2025.05.30-14.22.43:523][539]LogMaterial: Display: Missing cached shadermap for Driver_Texture in PCD3D_SM5, Default, SM5 (DDC key hash: 511E604A97AB03DE4C79611579966C2550A42D1A), compiling. 
[2025.05.30-14.22.43:523][539]LogMaterial: Warning: [AssetLog] C:\Users\misha\YandexDisk\МИФИ\VR_tms\FinalProject\EngiPracrice\Content\MyMehes\Electronics\Driver_Texture.uasset: Failed to compile Material for platform PCD3D_SM5, Default Material will be used in game.
[2025.05.30-14.22.43:523][539]LogMaterial: Display: 	(Node TextureSample) Texture Sample> Missing input texture
[2025.05.30-14.22.43:524][539]LogMaterial: Display: Missing cached shadermap for Driver_Texture in PCD3D_SM5, Default, SM5 (DDC key hash: 511E604A97AB03DE4C79611579966C2550A42D1A), compiling. 
[2025.05.30-14.22.43:524][539]LogMaterial: Warning: [AssetLog] C:\Users\misha\YandexDisk\МИФИ\VR_tms\FinalProject\EngiPracrice\Content\MyMehes\Electronics\Driver_Texture.uasset: Failed to compile Material for platform PCD3D_SM5, Default Material will be used in game.
[2025.05.30-14.22.43:524][539]LogMaterial: Display: 	(Node TextureSample) Texture Sample> Missing input texture
[2025.05.30-14.22.43:533][539]LogMaterial: Display: Missing cached shadermap for Battery_Texture_001 in PCD3D_SM5, Default, SM5 (DDC key hash: CB45E2A41B267CB64E46A0A7304D7A61972B517C), compiling. 
[2025.05.30-14.22.43:533][539]LogMaterial: Warning: [AssetLog] C:\Users\misha\YandexDisk\МИФИ\VR_tms\FinalProject\EngiPracrice\Content\MyMehes\Electronics\Battery_Texture_001.uasset: Failed to compile Material for platform PCD3D_SM5, Default Material will be used in game.
[2025.05.30-14.22.43:533][539]LogMaterial: Display: 	(Node TextureSample) Texture Sample> Missing input texture
[2025.05.30-14.22.43:533][539]LogMaterial: Display: Missing cached shadermap for Battery_Texture_001 in PCD3D_SM5, Default, SM5 (DDC key hash: CB45E2A41B267CB64E46A0A7304D7A61972B517C), compiling. 
[2025.05.30-14.22.43:534][539]LogMaterial: Warning: [AssetLog] C:\Users\misha\YandexDisk\МИФИ\VR_tms\FinalProject\EngiPracrice\Content\MyMehes\Electronics\Battery_Texture_001.uasset: Failed to compile Material for platform PCD3D_SM5, Default Material will be used in game.
[2025.05.30-14.22.43:534][539]LogMaterial: Display: 	(Node TextureSample) Texture Sample> Missing input texture
[2025.05.30-14.22.43:534][539]LogMaterial: Display: Missing cached shadermap for TCS_Front_Texture in PCD3D_SM5, Default, SM5 (DDC key hash: E002727271F82EE4A5709E0DB779E90E46EBBE56), compiling. 
[2025.05.30-14.22.43:534][539]LogMaterial: Warning: [AssetLog] C:\Users\misha\YandexDisk\МИФИ\VR_tms\FinalProject\EngiPracrice\Content\MyMehes\Electronics\TCS_Front_Texture.uasset: Failed to compile Material for platform PCD3D_SM5, Default Material will be used in game.
[2025.05.30-14.22.43:534][539]LogMaterial: Display: 	(Node TextureSample) Texture Sample> Missing input texture
[2025.05.30-14.22.43:535][539]LogMaterial: Display: Missing cached shadermap for TSC_Back_Texture in PCD3D_SM5, Default, SM5 (DDC key hash: F752C5003CB619825FF53DA3AAC02249497A8A1F), compiling. 
[2025.05.30-14.22.43:535][539]LogMaterial: Warning: [AssetLog] C:\Users\misha\YandexDisk\МИФИ\VR_tms\FinalProject\EngiPracrice\Content\MyMehes\Electronics\TSC_Back_Texture.uasset: Failed to compile Material for platform PCD3D_SM5, Default Material will be used in game.
[2025.05.30-14.22.43:536][539]LogMaterial: Display: 	(Node TextureSample) Texture Sample> Missing input texture
[2025.05.30-14.22.43:600][539]LogMaterial: Display: Missing cached shadermap for Battery_Texture in PCD3D_SM5, Default, SM5 (DDC key hash: B61AA29BCC5E74715A470963EB8E01422597DC65), compiling. 
[2025.05.30-14.22.43:600][539]LogMaterial: Warning: [AssetLog] C:\Users\misha\YandexDisk\МИФИ\VR_tms\FinalProject\EngiPracrice\Content\MyMehes\Electronics\Battery_Texture.uasset: Failed to compile Material for platform PCD3D_SM5, Default Material will be used in game.
[2025.05.30-14.22.43:600][539]LogMaterial: Display: 	(Node TextureSample) Texture Sample> Missing input texture
[2025.05.30-14.22.43:600][539]LogMaterial: Display: Missing cached shadermap for Battery_Texture in PCD3D_SM5, Default, SM5 (DDC key hash: B61AA29BCC5E74715A470963EB8E01422597DC65), compiling. 
[2025.05.30-14.22.43:601][539]LogMaterial: Warning: [AssetLog] C:\Users\misha\YandexDisk\МИФИ\VR_tms\FinalProject\EngiPracrice\Content\MyMehes\Electronics\Battery_Texture.uasset: Failed to compile Material for platform PCD3D_SM5, Default Material will be used in game.
[2025.05.30-14.22.43:601][539]LogMaterial: Display: 	(Node TextureSample) Texture Sample> Missing input texture
[2025.05.30-14.22.43:907][539]LogUObjectHash: Compacting FUObjectHashTables data took   0.42ms
[2025.05.30-14.22.43:913][539]LogUObjectHash: Compacting FUObjectHashTables data took   0.20ms
[2025.05.30-14.22.43:916][539]LogUObjectHash: Compacting FUObjectHashTables data took   0.18ms
[2025.05.30-14.22.43:919][539]LogUObjectHash: Compacting FUObjectHashTables data took   0.18ms
[2025.05.30-14.22.43:922][539]LogUObjectHash: Compacting FUObjectHashTables data took   0.17ms
[2025.05.30-14.22.43:925][539]LogUObjectHash: Compacting FUObjectHashTables data took   0.18ms
[2025.05.30-14.22.43:929][539]LogUObjectHash: Compacting FUObjectHashTables data took   0.17ms
[2025.05.30-14.22.43:933][539]LogUObjectHash: Compacting FUObjectHashTables data took   0.17ms
[2025.05.30-14.22.43:936][539]LogUObjectHash: Compacting FUObjectHashTables data took   0.17ms
[2025.05.30-14.22.43:940][539]LogUObjectHash: Compacting FUObjectHashTables data took   0.21ms
[2025.05.30-14.22.43:943][539]LogUObjectHash: Compacting FUObjectHashTables data took   0.17ms
[2025.05.30-14.22.43:946][539]LogUObjectHash: Compacting FUObjectHashTables data took   0.18ms
[2025.05.30-14.22.43:949][539]LogUObjectHash: Compacting FUObjectHashTables data took   0.17ms
[2025.05.30-14.22.43:953][539]LogUObjectHash: Compacting FUObjectHashTables data took   0.17ms
[2025.05.30-14.22.43:956][539]LogUObjectHash: Compacting FUObjectHashTables data took   0.18ms
[2025.05.30-14.22.43:959][539]LogUObjectHash: Compacting FUObjectHashTables data took   0.18ms
[2025.05.30-14.22.43:963][539]LogUObjectHash: Compacting FUObjectHashTables data took   0.17ms
[2025.05.30-14.22.43:966][539]LogUObjectHash: Compacting FUObjectHashTables data took   0.17ms
[2025.05.30-14.22.43:970][539]LogUObjectHash: Compacting FUObjectHashTables data took   0.17ms
[2025.05.30-14.22.43:974][539]LogUObjectHash: Compacting FUObjectHashTables data took   0.18ms
[2025.05.30-14.22.43:977][539]LogUObjectHash: Compacting FUObjectHashTables data took   0.18ms
[2025.05.30-14.22.43:980][539]LogUObjectHash: Compacting FUObjectHashTables data took   0.17ms
[2025.05.30-14.22.43:983][539]LogUObjectHash: Compacting FUObjectHashTables data took   0.18ms
[2025.05.30-14.22.43:989][539]LogUObjectHash: Compacting FUObjectHashTables data took   0.19ms
[2025.05.30-14.22.43:992][539]LogUObjectHash: Compacting FUObjectHashTables data took   0.18ms
[2025.05.30-14.22.43:995][539]LogUObjectHash: Compacting FUObjectHashTables data took   0.18ms
[2025.05.30-14.22.43:999][539]LogUObjectHash: Compacting FUObjectHashTables data took   0.18ms
[2025.05.30-14.22.44:003][539]LogUObjectHash: Compacting FUObjectHashTables data took   0.19ms
[2025.05.30-14.22.44:006][539]LogUObjectHash: Compacting FUObjectHashTables data took   0.18ms
[2025.05.30-14.22.44:009][539]LogUObjectHash: Compacting FUObjectHashTables data took   0.17ms
[2025.05.30-14.22.44:013][539]LogUObjectHash: Compacting FUObjectHashTables data took   0.17ms
[2025.05.30-14.22.44:016][539]LogUObjectHash: Compacting FUObjectHashTables data took   0.17ms
[2025.05.30-14.22.44:019][539]LogUObjectHash: Compacting FUObjectHashTables data took   0.17ms
[2025.05.30-14.22.44:023][539]LogUObjectHash: Compacting FUObjectHashTables data took   0.17ms
[2025.05.30-14.22.44:026][539]LogUObjectHash: Compacting FUObjectHashTables data took   0.17ms
[2025.05.30-14.22.44:030][539]LogUObjectHash: Compacting FUObjectHashTables data took   0.17ms
[2025.05.30-14.22.44:033][539]LogUObjectHash: Compacting FUObjectHashTables data took   0.17ms
[2025.05.30-14.22.44:037][539]LogUObjectHash: Compacting FUObjectHashTables data took   0.17ms
[2025.05.30-14.22.44:041][539]LogUObjectHash: Compacting FUObjectHashTables data took   0.17ms
[2025.05.30-14.22.44:044][539]LogUObjectHash: Compacting FUObjectHashTables data took   0.17ms
[2025.05.30-14.22.44:047][539]LogUObjectHash: Compacting FUObjectHashTables data took   0.17ms
[2025.05.30-14.22.44:051][539]LogUObjectHash: Compacting FUObjectHashTables data took   0.17ms
[2025.05.30-14.22.44:054][539]LogUObjectHash: Compacting FUObjectHashTables data took   0.17ms
[2025.05.30-14.22.44:057][539]LogUObjectHash: Compacting FUObjectHashTables data took   0.17ms
[2025.05.30-14.22.44:060][539]LogUObjectHash: Compacting FUObjectHashTables data took   0.17ms
[2025.05.30-14.22.44:064][539]LogUObjectHash: Compacting FUObjectHashTables data took   0.18ms
[2025.05.30-14.22.44:067][539]LogUObjectHash: Compacting FUObjectHashTables data took   0.17ms
[2025.05.30-14.22.44:071][539]LogUObjectHash: Compacting FUObjectHashTables data took   0.17ms
[2025.05.30-14.22.44:074][539]LogUObjectHash: Compacting FUObjectHashTables data took   0.17ms
[2025.05.30-14.22.44:078][539]LogUObjectHash: Compacting FUObjectHashTables data took   0.17ms
[2025.05.30-14.22.44:080][539]LogUObjectHash: Compacting FUObjectHashTables data took   0.18ms
[2025.05.30-14.22.44:084][539]LogUObjectHash: Compacting FUObjectHashTables data took   0.18ms
[2025.05.30-14.22.44:087][539]LogUObjectHash: Compacting FUObjectHashTables data took   0.17ms
[2025.05.30-14.22.44:091][539]LogUObjectHash: Compacting FUObjectHashTables data took   0.17ms
[2025.05.30-14.22.44:094][539]LogUObjectHash: Compacting FUObjectHashTables data took   0.17ms
[2025.05.30-14.22.44:098][539]LogUObjectHash: Compacting FUObjectHashTables data took   0.17ms
[2025.05.30-14.22.44:101][539]LogUObjectHash: Compacting FUObjectHashTables data took   0.19ms
[2025.05.30-14.22.44:104][539]LogUObjectHash: Compacting FUObjectHashTables data took   0.18ms
[2025.05.30-14.22.44:107][539]LogUObjectHash: Compacting FUObjectHashTables data took   0.17ms
[2025.05.30-14.22.44:112][539]LogUObjectHash: Compacting FUObjectHashTables data took   0.18ms
[2025.05.30-14.22.44:115][539]LogUObjectHash: Compacting FUObjectHashTables data took   0.18ms
[2025.05.30-14.22.44:118][539]LogUObjectHash: Compacting FUObjectHashTables data took   0.17ms
[2025.05.30-14.22.44:121][539]LogUObjectHash: Compacting FUObjectHashTables data took   0.18ms
[2025.05.30-14.22.44:125][539]LogUObjectHash: Compacting FUObjectHashTables data took   0.41ms
[2025.05.30-14.22.44:129][539]LogUObjectHash: Compacting FUObjectHashTables data took   0.18ms
[2025.05.30-14.23.41:565][614]LogFactory: FactoryCreateFile: StaticMesh with FbxFactory (0 0 C:\Users\misha\YandexDisk\МИФИ\VR_tms\FBX\Pico.fbx)
[2025.05.30-14.23.41:577][614]LogFbx: Loading FBX Scene from C:\Users\misha\YandexDisk\МИФИ\VR_tms\FBX\Pico.fbx
[2025.05.30-14.23.41:582][614]LogFbx: FBX Scene Loaded Succesfully
[2025.05.30-14.23.55:290][614]LogSlate: Window 'FBX Import Options' being destroyed
[2025.05.30-14.23.55:337][614]LogTexture: Display: Building textures: pico1 (BGRA8, 1200X1199)
[2025.05.30-14.23.55:351][614]LogMaterial: Display: Missing cached shadermap for Pico_Texture in PCD3D_SM5, Default, SM5 (DDC key hash: D53BD147E5FDC61951D8E341CA37347C4558A3F7), compiling. 
[2025.05.30-14.23.55:356][614]LogMaterial: Display: Missing cached shadermap for Pico_Metall in PCD3D_SM5, Default, SM5 (DDC key hash: 9DBC836ECD545398D6FA3FDFE2A3F660744EC8EB), compiling. 
[2025.05.30-14.23.55:359][614]LogMaterial: Display: Missing cached shadermap for Pico_Black in PCD3D_SM5, Default, SM5 (DDC key hash: 48BA8C0E624BADEB9597B1AD938EFC2C3AAF2FD9), compiling. 
[2025.05.30-14.23.55:363][614]LogMaterial: Display: Missing cached shadermap for Pico_Green in PCD3D_SM5, Default, SM5 (DDC key hash: 72156B7918488AA76867DB00AC6F6F7F1827BA29), compiling. 
[2025.05.30-14.23.55:392][614]LogTexture: Display: Building textures: Pico_bot_ncl1_1 (OODLE_AutoDXT, 1200X1200)
[2025.05.30-14.23.55:413][614]LogTextureFormatOodle: Display: non-RDO encode 1200 x 1200 x 1 to format OODLE_AutoDXT (Oodle OodleTex_BC3) lambda=0 effort=20 
[2025.05.30-14.23.55:414][614]LogMaterial: Display: Missing cached shadermap for Pico_bot in PCD3D_SM5, Default, SM5 (DDC key hash: 9C2A9A7F26A2021E6CA8CCD21002DF0DEF2D4168), compiling. 
[2025.05.30-14.23.55:416][614]LogFbx: Display: Triangulating static mesh Pico
[2025.05.30-14.23.55:423][614]LogStaticMesh: Building static mesh Pico...
[2025.05.30-14.23.55:425][614]LogStaticMesh: Built static mesh [0.00s] /Game/MyMehes/Electronics/Pico.Pico
[2025.05.30-14.23.55:429][614]FBXImport: FBX Scene Loading: Found texture name clash, name clash can be wrongly reassign at reimport , texture 'Pico_bot' was renamed 'Pico_bot_ncl1_1' 
[2025.05.30-14.23.55:430][614]FBXImport: Warning: No smoothing group information was found in this FBX scene.  Please make sure to enable the 'Export Smoothing Groups' option in the FBX Exporter plug-in before exporting the file.  Even for tools that don't support smoothing groups, the FBX Exporter will generate appropriate smoothing data at export-time so that correct vertex normals can be inferred while importing. 
[2025.05.30-14.23.55:482][614]LogShaderCompilers: Display: Submitted 2 shader compile jobs with 'ForceLocal' priority
[2025.05.30-14.23.55:482][614]LogShaderCompilers: Display: Submitted 2 shader compile jobs with 'ForceLocal' priority
[2025.05.30-14.23.55:482][614]LogShaderCompilers: Display: Submitted 2 shader compile jobs with 'ForceLocal' priority
[2025.05.30-14.23.55:482][614]LogShaderCompilers: Display: Submitted 2 shader compile jobs with 'ForceLocal' priority
[2025.05.30-14.23.55:482][614]LogShaderCompilers: Display: Worker (1/21): shaders left to compile 8
[2025.05.30-14.23.55:482][614]LogShaderCompilers: Display: Worker (2/21): shaders left to compile 7
[2025.05.30-14.23.55:482][614]LogShaderCompilers: Display: Worker (3/21): shaders left to compile 6
[2025.05.30-14.23.55:482][614]LogShaderCompilers: Display: Worker (4/21): shaders left to compile 5
[2025.05.30-14.23.55:482][614]LogShaderCompilers: Display: Worker (5/21): shaders left to compile 4
[2025.05.30-14.23.55:482][614]LogShaderCompilers: Display: Worker (6/21): shaders left to compile 3
[2025.05.30-14.23.55:482][614]LogShaderCompilers: Display: Worker (7/21): shaders left to compile 2
[2025.05.30-14.23.55:482][614]LogShaderCompilers: Display: Worker (8/21): shaders left to compile 1
[2025.05.30-14.23.55:482][614]LogShaderCompilers: Display: Started 8 'Local' shader compile jobs with 'ForceLocal' priority
[2025.05.30-14.23.55:482][614]LogShaderCompilers: Display: Submitted 2 shader compile jobs with 'ForceLocal' priority
[2025.05.30-14.23.55:482][614]LogSlate: Took 0.001657 seconds to synchronously load lazily loaded font '../../../Engine/Content/Slate/Fonts/DroidSansMono.ttf' (77K)
[2025.05.30-14.23.55:503][616]LogShaderCompilers: Display: Submitted 14 shader compile jobs with 'Normal' priority
[2025.05.30-14.23.55:509][616]LogShaderCompilers: Display: Submitted 14 shader compile jobs with 'Normal' priority
[2025.05.30-14.23.55:514][616]LogShaderCompilers: Display: Submitted 14 shader compile jobs with 'Normal' priority
[2025.05.30-14.23.55:519][616]LogShaderCompilers: Display: Submitted 14 shader compile jobs with 'Normal' priority
[2025.05.30-14.23.55:525][616]LogShaderCompilers: Display: Submitted 14 shader compile jobs with 'Normal' priority
[2025.05.30-14.23.55:603][618]LogShaderCompilers: Display: Worker (9/21): shaders left to compile 2
[2025.05.30-14.23.55:603][618]LogShaderCompilers: Display: Worker (10/21): shaders left to compile 1
[2025.05.30-14.23.55:603][618]LogShaderCompilers: Display: Worker (11/21): shaders left to compile 70
[2025.05.30-14.23.55:603][618]LogShaderCompilers: Display: Worker (12/21): shaders left to compile 66
[2025.05.30-14.23.55:603][618]LogShaderCompilers: Display: Worker (13/21): shaders left to compile 62
[2025.05.30-14.23.55:603][618]LogShaderCompilers: Display: Worker (14/21): shaders left to compile 58
[2025.05.30-14.23.55:603][618]LogShaderCompilers: Display: Worker (15/21): shaders left to compile 54
[2025.05.30-14.23.55:603][618]LogShaderCompilers: Display: Worker (16/21): shaders left to compile 50
[2025.05.30-14.23.55:603][618]LogShaderCompilers: Display: Worker (17/21): shaders left to compile 46
[2025.05.30-14.23.55:603][618]LogShaderCompilers: Display: Worker (18/21): shaders left to compile 42
[2025.05.30-14.23.55:603][618]LogShaderCompilers: Display: Worker (19/21): shaders left to compile 38
[2025.05.30-14.23.55:603][618]LogShaderCompilers: Display: Worker (20/21): shaders left to compile 34
[2025.05.30-14.23.55:603][618]LogShaderCompilers: Display: Started 40 'Local' shader compile jobs with 'Normal' priority
[2025.05.30-14.23.55:603][618]LogShaderCompilers: Display: Started 2 'Local' shader compile jobs with 'ForceLocal' priority
[2025.05.30-14.23.57:104][690]LogShaderCompilers: Display: Worker (8/21): shaders left to compile 30
[2025.05.30-14.23.57:104][690]LogShaderCompilers: Display: Started 2 'Local' shader compile jobs with 'Normal' priority
[2025.05.30-14.23.57:182][694]LogShaderCompilers: Display: Worker (2/21): shaders left to compile 28
[2025.05.30-14.23.57:182][694]LogShaderCompilers: Display: Worker (6/21): shaders left to compile 26
[2025.05.30-14.23.57:182][694]LogShaderCompilers: Display: Started 4 'Local' shader compile jobs with 'Normal' priority
[2025.05.30-14.23.57:208][695]LogShaderCompilers: Display: Worker (10/21): shaders left to compile 24
[2025.05.30-14.23.57:209][695]LogShaderCompilers: Display: Started 2 'Local' shader compile jobs with 'Normal' priority
[2025.05.30-14.23.57:209][695]LogShaderCompilers: Display: Worker (4/21): shaders left to compile 22
[2025.05.30-14.23.57:209][695]LogShaderCompilers: Display: Started 2 'Local' shader compile jobs with 'Normal' priority
[2025.05.30-14.23.57:922][726]LogSlate: Window 'Message Log' being destroyed
[2025.05.30-14.23.57:933][726]LogSlate: Window 'Message Log' being destroyed
[2025.05.30-14.23.58:003][728]LogShaderCompilers: Display: Worker (2/21): shaders left to compile 20
[2025.05.30-14.23.58:003][728]LogShaderCompilers: Display: Started 2 'Local' shader compile jobs with 'Normal' priority
[2025.05.30-14.23.59:357][782]LogActorFactory: Actor Factory created Pico
[2025.05.30-14.24.00:927][860]LogActorFactory: Actor Factory created Pico
[2025.05.30-14.24.02:152][915]LogShaderCompilers: Display: Worker (3/21): shaders left to compile 3
[2025.05.30-14.24.02:152][915]LogShaderCompilers: Display: Started 1 'Local' shader compile jobs with 'ForceLocal' priority
[2025.05.30-14.24.02:249][919]LogEditorViewport: Clicking on Actor (double click): StaticMeshActor (TemplateFloor)
[2025.05.30-14.24.02:614][926]LogShaderCompilers: Display: Worker (1/21): shaders left to compile 2
[2025.05.30-14.24.02:615][926]LogShaderCompilers: Display: Started 1 'Local' shader compile jobs with 'ForceLocal' priority
[2025.05.30-14.24.02:674][929]LogShaderCompilers: Display: Worker (3/21): shaders left to compile 1
[2025.05.30-14.24.02:675][929]LogShaderCompilers: Display: Started 1 'Local' shader compile jobs with 'ForceLocal' priority
[2025.05.30-14.24.02:691][930]LogShaderCompilers: Display: Worker (5/21): shaders left to compile 15
[2025.05.30-14.24.02:691][930]LogShaderCompilers: Display: Started 1 'Local' shader compile jobs with 'Normal' priority
[2025.05.30-14.24.02:744][933]LogShaderCompilers: Display: Worker (7/21): shaders left to compile 14
[2025.05.30-14.24.02:744][933]LogShaderCompilers: Display: Started 1 'Local' shader compile jobs with 'Normal' priority
[2025.05.30-14.24.02:744][933]LogShaderCompilers: Display: Worker (9/21): shaders left to compile 13
[2025.05.30-14.24.02:744][933]LogShaderCompilers: Display: Started 1 'Local' shader compile jobs with 'Normal' priority
[2025.05.30-14.24.02:991][944]LogShaderCompilers: Display: Worker (7/21): shaders left to compile 12
[2025.05.30-14.24.02:991][944]LogShaderCompilers: Display: Started 1 'Local' shader compile jobs with 'Normal' priority
[2025.05.30-14.24.03:211][953]LogEditorViewport: Clicking on Actor (LMB): StaticMeshActor (Pico)
[2025.05.30-14.24.03:277][953]LogShaderCompilers: Display: Worker (3/21): shaders left to compile 11
[2025.05.30-14.24.03:277][953]LogShaderCompilers: Display: Started 1 'Local' shader compile jobs with 'Normal' priority
[2025.05.30-14.24.03:419][954]LogShaderCompilers: Display: Worker (7/21): shaders left to compile 10
[2025.05.30-14.24.03:419][954]LogShaderCompilers: Display: Started 1 'Local' shader compile jobs with 'Normal' priority
[2025.05.30-14.24.03:521][954]LogShaderCompilers: Display: Worker (3/21): shaders left to compile 9
[2025.05.30-14.24.03:521][954]LogShaderCompilers: Display: Started 1 'Local' shader compile jobs with 'Normal' priority
[2025.05.30-14.24.03:722][956]LogShaderCompilers: Display: Worker (18/21): shaders left to compile 8
[2025.05.30-14.24.03:722][956]LogShaderCompilers: Display: Started 1 'Local' shader compile jobs with 'Normal' priority
[2025.05.30-14.24.03:739][956]LogShaderCompilers: Display: Worker (10/21): shaders left to compile 7
[2025.05.30-14.24.03:739][956]LogShaderCompilers: Display: Started 1 'Local' shader compile jobs with 'Normal' priority
[2025.05.30-14.24.03:797][957]LogShaderCompilers: Display: Worker (8/21): shaders left to compile 6
[2025.05.30-14.24.03:797][957]LogShaderCompilers: Display: Started 1 'Local' shader compile jobs with 'Normal' priority
[2025.05.30-14.24.03:870][959]LogShaderCompilers: Display: Worker (4/21): shaders left to compile 5
[2025.05.30-14.24.03:871][959]LogShaderCompilers: Display: Started 1 'Local' shader compile jobs with 'Normal' priority
[2025.05.30-14.24.03:991][962]LogShaderCompilers: Display: Worker (14/21): shaders left to compile 4
[2025.05.30-14.24.03:991][962]LogShaderCompilers: Display: Started 1 'Local' shader compile jobs with 'Normal' priority
[2025.05.30-14.24.04:021][963]LogShaderCompilers: Display: Worker (10/21): shaders left to compile 3
[2025.05.30-14.24.04:022][963]LogShaderCompilers: Display: Started 1 'Local' shader compile jobs with 'Normal' priority
[2025.05.30-14.24.04:051][964]LogShaderCompilers: Display: Worker (7/21): shaders left to compile 2
[2025.05.30-14.24.04:051][964]LogShaderCompilers: Display: Started 1 'Local' shader compile jobs with 'Normal' priority
[2025.05.30-14.24.04:051][964]LogShaderCompilers: Display: Worker (11/21): shaders left to compile 1
[2025.05.30-14.24.04:051][964]LogShaderCompilers: Display: Started 1 'Local' shader compile jobs with 'Normal' priority
[2025.05.30-14.24.10:532][263]LogMaterial: Display: Missing cached shadermap for pico1_Mat in PCD3D_SM5, Default, SM5 (DDC key hash: 6F0B4A475C880044A2921D630F5E8F3EDDBC889C), compiling. 
[2025.05.30-14.24.10:558][264]LogShaderCompilers: Display: Submitted 2 shader compile jobs with 'ForceLocal' priority
[2025.05.30-14.24.10:558][264]LogShaderCompilers: Display: Submitted 14 shader compile jobs with 'Normal' priority
[2025.05.30-14.24.10:558][264]LogShaderCompilers: Display: Worker (1/21): shaders left to compile 2
[2025.05.30-14.24.10:558][264]LogShaderCompilers: Display: Worker (2/21): shaders left to compile 1
[2025.05.30-14.24.10:558][264]LogShaderCompilers: Display: Worker (3/21): shaders left to compile 14
[2025.05.30-14.24.10:558][264]LogShaderCompilers: Display: Worker (4/21): shaders left to compile 13
[2025.05.30-14.24.10:558][264]LogShaderCompilers: Display: Worker (5/21): shaders left to compile 12
[2025.05.30-14.24.10:558][264]LogShaderCompilers: Display: Worker (6/21): shaders left to compile 11
[2025.05.30-14.24.10:558][264]LogShaderCompilers: Display: Worker (7/21): shaders left to compile 10
[2025.05.30-14.24.10:558][264]LogShaderCompilers: Display: Worker (8/21): shaders left to compile 9
[2025.05.30-14.24.10:558][264]LogShaderCompilers: Display: Worker (9/21): shaders left to compile 8
[2025.05.30-14.24.10:558][264]LogShaderCompilers: Display: Worker (10/21): shaders left to compile 7
[2025.05.30-14.24.10:558][264]LogShaderCompilers: Display: Worker (11/21): shaders left to compile 6
[2025.05.30-14.24.10:558][264]LogShaderCompilers: Display: Worker (12/21): shaders left to compile 5
[2025.05.30-14.24.10:558][264]LogShaderCompilers: Display: Worker (13/21): shaders left to compile 4
[2025.05.30-14.24.10:558][264]LogShaderCompilers: Display: Worker (14/21): shaders left to compile 3
[2025.05.30-14.24.10:558][264]LogShaderCompilers: Display: Worker (15/21): shaders left to compile 2
[2025.05.30-14.24.10:558][264]LogShaderCompilers: Display: Worker (16/21): shaders left to compile 1
[2025.05.30-14.24.10:558][264]LogShaderCompilers: Display: Started 14 'Local' shader compile jobs with 'Normal' priority
[2025.05.30-14.24.10:558][264]LogShaderCompilers: Display: Started 2 'Local' shader compile jobs with 'ForceLocal' priority
[2025.05.30-14.25.36:577][408]LogEditorViewport: Clicking on Actor (LMB): StaticMeshActor (Pico)
[2025.05.30-14.25.36:993][433]LogEditorViewport: Clicking on Component (LMB): StaticMeshComponent (StaticMeshComponent0)
[2025.05.30-14.25.37:252][448]LogEditorViewport: Clicking on Component (LMB): StaticMeshComponent (StaticMeshComponent0)
[2025.05.30-14.25.39:006][552]LogAssetEditorSubsystem: Opening Asset editor for StaticMesh /Game/MyMehes/Electronics/Pico.Pico
[2025.05.30-14.25.39:068][552]LogTexture: Default maximum texture size for cubemaps generated from long-lat sources has been changed from 512 to unlimited. In order to preserve old behaiour for '/Engine/EditorMaterials/AssetViewer/EpicQuadPanorama_CC+EV1.EpicQuadPanorama_CC+EV1', its maximum texture size has been explicitly set to 512.
[2025.05.30-14.25.39:141][552]LogTexture: Default maximum texture size for cubemaps generated from long-lat sources has been changed from 512 to unlimited. In order to preserve old behaiour for '/Engine/MapTemplates/Sky/SunsetAmbientCubemap.SunsetAmbientCubemap', its maximum texture size has been explicitly set to 512.
[2025.05.30-14.25.39:189][552]LogMaterial: Display: Missing cached shadermap for M_SkyBox in PCD3D_SM5, Default, SM5 (DDC key hash: E7E13E526F6710F627BB557C36BC8F637844AF14), compiling. 
[2025.05.30-14.25.39:193][552]LogShaderCompilers: Display: Submitted 6 shader compile jobs with 'Low' priority
[2025.05.30-14.25.39:203][552]LogShaderCompilers: Display: Worker (1/21): shaders left to compile 6
[2025.05.30-14.25.39:203][552]LogShaderCompilers: Display: Worker (2/21): shaders left to compile 5
[2025.05.30-14.25.39:203][552]LogShaderCompilers: Display: Worker (3/21): shaders left to compile 4
[2025.05.30-14.25.39:203][552]LogShaderCompilers: Display: Worker (4/21): shaders left to compile 3
[2025.05.30-14.25.39:203][552]LogShaderCompilers: Display: Worker (5/21): shaders left to compile 2
[2025.05.30-14.25.39:203][552]LogShaderCompilers: Display: Worker (6/21): shaders left to compile 1
[2025.05.30-14.25.39:203][552]LogShaderCompilers: Display: Started 6 'Local' shader compile jobs with 'Low' priority
[2025.05.30-14.25.39:412][552]LogSlate: Took 0.003531 seconds to synchronously load lazily loaded font '../../../Engine/Content/Slate/Fonts/Roboto-Italic.ttf' (157K)
[2025.05.30-14.25.39:447][553]LogShaderCompilers: Display: === FShaderJobCache stats ===
[2025.05.30-14.25.39:447][553]LogShaderCompilers: Display: Total job queries 102, among them cache hits 0 (0.00%)
[2025.05.30-14.25.39:447][553]LogShaderCompilers: Display: Tracking 99 distinct input hashes that result in 28 distinct outputs (28.28%)
[2025.05.30-14.25.39:447][553]LogShaderCompilers: Display: RAM used: 0.47 MB (0.00 GB) of 1638.40 MB (1.60 GB) budget. Usage: 0.03%
[2025.05.30-14.25.39:447][553]LogShaderCompilers: Display: ================================================
[2025.05.30-14.25.52:380][188]LogSlate: Window 'Material Baking Options' being destroyed
[2025.05.30-14.25.59:164][591]LogSlate: Window 'Pico' being destroyed
[2025.05.30-14.28.39:720][531]LogAssetEditorSubsystem: Opening Asset editor for Texture2D /Game/MyMehes/Electronics/pico1.pico1
[2025.05.30-14.28.39:818][531]LogNativeClassHierarchy: Verbose: Native class hierarchy updated for 'TextureEditor' in 0.0004 seconds. Added 1 classes and 2 folders.
[2025.05.30-14.28.42:421][683]LogAssetEditorSubsystem: Opening Asset editor for Texture2D /Game/MyMehes/Electronics/Pico_bot_ncl1_1.Pico_bot_ncl1_1
[2025.05.30-14.29.49:428][538]LogAssetEditorSubsystem: Opening Asset editor for Material /Game/MyMehes/Electronics/pico1_Mat.pico1_Mat
[2025.05.30-14.29.49:439][538]LogMaterial: Display: Missing cached shadermap for pico1_Mat in PCD3D_SM5, Default, SM5 (DDC key hash: 5FB78C150C5FEAB96E7AFADDC319A476B2EAE4AB), compiling. 
[2025.05.30-14.29.49:464][538]LogShaderCompilers: Display: === FShaderJobCache stats ===
[2025.05.30-14.29.49:464][538]LogShaderCompilers: Display: Total job queries 112, among them cache hits 10 (8.93%)
[2025.05.30-14.29.49:464][538]LogShaderCompilers: Display: Tracking 102 distinct input hashes that result in 30 distinct outputs (29.41%)
[2025.05.30-14.29.49:464][538]LogShaderCompilers: Display: RAM used: 0.48 MB (0.00 GB) of 1638.40 MB (1.60 GB) budget. Usage: 0.03%
[2025.05.30-14.29.49:464][538]LogShaderCompilers: Display: ================================================
[2025.05.30-14.29.49:495][538]LogMaterial: Display: Missing cached shadermap for pico1_Mat in PCD3D_SM5, Default, SM5 (DDC key hash: 5B4BCA4AF29CB1A701EED41DDB95E5AA889A1B97), compiling. 
[2025.05.30-14.29.49:496][538]LogMaterial: Display: Missing cached shadermap for FMatExpressionPreview MaterialExpressionTextureSample_0 in PCD3D_SM5, Default, SM5 (DDC key hash: 9FF845E30D437CD548295FC26C6B125BDBAAEF19), compiling. 
[2025.05.30-14.29.49:504][538]MaterialEditorStats: Texture samplers: 0/16
[2025.05.30-14.29.49:504][538]MaterialEditorStats: Texture Lookups (Est.): VS(0), PS(1)
[2025.05.30-14.29.49:504][538]MaterialEditorStats: User interpolators: 2/4 Scalars (1/4 Vectors) (TexCoords: 2, Custom: 0)
[2025.05.30-14.29.49:507][538]LogSlate: Took 0.000119 seconds to synchronously load lazily loaded font '../../../Engine/Content/Slate/Fonts/Roboto-BoldCondensed.ttf' (158K)
[2025.05.30-14.29.49:577][539]MaterialEditorStats: Base pass shader: 794 instructions
[2025.05.30-14.29.49:577][539]MaterialEditorStats: Base pass shader with Volumetric Lightmap: 861 instructions
[2025.05.30-14.29.49:577][539]MaterialEditorStats: Base pass vertex shader: 271 instructions
[2025.05.30-14.29.49:577][539]MaterialEditorStats: Texture samplers: 5/16
[2025.05.30-14.29.49:577][539]MaterialEditorStats: Texture Lookups (Est.): VS(0), PS(1)
[2025.05.30-14.29.49:577][539]MaterialEditorStats: User interpolators: 2/4 Scalars (1/4 Vectors) (TexCoords: 2, Custom: 0)
[2025.05.30-14.29.49:659][545]LogShaderCompilers: Display: Submitted 2 shader compile jobs with 'ForceLocal' priority
[2025.05.30-14.29.49:660][545]LogShaderCompilers: Display: Worker (1/21): shaders left to compile 2
[2025.05.30-14.29.49:660][545]LogShaderCompilers: Display: Worker (2/21): shaders left to compile 1
[2025.05.30-14.29.49:660][545]LogShaderCompilers: Display: Started 2 'Local' shader compile jobs with 'ForceLocal' priority
[2025.05.30-14.30.22:025][314]LogContentBrowser: Deferred new asset folder creation: NewFolder
[2025.05.30-14.30.22:044][314]LogContentBrowser: Creating deferred item: NewFolder
[2025.05.30-14.30.24:276][447]LogContentBrowser: Attempting asset rename: NewFolder -> Bake
[2025.05.30-14.30.24:277][447]LogContentBrowser: End creating deferred item NewFolder
[2025.05.30-14.30.29:157][604]LogFactory: FactoryCreateFile: Texture with ReimportTextureFactory (0 0 C:\Users\misha\YandexDisk\МИФИ\VR_tms\Blender\Bake\Pico\pico_alpha.png)
[2025.05.30-14.30.29:196][604]LogTexture: Display: Building textures: pico_alpha (OODLE_AutoDXT, 2048X2048)
[2025.05.30-14.30.29:283][604]LogTextureFormatOodle: Display: non-RDO encode 1024 x 1024 x 1 to format OODLE_AutoDXT (Oodle OodleTex_BC1_WithTransparency) lambda=0 effort=20 
[2025.05.30-14.30.29:283][604]LogTextureFormatOodle: Display: non-RDO encode 2048 x 2048 x 1 to format OODLE_AutoDXT (Oodle OodleTex_BC1_WithTransparency) lambda=0 effort=20 
[2025.05.30-14.30.29:283][604]LogFactory: FactoryCreateFile: Texture with ReimportTextureFactory (0 0 C:\Users\misha\YandexDisk\МИФИ\VR_tms\Blender\Bake\Pico\pico_base_color.png)
[2025.05.30-14.30.29:346][604]LogTexture: Display: Building textures: pico_base_color (OODLE_AutoDXT, 2048X2048)
[2025.05.30-14.30.29:412][604]LogTextureFormatOodle: Display: non-RDO encode 2048 x 2048 x 1 to format OODLE_AutoDXT (Oodle OodleTex_BC1_WithTransparency) lambda=0 effort=20 
[2025.05.30-14.30.29:412][604]LogTextureFormatOodle: Display: non-RDO encode 1024 x 1024 x 1 to format OODLE_AutoDXT (Oodle OodleTex_BC1_WithTransparency) lambda=0 effort=20 
[2025.05.30-14.30.29:414][604]LogFactory: FactoryCreateFile: Texture with ReimportTextureFactory (0 0 C:\Users\misha\YandexDisk\МИФИ\VR_tms\Blender\Bake\Pico\pico_metallic.png)
[2025.05.30-14.30.29:435][604]LogTexture: Display: Building textures: pico_metallic (OODLE_AutoDXT, 2048X2048)
[2025.05.30-14.30.29:473][604]LogTextureFormatOodle: Display: non-RDO encode 2048 x 2048 x 1 to format OODLE_AutoDXT (Oodle OodleTex_BC1_WithTransparency) lambda=0 effort=20 
[2025.05.30-14.30.29:473][604]LogTextureFormatOodle: Display: non-RDO encode 1024 x 1024 x 1 to format OODLE_AutoDXT (Oodle OodleTex_BC1_WithTransparency) lambda=0 effort=20 
[2025.05.30-14.30.29:473][604]LogFactory: FactoryCreateFile: Texture with ReimportTextureFactory (0 0 C:\Users\misha\YandexDisk\МИФИ\VR_tms\Blender\Bake\Pico\pico_roughness.png)
[2025.05.30-14.30.29:495][604]LogTexture: Display: Building textures: pico_roughness (OODLE_AutoDXT, 2048X2048)
[2025.05.30-14.30.29:540][604]LogTextureFormatOodle: Display: non-RDO encode 2048 x 2048 x 1 to format OODLE_AutoDXT (Oodle OodleTex_BC1_WithTransparency) lambda=0 effort=20 
[2025.05.30-14.30.29:540][604]LogTextureFormatOodle: Display: non-RDO encode 1024 x 1024 x 1 to format OODLE_AutoDXT (Oodle OodleTex_BC1_WithTransparency) lambda=0 effort=20 
[2025.05.30-14.31.21:535][185]LogRenderer: Reallocating scene render targets to support 1920x1348 Format 10 NumSamples 4 (Frame:11054).
[2025.05.30-14.31.26:017][446]LogMaterial: Display: Missing cached shadermap for pico1_Mat in PCD3D_SM5, Default, SM5 (DDC key hash: FC7FB81949E6B6D7F16BFB3252D2D7063462241C), compiling. 
[2025.05.30-14.31.26:019][446]LogMaterial: Display: Missing cached shadermap for FMatExpressionPreview MaterialExpressionTextureSample_1 in PCD3D_SM5, Default, SM5 (DDC key hash: 31FF63655538B7C143259BC81F8B97B3A1075FD9), compiling. 
[2025.05.30-14.31.26:019][446]LogMaterial: Display: Missing cached shadermap for FMatExpressionPreview MaterialExpressionTextureSample_0 in PCD3D_SM5, Default, SM5 (DDC key hash: 3097D284C16B7923C856FDC957F882050333493A), compiling. 
[2025.05.30-14.31.26:020][446]LogMaterial: Display: Missing cached shadermap for FMatExpressionPreview MaterialExpressionTextureSample_1 in PCD3D_SM5, Default, SM5 (DDC key hash: E62175C2829576FD3B6A0BB2011C5D6406696F2D), compiling. 
[2025.05.30-14.31.26:025][446]LogMaterial: Display: Missing cached shadermap for pico1_Mat in PCD3D_SM5, Default, SM5 (DDC key hash: 0F0A248248D59AF204E3406A4D664C6E2A8B4E47), compiling. 
[2025.05.30-14.31.26:026][446]LogMaterial: Display: Missing cached shadermap for FMatExpressionPreview MaterialExpressionTextureSample_2 in PCD3D_SM5, Default, SM5 (DDC key hash: 559C628A00522C3993C53FBB7082E1096794C996), compiling. 
[2025.05.30-14.31.26:027][446]LogMaterial: Display: Missing cached shadermap for FMatExpressionPreview MaterialExpressionTextureSample_0 in PCD3D_SM5, Default, SM5 (DDC key hash: 731B7311C79277BAAA90D5EE2FF02460E9297BA4), compiling. 
[2025.05.30-14.31.26:027][446]LogMaterial: Display: Missing cached shadermap for FMatExpressionPreview MaterialExpressionTextureSample_1 in PCD3D_SM5, Default, SM5 (DDC key hash: 9C60579AA700B20A27B350C60355DEDC2697A263), compiling. 
[2025.05.30-14.31.26:028][446]LogMaterial: Display: Missing cached shadermap for FMatExpressionPreview MaterialExpressionTextureSample_2 in PCD3D_SM5, Default, SM5 (DDC key hash: 177F6807DC9939D66D681920566A6A5AA2582CD3), compiling. 
[2025.05.30-14.31.26:033][446]LogMaterial: Display: Missing cached shadermap for pico1_Mat in PCD3D_SM5, Default, SM5 (DDC key hash: 5C3037754A4F77888C32D05BFBB4E103C557B064), compiling. 
[2025.05.30-14.31.26:033][446]LogMaterial: Display: Missing cached shadermap for FMatExpressionPreview MaterialExpressionTextureSample_3 in PCD3D_SM5, Default, SM5 (DDC key hash: 0D211BCD7C8DB40D8B9EF7666672C9C6A3FD2D11), compiling. 
[2025.05.30-14.31.26:034][446]LogMaterial: Display: Missing cached shadermap for FMatExpressionPreview MaterialExpressionTextureSample_0 in PCD3D_SM5, Default, SM5 (DDC key hash: 8A23E4C3046F4DB3FBE8ECB1ED86C92EF63D8DBE), compiling. 
[2025.05.30-14.31.26:035][446]LogMaterial: Display: Missing cached shadermap for FMatExpressionPreview MaterialExpressionTextureSample_1 in PCD3D_SM5, Default, SM5 (DDC key hash: 7A5536E56B42DE7671205F6FF76EE9ED95899BFD), compiling. 
[2025.05.30-14.31.26:035][446]LogMaterial: Display: Missing cached shadermap for FMatExpressionPreview MaterialExpressionTextureSample_2 in PCD3D_SM5, Default, SM5 (DDC key hash: 58A29FDD6F7409C8D63906DD8F6FF9781D45E6F1), compiling. 
[2025.05.30-14.31.26:036][446]LogMaterial: Display: Missing cached shadermap for FMatExpressionPreview MaterialExpressionTextureSample_3 in PCD3D_SM5, Default, SM5 (DDC key hash: 3FDE06949A9776ABFBF84027F74AC874C71D837E), compiling. 
[2025.05.30-14.31.26:039][446]LogMaterial: Display: Missing cached shadermap for pico1_Mat in PCD3D_SM5, Default, SM5 (DDC key hash: C87A62FB853EB0138F1385894615E2BDF7E744C2), compiling. 
[2025.05.30-14.31.26:040][446]LogMaterial: Display: Missing cached shadermap for FMatExpressionPreview MaterialExpressionTextureSample_4 in PCD3D_SM5, Default, SM5 (DDC key hash: 329504128EECB0D978224360C3706B15AE205DAB), compiling. 
[2025.05.30-14.31.26:041][446]LogMaterial: Display: Missing cached shadermap for FMatExpressionPreview MaterialExpressionTextureSample_0 in PCD3D_SM5, Default, SM5 (DDC key hash: EB3647D1589E07023607C43B643736E542213E8A), compiling. 
[2025.05.30-14.31.26:042][446]LogMaterial: Display: Missing cached shadermap for FMatExpressionPreview MaterialExpressionTextureSample_1 in PCD3D_SM5, Default, SM5 (DDC key hash: 161A102786D8C3160ED473B0BCD1433C90B8326F), compiling. 
[2025.05.30-14.31.26:043][446]LogMaterial: Display: Missing cached shadermap for FMatExpressionPreview MaterialExpressionTextureSample_2 in PCD3D_SM5, Default, SM5 (DDC key hash: DBE0BB4073E8F23233BCC8DC796B66694E943228), compiling. 
[2025.05.30-14.31.26:043][446]LogMaterial: Display: Missing cached shadermap for FMatExpressionPreview MaterialExpressionTextureSample_3 in PCD3D_SM5, Default, SM5 (DDC key hash: 489FE4976E5A695D001F7CA87F9DFCAB57A28874), compiling. 
[2025.05.30-14.31.26:044][446]LogMaterial: Display: Missing cached shadermap for FMatExpressionPreview MaterialExpressionTextureSample_4 in PCD3D_SM5, Default, SM5 (DDC key hash: 2446100F331EE58E12D0BC948DA25CE043588C91), compiling. 
[2025.05.30-14.31.26:048][446]MaterialEditorStats: Texture samplers: 0/16
[2025.05.30-14.31.26:048][446]MaterialEditorStats: Texture Lookups (Est.): VS(0), PS(1)
[2025.05.30-14.31.26:048][446]MaterialEditorStats: User interpolators: 2/4 Scalars (1/4 Vectors) (TexCoords: 2, Custom: 0)
[2025.05.30-14.31.26:083][448]LogShaderCompilers: Display: Submitted 2 shader compile jobs with 'ForceLocal' priority
[2025.05.30-14.31.26:083][448]LogShaderCompilers: Display: Submitted 2 shader compile jobs with 'ForceLocal' priority
[2025.05.30-14.31.26:083][448]LogShaderCompilers: Display: Worker (1/21): shaders left to compile 4
[2025.05.30-14.31.26:083][448]LogShaderCompilers: Display: Worker (2/21): shaders left to compile 3
[2025.05.30-14.31.26:083][448]LogShaderCompilers: Display: Worker (3/21): shaders left to compile 2
[2025.05.30-14.31.26:083][448]LogShaderCompilers: Display: Worker (4/21): shaders left to compile 1
[2025.05.30-14.31.26:083][448]LogShaderCompilers: Display: Started 4 'Local' shader compile jobs with 'ForceLocal' priority
[2025.05.30-14.31.26:083][448]LogShaderCompilers: Display: Submitted 2 shader compile jobs with 'ForceLocal' priority
[2025.05.30-14.31.26:083][448]LogShaderCompilers: Display: Submitted 2 shader compile jobs with 'ForceLocal' priority
[2025.05.30-14.31.26:083][448]MaterialEditorStats: Texture samplers: 5/16
[2025.05.30-14.31.26:083][448]MaterialEditorStats: Texture Lookups (Est.): VS(0), PS(1)
[2025.05.30-14.31.26:083][448]MaterialEditorStats: User interpolators: 2/4 Scalars (1/4 Vectors) (TexCoords: 2, Custom: 0)
[2025.05.30-14.31.26:100][449]MaterialEditorStats: Base pass shader: 794 instructions
[2025.05.30-14.31.26:100][449]MaterialEditorStats: Base pass shader with Volumetric Lightmap: 861 instructions
[2025.05.30-14.31.26:100][449]MaterialEditorStats: Base pass vertex shader: 271 instructions
[2025.05.30-14.31.26:100][449]MaterialEditorStats: Texture samplers: 5/16
[2025.05.30-14.31.26:100][449]MaterialEditorStats: Texture Lookups (Est.): VS(0), PS(1)
[2025.05.30-14.31.26:100][449]MaterialEditorStats: User interpolators: 2/4 Scalars (1/4 Vectors) (TexCoords: 2, Custom: 0)
[2025.05.30-14.31.26:130][451]LogShaderCompilers: Display: Worker (5/21): shaders left to compile 4
[2025.05.30-14.31.26:130][451]LogShaderCompilers: Display: Worker (6/21): shaders left to compile 3
[2025.05.30-14.31.26:130][451]LogShaderCompilers: Display: Worker (7/21): shaders left to compile 2
[2025.05.30-14.31.26:130][451]LogShaderCompilers: Display: Worker (8/21): shaders left to compile 1
[2025.05.30-14.31.26:130][451]LogShaderCompilers: Display: Started 4 'Local' shader compile jobs with 'ForceLocal' priority
[2025.05.30-14.31.43:680][497]LogMaterial: Display: Missing cached shadermap for pico1_Mat in PCD3D_SM5, Default, SM5 (DDC key hash: E1B244047EF574BE462EA8FDB0C37B4DCF25AF27), compiling. 
[2025.05.30-14.31.43:682][497]LogMaterial: Display: Missing cached shadermap for FMatExpressionPreview MaterialExpressionTextureSample_3 in PCD3D_SM5, Default, SM5 (DDC key hash: 43A4A264B49D53546A4831C4033A456321BC44FD), compiling. 
[2025.05.30-14.31.43:685][497]MaterialEditorStats: Texture samplers: 0/16
[2025.05.30-14.31.43:686][497]MaterialEditorStats: Texture Lookups (Est.): VS(0), PS(2)
[2025.05.30-14.31.43:686][497]MaterialEditorStats: User interpolators: 2/4 Scalars (1/4 Vectors) (TexCoords: 2, Custom: 0)
[2025.05.30-14.31.43:703][499]LogShaderCompilers: Display: Submitted 2 shader compile jobs with 'ForceLocal' priority
[2025.05.30-14.31.43:703][499]LogShaderCompilers: Display: Submitted 8 shader compile jobs with 'Normal' priority
[2025.05.30-14.31.43:703][499]LogShaderCompilers: Display: Worker (1/21): shaders left to compile 2
[2025.05.30-14.31.43:703][499]LogShaderCompilers: Display: Worker (2/21): shaders left to compile 1
[2025.05.30-14.31.43:703][499]LogShaderCompilers: Display: Worker (3/21): shaders left to compile 8
[2025.05.30-14.31.43:703][499]LogShaderCompilers: Display: Worker (4/21): shaders left to compile 7
[2025.05.30-14.31.43:703][499]LogShaderCompilers: Display: Worker (5/21): shaders left to compile 6
[2025.05.30-14.31.43:703][499]LogShaderCompilers: Display: Worker (6/21): shaders left to compile 5
[2025.05.30-14.31.43:703][499]LogShaderCompilers: Display: Worker (7/21): shaders left to compile 4
[2025.05.30-14.31.43:703][499]LogShaderCompilers: Display: Worker (8/21): shaders left to compile 3
[2025.05.30-14.31.43:703][499]LogShaderCompilers: Display: Worker (9/21): shaders left to compile 2
[2025.05.30-14.31.43:703][499]LogShaderCompilers: Display: Worker (10/21): shaders left to compile 1
[2025.05.30-14.31.43:703][499]LogShaderCompilers: Display: Started 8 'Local' shader compile jobs with 'Normal' priority
[2025.05.30-14.31.43:703][499]LogShaderCompilers: Display: Started 2 'Local' shader compile jobs with 'ForceLocal' priority
[2025.05.30-14.31.44:145][518]MaterialEditorStats: Texture samplers: 2/16
[2025.05.30-14.31.44:145][518]MaterialEditorStats: Texture Lookups (Est.): VS(0), PS(2)
[2025.05.30-14.31.44:145][518]MaterialEditorStats: User interpolators: 2/4 Scalars (1/4 Vectors) (TexCoords: 2, Custom: 0)
[2025.05.30-14.31.45:609][600]MaterialEditorStats: Texture samplers: 6/16
[2025.05.30-14.31.45:609][600]MaterialEditorStats: Texture Lookups (Est.): VS(0), PS(2)
[2025.05.30-14.31.45:609][600]MaterialEditorStats: User interpolators: 2/4 Scalars (1/4 Vectors) (TexCoords: 2, Custom: 0)
[2025.05.30-14.31.45:797][609]MaterialEditorStats: Base pass shader: 796 instructions
[2025.05.30-14.31.45:797][609]MaterialEditorStats: Base pass shader with Volumetric Lightmap: 863 instructions
[2025.05.30-14.31.45:797][609]MaterialEditorStats: Base pass vertex shader: 271 instructions
[2025.05.30-14.31.45:797][609]MaterialEditorStats: Texture samplers: 6/16
[2025.05.30-14.31.45:797][609]MaterialEditorStats: Texture Lookups (Est.): VS(0), PS(2)
[2025.05.30-14.31.45:797][609]MaterialEditorStats: User interpolators: 2/4 Scalars (1/4 Vectors) (TexCoords: 2, Custom: 0)
[2025.05.30-14.31.51:897][974]LogMaterial: Display: Missing cached shadermap for pico1_Mat in PCD3D_SM5, Default, SM5 (DDC key hash: 4752C258955777CDBB7F7E6445E0331BB2EE5849), compiling. 
[2025.05.30-14.31.51:899][974]LogMaterial: Display: Missing cached shadermap for FMatExpressionPreview MaterialExpressionTextureSample_4 in PCD3D_SM5, Default, SM5 (DDC key hash: 36BBBFA0146802948CEF71A5451E31438DFDC00E), compiling. 
[2025.05.30-14.31.51:904][974]MaterialEditorStats: Texture samplers: 0/16
[2025.05.30-14.31.51:904][974]MaterialEditorStats: Texture Lookups (Est.): VS(0), PS(3)
[2025.05.30-14.31.51:904][974]MaterialEditorStats: User interpolators: 2/4 Scalars (1/4 Vectors) (TexCoords: 2, Custom: 0)
[2025.05.30-14.31.51:924][976]LogShaderCompilers: Display: Submitted 2 shader compile jobs with 'ForceLocal' priority
[2025.05.30-14.31.51:924][976]LogShaderCompilers: Display: Worker (1/21): shaders left to compile 2
[2025.05.30-14.31.51:924][976]LogShaderCompilers: Display: Worker (2/21): shaders left to compile 1
[2025.05.30-14.31.51:924][976]LogShaderCompilers: Display: Started 2 'Local' shader compile jobs with 'ForceLocal' priority
[2025.05.30-14.31.51:924][976]LogShaderCompilers: Display: Submitted 8 shader compile jobs with 'Normal' priority
[2025.05.30-14.31.51:924][976]LogShaderCompilers: Display: Worker (3/21): shaders left to compile 8
[2025.05.30-14.31.51:924][976]LogShaderCompilers: Display: Worker (4/21): shaders left to compile 7
[2025.05.30-14.31.51:924][976]LogShaderCompilers: Display: Worker (5/21): shaders left to compile 6
[2025.05.30-14.31.51:924][976]LogShaderCompilers: Display: Worker (6/21): shaders left to compile 5
[2025.05.30-14.31.51:924][976]LogShaderCompilers: Display: Worker (7/21): shaders left to compile 4
[2025.05.30-14.31.51:924][976]LogShaderCompilers: Display: Worker (8/21): shaders left to compile 3
[2025.05.30-14.31.51:924][976]LogShaderCompilers: Display: Worker (9/21): shaders left to compile 2
[2025.05.30-14.31.51:924][976]LogShaderCompilers: Display: Worker (10/21): shaders left to compile 1
[2025.05.30-14.31.51:924][976]LogShaderCompilers: Display: Started 8 'Local' shader compile jobs with 'Normal' priority
[2025.05.30-14.31.52:349][992]MaterialEditorStats: Texture samplers: 2/16
[2025.05.30-14.31.52:349][992]MaterialEditorStats: Texture Lookups (Est.): VS(0), PS(3)
[2025.05.30-14.31.52:349][992]MaterialEditorStats: User interpolators: 2/4 Scalars (1/4 Vectors) (TexCoords: 2, Custom: 0)
[2025.05.30-14.31.54:597][121]MaterialEditorStats: Base pass shader: 798 instructions
[2025.05.30-14.31.54:597][121]MaterialEditorStats: Base pass shader with Volumetric Lightmap: 865 instructions
[2025.05.30-14.31.54:597][121]MaterialEditorStats: Base pass vertex shader: 271 instructions
[2025.05.30-14.31.54:597][121]MaterialEditorStats: Texture samplers: 7/16
[2025.05.30-14.31.54:597][121]MaterialEditorStats: Texture Lookups (Est.): VS(0), PS(3)
[2025.05.30-14.31.54:597][121]MaterialEditorStats: User interpolators: 2/4 Scalars (1/4 Vectors) (TexCoords: 2, Custom: 0)
[2025.05.30-14.32.02:092][567]LogSlate: Window 'pico1_Mat' being destroyed
[2025.05.30-14.32.06:413][824]LogMaterialEditor: Saving and Compiling material pico1_Mat
[2025.05.30-14.32.06:631][824]LogMaterial: Display: Missing cached shadermap for pico1_Mat in PCD3D_SM5, Default, SM5 (DDC key hash: E004F885645F5026F416C83242F4BD4EFFBE3D33), compiling. 
[2025.05.30-14.32.06:650][824]LogMaterial: Display: Missing cached shadermap for pico1_Mat in PCD3D_SM5, Default, SM5 (DDC key hash: 57701AD55DD188BA2639177FCED0D01C0CD021D5), compiling. 
[2025.05.30-14.32.06:679][824]LogShaderCompilers: Display: Submitted 6 shader compile jobs with 'Normal' priority
[2025.05.30-14.32.06:686][824]LogUObjectHash: Compacting FUObjectHashTables data took   0.55ms
[2025.05.30-14.32.06:916][824]LogShaderCompilers: Display: Worker (1/21): shaders left to compile 6
[2025.05.30-14.32.06:916][824]LogShaderCompilers: Display: Worker (2/21): shaders left to compile 5
[2025.05.30-14.32.06:916][824]LogShaderCompilers: Display: Worker (3/21): shaders left to compile 4
[2025.05.30-14.32.06:916][824]LogShaderCompilers: Display: Worker (4/21): shaders left to compile 3
[2025.05.30-14.32.06:916][824]LogShaderCompilers: Display: Worker (5/21): shaders left to compile 2
[2025.05.30-14.32.06:916][824]LogShaderCompilers: Display: Worker (6/21): shaders left to compile 1
[2025.05.30-14.32.06:916][824]LogShaderCompilers: Display: Started 6 'Local' shader compile jobs with 'Normal' priority
[2025.05.30-14.32.06:928][824]LogUObjectHash: Compacting FUObjectHashTables data took   0.31ms
[2025.05.30-14.32.07:846][824]LogSavePackage: Moving '../../../../../../Users/misha/YandexDisk/МИФИ/VR_tms/FinalProject/EngiPracrice/Saved/pico1_MatA8DFEE0F4AA3395DA5F8F591AC0631CC.tmp' to '../../../../../../Users/misha/YandexDisk/МИФИ/VR_tms/FinalProject/EngiPracrice/Content/MyMehes/Electronics/pico1_Mat.uasset'
[2025.05.30-14.32.07:878][824]AssetCheck: New page: Asset Save: pico1_Mat
[2025.05.30-14.32.07:878][824]LogContentValidation: Display: Validating Material /Game/MyMehes/Electronics/pico1_Mat.pico1_Mat
[2025.05.30-14.32.07:880][824]MaterialEditorStats: Base pass shader: 798 instructions
[2025.05.30-14.32.07:880][824]MaterialEditorStats: Base pass shader with Volumetric Lightmap: 865 instructions
[2025.05.30-14.32.07:880][824]MaterialEditorStats: Base pass vertex shader: 271 instructions
[2025.05.30-14.32.07:880][824]MaterialEditorStats: Texture samplers: 8/16
[2025.05.30-14.32.07:880][824]MaterialEditorStats: Texture Lookups (Est.): VS(0), PS(3)
[2025.05.30-14.32.07:880][824]MaterialEditorStats: User interpolators: 2/4 Scalars (1/4 Vectors) (TexCoords: 2, Custom: 0)
[2025.05.30-14.32.09:360][911]LogUObjectHash: Compacting FUObjectHashTables data took   0.88ms
[2025.05.30-14.32.09:374][911]LogSavePackage: Moving '../../../../../../Users/misha/YandexDisk/МИФИ/VR_tms/FinalProject/EngiPracrice/Saved/VRTemplateMapE58D8D9A4DBB29C6AC001BA6592D1A38.tmp' to '../../../../../../Users/misha/YandexDisk/МИФИ/VR_tms/FinalProject/EngiPracrice/Content/VRTemplate/Maps/VRTemplateMap.umap'
[2025.05.30-14.32.09:433][911]LogSavePackage: Moving '../../../../../../Users/misha/YandexDisk/МИФИ/VR_tms/FinalProject/EngiPracrice/Saved/VRTemplateMap_BuiltData8D43D36746E1D63CF4B57083AAE4B56F.tmp' to '../../../../../../Users/misha/YandexDisk/МИФИ/VR_tms/FinalProject/EngiPracrice/Content/VRTemplate/Maps/VRTemplateMap_BuiltData.uasset'
[2025.05.30-14.32.09:446][911]AssetCheck: New page: Asset Save: multiple assets
[2025.05.30-14.32.09:446][911]LogContentValidation: Display: Validating MapBuildDataRegistry /Game/VRTemplate/Maps/VRTemplateMap_BuiltData.VRTemplateMap_BuiltData
[2025.05.30-14.32.09:446][911]LogContentValidation: Display: Validating World /Game/VRTemplate/Maps/VRTemplateMap.VRTemplateMap
[2025.05.30-14.32.17:968][420]Cmd: OBJ SAVEPACKAGE PACKAGE="/Game/MyMehes/Electronics/Pico" FILE="../../../../../../Users/misha/YandexDisk/МИФИ/VR_tms/FinalProject/EngiPracrice/Content/MyMehes/Electronics/Pico.uasset" SILENT=true
[2025.05.30-14.32.17:979][420]LogSavePackage: Moving '../../../../../../Users/misha/YandexDisk/МИФИ/VR_tms/FinalProject/EngiPracrice/Saved/PicoA1F5FF814DE08493919657812423FACC.tmp' to '../../../../../../Users/misha/YandexDisk/МИФИ/VR_tms/FinalProject/EngiPracrice/Content/MyMehes/Electronics/Pico.uasset'
[2025.05.30-14.32.17:996][420]AssetCheck: New page: Asset Save: Pico
[2025.05.30-14.32.17:996][420]LogContentValidation: Display: Validating StaticMesh /Game/MyMehes/Electronics/Pico.Pico
[2025.05.30-14.32.26:144][907]MapCheck: New page: Map Check
[2025.05.30-14.32.26:176][907]Cmd: MAP REBUILD ALLVISIBLE
[2025.05.30-14.32.26:176][907]LogEditorServer: Rebuildmap Clear paths rebuilt
[2025.05.30-14.32.26:248][907]LogWorld: UWorld::CleanupWorld for VRTemplateMap, bSessionEnded=true, bCleanupResources=false
[2025.05.30-14.32.26:263][907]LogNavigationDataBuild: Display: UNavigationSystemV1::Build started...
[2025.05.30-14.32.26:263][907]LogNavigationDataBuild: Display:    Building navigation data using PHYSICS_INTERFACE_PHYSX.
[2025.05.30-14.32.26:263][907]LogNavigationDataBuild: Display:    Building navigation data using WITH_PHYSX.
[2025.05.30-14.32.26:264][907]LogNavigationDataBuild: Display:    Building NavData:  Name Default class /Script/NavigationSystem.RecastNavMesh agent radius 35.0.
[2025.05.30-14.32.26:280][907]LogNavigationDataBuild: Display: UNavigationSystemV1::Build total execution time: 0.02s
[2025.05.30-14.32.26:287][907]LogUObjectHash: Compacting FUObjectHashTables data took   0.52ms
[2025.05.30-14.32.26:352][907]LogLevel: Display: Export Material TexCoord Scales took 0.063 seconds.
[2025.05.30-14.32.26:354][907]TextureStreamingBuild: Display: Build Texture Streaming took 0.002 seconds.
[2025.05.30-14.32.26:358][907]LogUObjectHash: Compacting FUObjectHashTables data took   0.20ms
[2025.05.30-14.32.26:359][907]LightingResults: New page: Lighting Build - 30 мая 2025 г., 20:32:26
[2025.05.30-14.32.26:448][907]LogSwarmInterface: [OpenConnection] Registering TCP channel ...
[2025.05.30-14.32.26:576][907]LogSwarmInterface: [OpenConnection] Connecting to agent ...
[2025.05.30-14.32.26:586][907]LogSwarmInterface: [TryOpenConnection] Testing the Agent
[2025.05.30-14.32.27:675][907]LogSwarmInterface: [TryOpenConnection] Opening Connection to Agent
[2025.05.30-14.32.27:675][907]LogSwarmInterface: [TryOpenConnection] Local Process ID is 22316
[2025.05.30-14.32.32:600][907]LogStaticLightingSystem: Running Lightmass w/ ImmediateImport mode ENABLED
[2025.05.30-14.32.32:601][907]LogStaticLightingSystem: Running Lightmass w/ ImmediateProcess mode ENABLED
[2025.05.30-14.32.32:601][907]LogStaticLightingSystem: Running Lightmass w/ Sorting mode ENABLED
[2025.05.30-14.32.32:601][907]LogStaticLightingSystem: Running Lightmass w/ Mapping paddings ENABLED
[2025.05.30-14.32.32:601][907]LogStaticLightingSystem: Running Lightmass w/ Mapping debug paddings DISABLED
[2025.05.30-14.32.33:111][907]Cmd: MAP CHECK DONTDISPLAYDIALOG
[2025.05.30-14.32.33:111][907]MapCheck: New page: VRTemplateMap - 30 мая 2025 г., 20:32:33
[2025.05.30-14.32.33:111][907]MapCheck: Error: WorldSettings_1 Maps need lighting rebuilt 
[2025.05.30-14.32.33:112][907]MapCheck: Warning: Color_Sensor_TCS_126 Static mesh actor has NULL StaticMesh property 
[2025.05.30-14.32.33:112][907]MapCheck: Map check complete: 1 Error(s), 1 Warning(s), took 1,171ms to complete.
[2025.05.30-14.32.33:116][907]LogEditorBuildUtils: Build time 0:06
[2025.05.30-14.32.33:167][907]LogMaterial: Display: Missing cached shadermap for FLightmassMaterialRenderer MaterialInstanceDynamic_0 in PCD3D_SM5, Default, SM5 (DDC key hash: 62081A5E5CA07938361431A65247711DB799AAE0), compiling. 
[2025.05.30-14.32.33:170][907]LogShaderCompilers: Display: Submitted 2 shader compile jobs with 'Low' priority
[2025.05.30-14.32.33:170][907]LogMaterial: Display: Missing cached shadermap for FLightmassMaterialRenderer MaterialInstanceDynamic_0 in PCD3D_SM5, Default, SM5 (DDC key hash: DF64CBA63BCD0F07BEE9ADF52735233F3B137BEB), compiling. 
[2025.05.30-14.32.33:174][907]LogShaderCompilers: Display: Worker (1/21): shaders left to compile 2
[2025.05.30-14.32.33:174][907]LogShaderCompilers: Display: Worker (2/21): shaders left to compile 1
[2025.05.30-14.32.33:174][907]LogShaderCompilers: Display: Started 2 'Local' shader compile jobs with 'Low' priority
[2025.05.30-14.32.33:174][907]LogShaderCompilers: Display: Submitted 2 shader compile jobs with 'Low' priority
[2025.05.30-14.32.33:174][907]LogMaterial: Display: Missing cached shadermap for FLightmassMaterialRenderer Material_004 in PCD3D_SM5, Default, SM5 (DDC key hash: 098E26241C3D2E989CC8F219D245AD795B827B60), compiling. 
[2025.05.30-14.32.33:176][907]LogShaderCompilers: Display: Submitted 2 shader compile jobs with 'Low' priority
[2025.05.30-14.32.33:177][907]LogMaterial: Display: Missing cached shadermap for FLightmassMaterialRenderer Material_004 in PCD3D_SM5, Default, SM5 (DDC key hash: 76879C9F5CF59711F6018D0A1BB434F9DB72EF68), compiling. 
[2025.05.30-14.32.33:178][907]LogShaderCompilers: Display: Submitted 2 shader compile jobs with 'Low' priority
[2025.05.30-14.32.33:200][907]LogShaderCompilers: Display: Worker (3/21): shaders left to compile 6
[2025.05.30-14.32.33:200][907]LogShaderCompilers: Display: Worker (4/21): shaders left to compile 5
[2025.05.30-14.32.33:200][907]LogShaderCompilers: Display: Worker (5/21): shaders left to compile 4
[2025.05.30-14.32.33:200][907]LogShaderCompilers: Display: Worker (6/21): shaders left to compile 3
[2025.05.30-14.32.33:200][907]LogShaderCompilers: Display: Worker (7/21): shaders left to compile 2
[2025.05.30-14.32.33:200][907]LogShaderCompilers: Display: Worker (8/21): shaders left to compile 1
[2025.05.30-14.32.33:200][907]LogShaderCompilers: Display: Started 6 'Local' shader compile jobs with 'Low' priority
[2025.05.30-14.32.33:274][908]LogMaterial: Display: Missing cached shadermap for FLightmassMaterialRenderer Rojubase in PCD3D_SM5, Default, SM5 (DDC key hash: 50FE1CA3969F3772D840252BC02A5E6A7908F210), compiling. 
[2025.05.30-14.32.33:276][908]LogShaderCompilers: Display: Submitted 2 shader compile jobs with 'Low' priority
[2025.05.30-14.32.33:276][908]LogMaterial: Display: Missing cached shadermap for FLightmassMaterialRenderer Rojubase in PCD3D_SM5, Default, SM5 (DDC key hash: 243881BF460DA0263FAE41E94B2B5DC248685E6A), compiling. 
[2025.05.30-14.32.33:279][908]LogShaderCompilers: Display: Submitted 2 shader compile jobs with 'Low' priority
[2025.05.30-14.32.33:279][908]LogMaterial: Display: Missing cached shadermap for FLightmassMaterialRenderer Material_001 in PCD3D_SM5, Default, SM5 (DDC key hash: 5DDF220D16AF432A101260E65BFD9CCA22EA0100), compiling. 
[2025.05.30-14.32.33:281][908]LogShaderCompilers: Display: Submitted 2 shader compile jobs with 'Low' priority
[2025.05.30-14.32.33:282][908]LogMaterial: Display: Missing cached shadermap for FLightmassMaterialRenderer Material_001 in PCD3D_SM5, Default, SM5 (DDC key hash: 1EAC67FD1ADCDFE383077F505CE53F381CFC7850), compiling. 
[2025.05.30-14.32.33:283][908]LogShaderCompilers: Display: Submitted 2 shader compile jobs with 'Low' priority
[2025.05.30-14.32.33:302][908]LogShaderCompilers: Display: Worker (9/21): shaders left to compile 8
[2025.05.30-14.32.33:302][908]LogShaderCompilers: Display: Worker (10/21): shaders left to compile 7
[2025.05.30-14.32.33:302][908]LogShaderCompilers: Display: Worker (11/21): shaders left to compile 6
[2025.05.30-14.32.33:302][908]LogShaderCompilers: Display: Worker (12/21): shaders left to compile 5
[2025.05.30-14.32.33:302][908]LogShaderCompilers: Display: Worker (13/21): shaders left to compile 4
[2025.05.30-14.32.33:302][908]LogShaderCompilers: Display: Worker (14/21): shaders left to compile 3
[2025.05.30-14.32.33:302][908]LogShaderCompilers: Display: Worker (15/21): shaders left to compile 2
[2025.05.30-14.32.33:302][908]LogShaderCompilers: Display: Worker (16/21): shaders left to compile 1
[2025.05.30-14.32.33:302][908]LogShaderCompilers: Display: Started 8 'Local' shader compile jobs with 'Low' priority
[2025.05.30-14.32.33:315][909]LogMaterial: Display: Missing cached shadermap for FLightmassMaterialRenderer Material_002 in PCD3D_SM5, Default, SM5 (DDC key hash: 03F598DBD2B0373D481D614634010A970A2EB5B8), compiling. 
[2025.05.30-14.32.33:318][909]LogShaderCompilers: Display: Submitted 2 shader compile jobs with 'Low' priority
[2025.05.30-14.32.33:319][909]LogMaterial: Display: Missing cached shadermap for FLightmassMaterialRenderer Material_002 in PCD3D_SM5, Default, SM5 (DDC key hash: 8D1D86DFEF41EEBE24EA66EE16C04ED96F92D3D3), compiling. 
[2025.05.30-14.32.33:323][909]LogShaderCompilers: Display: Submitted 2 shader compile jobs with 'Low' priority
[2025.05.30-14.32.33:324][909]LogMaterial: Display: Missing cached shadermap for FLightmassMaterialRenderer _________________006 in PCD3D_SM5, Default, SM5 (DDC key hash: EEC72239A15FD760E1985E35335CCE0F01DC494B), compiling. 
[2025.05.30-14.32.33:327][909]LogShaderCompilers: Display: Submitted 2 shader compile jobs with 'Low' priority
[2025.05.30-14.32.33:328][909]LogMaterial: Display: Missing cached shadermap for FLightmassMaterialRenderer _________________006 in PCD3D_SM5, Default, SM5 (DDC key hash: 01976FF2B7EC6714C4BB00D03A859424BFD84CFB), compiling. 
[2025.05.30-14.32.33:329][909]LogShaderCompilers: Display: Submitted 2 shader compile jobs with 'Low' priority
[2025.05.30-14.32.33:377][910]LogMaterial: Display: Missing cached shadermap for FLightmassMaterialRenderer _________________010 in PCD3D_SM5, Default, SM5 (DDC key hash: 2B8552ADB0DFE08947B9F3A91ABD9C0F51744B4B), compiling. 
[2025.05.30-14.32.33:380][910]LogShaderCompilers: Display: Submitted 2 shader compile jobs with 'Low' priority
[2025.05.30-14.32.33:381][910]LogMaterial: Display: Missing cached shadermap for FLightmassMaterialRenderer _________________010 in PCD3D_SM5, Default, SM5 (DDC key hash: 01EABD86D10D37090282564E54BD91961E79FC9C), compiling. 
[2025.05.30-14.32.33:385][910]LogShaderCompilers: Display: Submitted 2 shader compile jobs with 'Low' priority
[2025.05.30-14.32.33:387][910]LogMaterial: Display: Missing cached shadermap for FLightmassMaterialRenderer Wood_001 in PCD3D_SM5, Default, SM5 (DDC key hash: C5B8706047D18EA045EC83333DC542558343D49D), compiling. 
[2025.05.30-14.32.33:391][910]LogShaderCompilers: Display: Submitted 2 shader compile jobs with 'Low' priority
[2025.05.30-14.32.33:392][910]LogMaterial: Display: Missing cached shadermap for FLightmassMaterialRenderer Wood_001 in PCD3D_SM5, Default, SM5 (DDC key hash: F8804F1512097E5019E31CB9585CC949880B2775), compiling. 
[2025.05.30-14.32.33:396][910]LogShaderCompilers: Display: Submitted 2 shader compile jobs with 'Low' priority
[2025.05.30-14.32.33:422][910]LogShaderCompilers: Display: Worker (17/21): shaders left to compile 16
[2025.05.30-14.32.33:422][910]LogShaderCompilers: Display: Worker (18/21): shaders left to compile 15
[2025.05.30-14.32.33:422][910]LogShaderCompilers: Display: Worker (19/21): shaders left to compile 14
[2025.05.30-14.32.33:422][910]LogShaderCompilers: Display: Worker (20/21): shaders left to compile 13
[2025.05.30-14.32.33:422][910]LogShaderCompilers: Display: Started 4 'Local' shader compile jobs with 'Low' priority
[2025.05.30-14.32.33:435][911]LogMaterial: Display: Missing cached shadermap for FLightmassMaterialRenderer BMD_Chrome_0019 in PCD3D_SM5, Default, SM5 (DDC key hash: 088AF561C4B7846A6501584493907DB95E741697), compiling. 
[2025.05.30-14.32.33:439][911]LogShaderCompilers: Display: Submitted 2 shader compile jobs with 'Low' priority
[2025.05.30-14.32.33:440][911]LogMaterial: Display: Missing cached shadermap for FLightmassMaterialRenderer BMD_Chrome_0019 in PCD3D_SM5, Default, SM5 (DDC key hash: 1D78BF0E516429A40D8DB9AF9F6899730349F898), compiling. 
[2025.05.30-14.32.33:444][911]LogShaderCompilers: Display: Submitted 2 shader compile jobs with 'Low' priority
[2025.05.30-14.32.33:445][911]LogMaterial: Display: Missing cached shadermap for FLightmassMaterialRenderer Dark_Gray in PCD3D_SM5, Default, SM5 (DDC key hash: C629E528CAD8252C7D64A7BC02E260052644DC65), compiling. 
[2025.05.30-14.32.33:448][911]LogShaderCompilers: Display: Submitted 2 shader compile jobs with 'Low' priority
[2025.05.30-14.32.33:449][911]LogMaterial: Display: Missing cached shadermap for FLightmassMaterialRenderer Dark_Gray in PCD3D_SM5, Default, SM5 (DDC key hash: FFBEFDC59F26BF3D0A98BC714FB84B0E9DB85B51), compiling. 
[2025.05.30-14.32.33:453][911]LogShaderCompilers: Display: Submitted 2 shader compile jobs with 'Low' priority
[2025.05.30-14.32.33:492][912]LogMaterial: Display: Missing cached shadermap for FLightmassMaterialRenderer BMD_BeechWood in PCD3D_SM5, Default, SM5 (DDC key hash: B4A248C6402DAC6B8D21F5EE36F6BCEEE82EEE35), compiling. 
[2025.05.30-14.32.33:496][912]LogShaderCompilers: Display: Submitted 2 shader compile jobs with 'Low' priority
[2025.05.30-14.32.33:497][912]LogMaterial: Display: Missing cached shadermap for FLightmassMaterialRenderer BMD_BeechWood in PCD3D_SM5, Default, SM5 (DDC key hash: 317163DA8312D977E459ACDCD73ED8FD24A8D0AB), compiling. 
[2025.05.30-14.32.33:502][912]LogShaderCompilers: Display: Submitted 2 shader compile jobs with 'Low' priority
[2025.05.30-14.32.33:531][912]LogShaderCompilers: Display: Worker (1/21): shaders left to compile 24
[2025.05.30-14.32.33:531][912]LogShaderCompilers: Display: Started 2 'Local' shader compile jobs with 'Low' priority
[2025.05.30-14.32.33:547][913]LogMaterial: Display: Missing cached shadermap for FLightmassMaterialRenderer keyboard in PCD3D_SM5, Default, SM5 (DDC key hash: 39CC70106CDBE510BFB4A39F8609C59BF059FF41), compiling. 
[2025.05.30-14.32.33:551][913]LogShaderCompilers: Display: Submitted 2 shader compile jobs with 'Low' priority
[2025.05.30-14.32.33:553][913]LogMaterial: Display: Missing cached shadermap for FLightmassMaterialRenderer keyboard in PCD3D_SM5, Default, SM5 (DDC key hash: 9B854F09750125EC6904E08AD5A4FCD36ED183E2), compiling. 
[2025.05.30-14.32.33:556][913]LogShaderCompilers: Display: Submitted 2 shader compile jobs with 'Low' priority
[2025.05.30-14.32.33:616][914]LogMaterial: Display: Missing cached shadermap for FLightmassMaterialRenderer case in PCD3D_SM5, Default, SM5 (DDC key hash: E374C96C9A7D54CE11A987FB857FE262BE8EC724), compiling. 
[2025.05.30-14.32.33:618][914]LogShaderCompilers: Display: Submitted 2 shader compile jobs with 'Low' priority
[2025.05.30-14.32.33:620][914]LogMaterial: Display: Missing cached shadermap for FLightmassMaterialRenderer case in PCD3D_SM5, Default, SM5 (DDC key hash: 607EFB457B456D529DA4797A7A8EAC755F2C23A2), compiling. 
[2025.05.30-14.32.33:624][914]LogShaderCompilers: Display: Submitted 2 shader compile jobs with 'Low' priority
[2025.05.30-14.32.33:625][914]LogMaterial: Display: Missing cached shadermap for FLightmassMaterialRenderer touchpad in PCD3D_SM5, Default, SM5 (DDC key hash: 285F9B8949CBB4106DFE65F020F412C34D48A2E4), compiling. 
[2025.05.30-14.32.33:629][914]LogShaderCompilers: Display: Submitted 2 shader compile jobs with 'Low' priority
[2025.05.30-14.32.33:630][914]LogMaterial: Display: Missing cached shadermap for FLightmassMaterialRenderer touchpad in PCD3D_SM5, Default, SM5 (DDC key hash: F0750EF082BAAC8FE6446A263073E62488ADC27A), compiling. 
[2025.05.30-14.32.33:633][914]LogShaderCompilers: Display: Submitted 2 shader compile jobs with 'Low' priority
[2025.05.30-14.32.33:672][914]LogShaderCompilers: Display: Worker (2/21): shaders left to compile 34
[2025.05.30-14.32.33:672][914]LogShaderCompilers: Display: Started 2 'Local' shader compile jobs with 'Low' priority
[2025.05.30-14.32.33:689][915]LogShaderCompilers: Display: Worker (3/21): shaders left to compile 32
[2025.05.30-14.32.33:689][915]LogShaderCompilers: Display: Started 2 'Local' shader compile jobs with 'Low' priority
[2025.05.30-14.32.33:689][915]LogMaterial: Display: Missing cached shadermap for FLightmassMaterialRenderer holes in PCD3D_SM5, Default, SM5 (DDC key hash: 338483EA6A1D44401D59756B232E19F8FD6DBBF1), compiling. 
[2025.05.30-14.32.33:692][915]LogShaderCompilers: Display: Submitted 2 shader compile jobs with 'Low' priority
[2025.05.30-14.32.33:693][915]LogMaterial: Display: Missing cached shadermap for FLightmassMaterialRenderer holes in PCD3D_SM5, Default, SM5 (DDC key hash: CE23DEE149332AADB129A4BE45094B8377F70330), compiling. 
[2025.05.30-14.32.33:696][915]LogShaderCompilers: Display: Submitted 2 shader compile jobs with 'Low' priority
[2025.05.30-14.32.33:697][915]LogMaterial: Display: Missing cached shadermap for FLightmassMaterialRenderer ports in PCD3D_SM5, Default, SM5 (DDC key hash: C9D80475CB8D43D2D0577A10639CCCF99604A284), compiling. 
[2025.05.30-14.32.33:701][915]LogShaderCompilers: Display: Submitted 2 shader compile jobs with 'Low' priority
[2025.05.30-14.32.33:702][915]LogMaterial: Display: Missing cached shadermap for FLightmassMaterialRenderer ports in PCD3D_SM5, Default, SM5 (DDC key hash: 5C895EC8CF18B9B1965CC57404A2381F36BC0A61), compiling. 
[2025.05.30-14.32.33:705][915]LogShaderCompilers: Display: Submitted 2 shader compile jobs with 'Low' priority
[2025.05.30-14.32.33:727][916]LogShaderCompilers: Display: Worker (5/21): shaders left to compile 38
[2025.05.30-14.32.33:727][916]LogShaderCompilers: Display: Started 2 'Local' shader compile jobs with 'Low' priority
[2025.05.30-14.32.33:731][916]LogMaterial: Display: Missing cached shadermap for FLightmassMaterialRenderer ethernet_port in PCD3D_SM5, Default, SM5 (DDC key hash: 5AD2944948FA536751C41DEE1E89BC75B0ABD9F3), compiling. 
[2025.05.30-14.32.33:734][916]LogShaderCompilers: Display: Submitted 2 shader compile jobs with 'Low' priority
[2025.05.30-14.32.33:735][916]LogMaterial: Display: Missing cached shadermap for FLightmassMaterialRenderer ethernet_port in PCD3D_SM5, Default, SM5 (DDC key hash: FE0502042659B2CF67B8E50FF9C1786D369D4F2E), compiling. 
[2025.05.30-14.32.33:738][916]LogShaderCompilers: Display: Submitted 2 shader compile jobs with 'Low' priority
[2025.05.30-14.32.33:740][916]LogMaterial: Display: Missing cached shadermap for FLightmassMaterialRenderer display in PCD3D_SM5, Default, SM5 (DDC key hash: 4AA28FD58B9BF47E43C590CC11466240EC0D34B6), compiling. 
[2025.05.30-14.32.33:743][916]LogShaderCompilers: Display: Submitted 2 shader compile jobs with 'Low' priority
[2025.05.30-14.32.33:745][916]LogMaterial: Display: Missing cached shadermap for FLightmassMaterialRenderer display in PCD3D_SM5, Default, SM5 (DDC key hash: 5649A6EB5710015276A80A833E6E8BA13D0AF4BB), compiling. 
[2025.05.30-14.32.33:747][916]LogShaderCompilers: Display: Submitted 2 shader compile jobs with 'Low' priority
[2025.05.30-14.32.33:767][917]LogMaterial: Display: Missing cached shadermap for FLightmassMaterialRenderer bezel in PCD3D_SM5, Default, SM5 (DDC key hash: 5C1637E8FA81097F12659624160AA1C0F64071A7), compiling. 
[2025.05.30-14.32.33:770][917]LogShaderCompilers: Display: Submitted 2 shader compile jobs with 'Low' priority
[2025.05.30-14.32.33:771][917]LogMaterial: Display: Missing cached shadermap for FLightmassMaterialRenderer bezel in PCD3D_SM5, Default, SM5 (DDC key hash: 595CD93CA9479BB10D707882FE392ECF22600D32), compiling. 
[2025.05.30-14.32.33:775][917]LogShaderCompilers: Display: Submitted 2 shader compile jobs with 'Low' priority
[2025.05.30-14.32.33:776][917]LogMaterial: Display: Missing cached shadermap for FLightmassMaterialRenderer Pico_Metall in PCD3D_SM5, Default, SM5 (DDC key hash: A363A966E6EF933C485A62D70F7575826845A628), compiling. 
[2025.05.30-14.32.33:780][917]LogShaderCompilers: Display: Submitted 2 shader compile jobs with 'Low' priority
[2025.05.30-14.32.33:781][917]LogMaterial: Display: Missing cached shadermap for FLightmassMaterialRenderer Pico_Metall in PCD3D_SM5, Default, SM5 (DDC key hash: C0857FFB231388849539DFE6B657DF2D587CB07B), compiling. 
[2025.05.30-14.32.33:785][917]LogShaderCompilers: Display: Worker (4/21): shaders left to compile 50
[2025.05.30-14.32.33:785][917]LogShaderCompilers: Display: Started 3 'Local' shader compile jobs with 'Low' priority
[2025.05.30-14.32.33:785][917]LogShaderCompilers: Display: Submitted 2 shader compile jobs with 'Low' priority
[2025.05.30-14.32.33:806][918]LogShaderCompilers: Display: Worker (6/21): shaders left to compile 49
[2025.05.30-14.32.33:806][918]LogShaderCompilers: Display: Started 3 'Local' shader compile jobs with 'Low' priority
[2025.05.30-14.32.33:817][918]LogShaderCompilers: Display: Worker (7/21): shaders left to compile 46
[2025.05.30-14.32.33:817][918]LogShaderCompilers: Display: Started 3 'Local' shader compile jobs with 'Low' priority
[2025.05.30-14.32.33:817][918]LogMaterial: Display: Missing cached shadermap for FLightmassMaterialRenderer pico1_Mat in PCD3D_SM5, Default, SM5 (DDC key hash: ADDD937D85F31B5660E5F16288826AD5710B296F), compiling. 
[2025.05.30-14.32.33:820][918]LogShaderCompilers: Display: Submitted 2 shader compile jobs with 'Low' priority
[2025.05.30-14.32.33:822][918]LogMaterial: Display: Missing cached shadermap for FLightmassMaterialRenderer pico1_Mat in PCD3D_SM5, Default, SM5 (DDC key hash: A16A7112FF643EDE90ECB09F47E13F9925E706DF), compiling. 
[2025.05.30-14.32.33:825][918]LogShaderCompilers: Display: Submitted 2 shader compile jobs with 'Low' priority
[2025.05.30-14.32.33:870][919]LogMaterial: Display: Missing cached shadermap for FLightmassMaterialRenderer Pico_Texture in PCD3D_SM5, Default, SM5 (DDC key hash: 99EADC74FDB377AEEEE7B6D6A3415609E24CECD5), compiling. 
[2025.05.30-14.32.33:874][919]LogShaderCompilers: Display: Submitted 2 shader compile jobs with 'Low' priority
[2025.05.30-14.32.33:875][919]LogMaterial: Display: Missing cached shadermap for FLightmassMaterialRenderer Pico_Texture in PCD3D_SM5, Default, SM5 (DDC key hash: 0389DFD12D88E0D72FDACC141AF213F6C32D9019), compiling. 
[2025.05.30-14.32.33:879][919]LogShaderCompilers: Display: Submitted 2 shader compile jobs with 'Low' priority
[2025.05.30-14.32.33:898][920]LogShaderCompilers: Display: Worker (9/21): shaders left to compile 51
[2025.05.30-14.32.33:898][920]LogShaderCompilers: Display: Started 3 'Local' shader compile jobs with 'Low' priority
[2025.05.30-14.32.33:906][920]LogShaderCompilers: Display: Worker (8/21): shaders left to compile 48
[2025.05.30-14.32.33:906][920]LogShaderCompilers: Display: Started 3 'Local' shader compile jobs with 'Low' priority
[2025.05.30-14.32.33:909][920]LogMaterial: Display: Missing cached shadermap for FLightmassMaterialRenderer Pico_Green in PCD3D_SM5, Default, SM5 (DDC key hash: E7E246486F2F0F818056D00DF89D1DFF056D8335), compiling. 
[2025.05.30-14.32.33:913][920]LogShaderCompilers: Display: Submitted 2 shader compile jobs with 'Low' priority
[2025.05.30-14.32.33:914][920]LogMaterial: Display: Missing cached shadermap for FLightmassMaterialRenderer Pico_Green in PCD3D_SM5, Default, SM5 (DDC key hash: 455022891516182CC3B769A7FDC311FC14C44FBD), compiling. 
[2025.05.30-14.32.33:917][920]LogShaderCompilers: Display: Worker (11/21): shaders left to compile 47
[2025.05.30-14.32.33:917][920]LogShaderCompilers: Display: Started 3 'Local' shader compile jobs with 'Low' priority
[2025.05.30-14.32.33:917][920]LogShaderCompilers: Display: Submitted 2 shader compile jobs with 'Low' priority
[2025.05.30-14.32.33:919][920]LogMaterial: Display: Missing cached shadermap for FLightmassMaterialRenderer Pico_bot in PCD3D_SM5, Default, SM5 (DDC key hash: 9174A87F0EA75BB4E5C436BDEA72D150052A481F), compiling. 
[2025.05.30-14.32.33:922][920]LogShaderCompilers: Display: Submitted 2 shader compile jobs with 'Low' priority
[2025.05.30-14.32.33:923][920]LogMaterial: Display: Missing cached shadermap for FLightmassMaterialRenderer Pico_bot in PCD3D_SM5, Default, SM5 (DDC key hash: 0B373FCDC579B3CACFD9D681EB0C848C633BCCA1), compiling. 
[2025.05.30-14.32.33:926][920]LogShaderCompilers: Display: Submitted 2 shader compile jobs with 'Low' priority
[2025.05.30-14.32.33:940][921]LogShaderCompilers: Display: Worker (12/21): shaders left to compile 50
[2025.05.30-14.32.33:940][921]LogShaderCompilers: Display: Started 3 'Local' shader compile jobs with 'Low' priority
[2025.05.30-14.32.35:721][922]LogShaderCompilers: Display: Worker (10/21): shaders left to compile 47
[2025.05.30-14.32.35:721][922]LogShaderCompilers: Display: Started 3 'Local' shader compile jobs with 'Low' priority
[2025.05.30-14.32.35:721][922]LogShaderCompilers: Display: Worker (13/21): shaders left to compile 44
[2025.05.30-14.32.35:721][922]LogShaderCompilers: Display: Worker (14/21): shaders left to compile 41
[2025.05.30-14.32.35:721][922]LogShaderCompilers: Display: Started 6 'Local' shader compile jobs with 'Low' priority
[2025.05.30-14.32.35:721][922]LogShaderCompilers: Display: Worker (15/21): shaders left to compile 38
[2025.05.30-14.32.35:721][922]LogShaderCompilers: Display: Started 2 'Local' shader compile jobs with 'Low' priority
[2025.05.30-14.32.35:721][922]LogShaderCompilers: Display: Worker (16/21): shaders left to compile 36
[2025.05.30-14.32.35:721][922]LogShaderCompilers: Display: Started 2 'Local' shader compile jobs with 'Low' priority
[2025.05.30-14.32.35:721][922]LogShaderCompilers: Display: Worker (17/21): shaders left to compile 34
[2025.05.30-14.32.35:721][922]LogShaderCompilers: Display: Started 2 'Local' shader compile jobs with 'Low' priority
[2025.05.30-14.32.35:721][922]LogShaderCompilers: Display: Worker (19/21): shaders left to compile 32
[2025.05.30-14.32.35:721][922]LogShaderCompilers: Display: Started 2 'Local' shader compile jobs with 'Low' priority
[2025.05.30-14.32.35:721][922]LogShaderCompilers: Display: Worker (18/21): shaders left to compile 30
[2025.05.30-14.32.35:721][922]LogShaderCompilers: Display: Started 2 'Local' shader compile jobs with 'Low' priority
[2025.05.30-14.32.35:721][922]LogShaderCompilers: Display: Worker (20/21): shaders left to compile 28
[2025.05.30-14.32.35:721][922]LogShaderCompilers: Display: Started 2 'Local' shader compile jobs with 'Low' priority
[2025.05.30-14.32.35:721][922]LogShaderCompilers: Display: Worker (1/21): shaders left to compile 26
[2025.05.30-14.32.35:721][922]LogShaderCompilers: Display: Started 2 'Local' shader compile jobs with 'Low' priority
[2025.05.30-14.32.35:721][922]LogShaderCompilers: Display: Worker (2/21): shaders left to compile 24
[2025.05.30-14.32.35:721][922]LogShaderCompilers: Display: Started 2 'Local' shader compile jobs with 'Low' priority
[2025.05.30-14.32.35:721][922]LogShaderCompilers: Display: Worker (3/21): shaders left to compile 22
[2025.05.30-14.32.35:721][922]LogShaderCompilers: Display: Started 2 'Local' shader compile jobs with 'Low' priority
[2025.05.30-14.32.35:721][922]LogShaderCompilers: Display: Worker (5/21): shaders left to compile 20
[2025.05.30-14.32.35:721][922]LogShaderCompilers: Display: Started 2 'Local' shader compile jobs with 'Low' priority
[2025.05.30-14.32.35:721][922]LogShaderCompilers: Display: Worker (16/21): shaders left to compile 18
[2025.05.30-14.32.35:721][922]LogShaderCompilers: Display: Started 1 'Local' shader compile jobs with 'Low' priority
[2025.05.30-14.32.35:721][922]LogShaderCompilers: Display: Worker (17/21): shaders left to compile 17
[2025.05.30-14.32.35:721][922]LogShaderCompilers: Display: Started 1 'Local' shader compile jobs with 'Low' priority
[2025.05.30-14.32.35:721][922]LogShaderCompilers: Display: Worker (15/21): shaders left to compile 16
[2025.05.30-14.32.35:721][922]LogShaderCompilers: Display: Started 1 'Local' shader compile jobs with 'Low' priority
[2025.05.30-14.32.35:721][922]LogShaderCompilers: Display: Worker (19/21): shaders left to compile 15
[2025.05.30-14.32.35:721][922]LogShaderCompilers: Display: Started 1 'Local' shader compile jobs with 'Low' priority
[2025.05.30-14.32.35:721][922]LogShaderCompilers: Display: Worker (20/21): shaders left to compile 14
[2025.05.30-14.32.35:721][922]LogShaderCompilers: Display: Started 1 'Local' shader compile jobs with 'Low' priority
[2025.05.30-14.32.35:721][922]LogShaderCompilers: Display: Worker (18/21): shaders left to compile 13
[2025.05.30-14.32.35:721][922]LogShaderCompilers: Display: Started 1 'Local' shader compile jobs with 'Low' priority
[2025.05.30-14.32.35:721][922]LogShaderCompilers: Display: Worker (6/21): shaders left to compile 12
[2025.05.30-14.32.35:721][922]LogShaderCompilers: Display: Started 1 'Local' shader compile jobs with 'Low' priority
[2025.05.30-14.32.35:721][922]LogShaderCompilers: Display: Worker (4/21): shaders left to compile 11
[2025.05.30-14.32.35:721][922]LogShaderCompilers: Display: Started 1 'Local' shader compile jobs with 'Low' priority
[2025.05.30-14.32.35:721][922]LogShaderCompilers: Display: Worker (7/21): shaders left to compile 10
[2025.05.30-14.32.35:721][922]LogShaderCompilers: Display: Started 1 'Local' shader compile jobs with 'Low' priority
[2025.05.30-14.32.35:721][922]LogShaderCompilers: Display: Worker (9/21): shaders left to compile 9
[2025.05.30-14.32.35:721][922]LogShaderCompilers: Display: Started 1 'Local' shader compile jobs with 'Low' priority
[2025.05.30-14.32.35:721][922]LogShaderCompilers: Display: Worker (11/21): shaders left to compile 8
[2025.05.30-14.32.35:721][922]LogShaderCompilers: Display: Started 1 'Local' shader compile jobs with 'Low' priority
[2025.05.30-14.32.35:721][922]LogShaderCompilers: Display: Worker (8/21): shaders left to compile 7
[2025.05.30-14.32.35:722][922]LogShaderCompilers: Display: Started 1 'Local' shader compile jobs with 'Low' priority
[2025.05.30-14.32.35:722][922]LogShaderCompilers: Display: Worker (10/21): shaders left to compile 6
[2025.05.30-14.32.35:722][922]LogShaderCompilers: Display: Started 1 'Local' shader compile jobs with 'Low' priority
[2025.05.30-14.32.35:722][922]LogShaderCompilers: Display: Worker (14/21): shaders left to compile 5
[2025.05.30-14.32.35:722][922]LogShaderCompilers: Display: Started 1 'Local' shader compile jobs with 'Low' priority
[2025.05.30-14.32.35:722][922]LogShaderCompilers: Display: Worker (12/21): shaders left to compile 4
[2025.05.30-14.32.35:722][922]LogShaderCompilers: Display: Started 1 'Local' shader compile jobs with 'Low' priority
[2025.05.30-14.32.35:722][922]LogShaderCompilers: Display: Worker (1/21): shaders left to compile 3
[2025.05.30-14.32.35:722][922]LogShaderCompilers: Display: Started 1 'Local' shader compile jobs with 'Low' priority
[2025.05.30-14.32.35:722][922]LogShaderCompilers: Display: Worker (13/21): shaders left to compile 2
[2025.05.30-14.32.35:722][922]LogShaderCompilers: Display: Started 1 'Local' shader compile jobs with 'Low' priority
[2025.05.30-14.32.35:722][922]LogShaderCompilers: Display: Worker (16/21): shaders left to compile 1
[2025.05.30-14.32.35:722][922]LogShaderCompilers: Display: Started 1 'Local' shader compile jobs with 'Low' priority
[2025.05.30-14.32.35:722][922]LogSlate: Window 'Message Log' being destroyed
[2025.05.30-14.32.35:749][922]LogSlate: Window 'Message Log' being destroyed
[2025.05.30-14.32.36:449][950]LogUObjectHash: Compacting FUObjectHashTables data took   0.36ms
[2025.05.30-14.32.40:057][ 61]LightingResults: Warning: Laptop Object has overlapping UVs.
[2025.05.30-14.32.40:057][ 61]LightingResults: Laptop Lightmap UV are overlapping by 15.2%. Please adjust content - Enable Error Coloring to visualize.
[2025.05.30-14.32.40:352][ 78]LightingResults: Warning: Workbench Object has overlapping UVs.
[2025.05.30-14.32.40:352][ 78]LightingResults: Workbench Lightmap UV are overlapping by 8.9%. Please adjust content - Enable Error Coloring to visualize.
[2025.05.30-14.32.40:406][ 81]LightingResults: Warning: Workbench Object has overlapping UVs.
[2025.05.30-14.32.40:406][ 81]LightingResults: Workbench Lightmap UV are overlapping by 8.9%. Please adjust content - Enable Error Coloring to visualize.
[2025.05.30-14.32.41:408][141]Job is a success!
[2025.05.30-14.32.41:616][141]LogVolumetricLightmapImport: Imported Volumetric Lightmap in 0.145s
[2025.05.30-14.32.41:616][141]LogVolumetricLightmapImport:      Indirection Texture 16x16x16 = 0.0Mb
[2025.05.30-14.32.41:616][141]LogVolumetricLightmapImport:      BrickData (all levels) 0.0Mb
[2025.05.30-14.32.41:616][141]LogVolumetricLightmapImport:      Bricks at depth
[2025.05.30-14.32.41:616][141]LogVolumetricLightmapImport:          0: 12.5% covering 100.0% of volume
[2025.05.30-14.32.41:616][141]LogVolumetricLightmapImport:          1: 12.5% covering 1.6% of volume
[2025.05.30-14.32.41:616][141]LogVolumetricLightmapImport:          2: 75.0% covering 0.1% of volume
[2025.05.30-14.32.41:616][141]LogVolumetricLightmapImport:      Bricks in each level
[2025.05.30-14.32.41:616][141]LogVolumetricLightmapImport:          VRTemplateMap 			 8 bricks 	 100.0% (Persistent Level)
[2025.05.30-14.32.41:906][141]LogTexture: Display: Building textures: HQ_Lightmap1_1 (OODLE_AutoDXT, 1024X1024)
[2025.05.30-14.32.41:906][141]LogTexture: Display: Building textures: LQ_Lightmap_1_1 (OODLE_DXT1, 1024X1024)
[2025.05.30-14.32.41:906][141]LogTexture: Display: Building textures: HQ_Lightmap1_2 (OODLE_AutoDXT, 1024X1024)
[2025.05.30-14.32.41:906][141]LogTextureFormatOodle: Display: non-RDO encode 1024 x 1024 x 1 to format OODLE_AutoDXT (Oodle OodleTex_BC3) lambda=0 effort=20 
[2025.05.30-14.32.41:906][141]LogTexture: Display: Building textures: LQ_Lightmap_1_2 (OODLE_DXT1, 1024X1024)
[2025.05.30-14.32.41:906][141]LogTextureFormatOodle: Display: non-RDO encode 1024 x 1024 x 1 to format OODLE_AutoDXT (Oodle OodleTex_BC3) lambda=0 effort=20 
[2025.05.30-14.32.41:906][141]LogTexture: Display: Building textures: HQ_Lightmap1_3 (OODLE_AutoDXT, 1024X1024)
[2025.05.30-14.32.41:906][141]LogTextureFormatOodle: Display: non-RDO encode 1024 x 1024 x 1 to format OODLE_DXT1 (Oodle OodleTex_BC1_WithTransparency) lambda=0 effort=20 
[2025.05.30-14.32.41:906][141]LogTexture: Display: Building textures: LQ_Lightmap_1_3 (OODLE_DXT1, 1024X1024)
[2025.05.30-14.32.41:906][141]LogTextureFormatOodle: Display: non-RDO encode 1024 x 1024 x 1 to format OODLE_AutoDXT (Oodle OodleTex_BC3) lambda=0 effort=20 
[2025.05.30-14.32.41:906][141]LogTexture: Display: Building textures: HQ_Lightmap0_4 (OODLE_AutoDXT, 1024X1024)
[2025.05.30-14.32.41:906][141]LogTextureFormatOodle: Display: non-RDO encode 1024 x 1024 x 1 to format OODLE_DXT1 (Oodle OodleTex_BC1_WithTransparency) lambda=0 effort=20 
[2025.05.30-14.32.41:906][141]LogTextureFormatOodle: Display: non-RDO encode 1024 x 1024 x 1 to format OODLE_DXT1 (Oodle OodleTex_BC1_WithTransparency) lambda=0 effort=20 
[2025.05.30-14.32.41:906][141]LogTexture: Display: Building textures: LQ_Lightmap_0_4 (OODLE_DXT1, 1024X1024)
[2025.05.30-14.32.41:906][141]LogTexture: Display: Building textures: HQ_Lightmap0_5 (OODLE_AutoDXT, 1024X1024)
[2025.05.30-14.32.41:906][141]LogTexture: Display: Building textures: HQ_Lightmap0_6 (OODLE_AutoDXT, 64X64)
[2025.05.30-14.32.41:906][141]LogTexture: Display: Building textures: LQ_Lightmap_0_5 (OODLE_DXT1, 1024X1024)
[2025.05.30-14.32.41:906][141]LogTexture: Display: Building textures: LQ_Lightmap_0_6 (OODLE_DXT1, 64X64)
[2025.05.30-14.32.41:906][141]LogTextureFormatOodle: Display: non-RDO encode 1024 x 1024 x 1 to format OODLE_AutoDXT (Oodle OodleTex_BC3) lambda=0 effort=20 
[2025.05.30-14.32.41:906][141]LogTextureFormatOodle: Display: non-RDO encode 1024 x 1024 x 1 to format OODLE_AutoDXT (Oodle OodleTex_BC3) lambda=0 effort=20 
[2025.05.30-14.32.41:906][141]LogTextureFormatOodle: Display: non-RDO encode 1024 x 1024 x 1 to format OODLE_DXT1 (Oodle OodleTex_BC1_WithTransparency) lambda=0 effort=20 
[2025.05.30-14.32.41:906][141]LogTextureFormatOodle: Display: non-RDO encode 1024 x 1024 x 1 to format OODLE_DXT1 (Oodle OodleTex_BC1_WithTransparency) lambda=0 effort=20 
[2025.05.30-14.32.41:906][141]LogTexture: Display: Building textures: ShadowMapTexture2D_0 (G8, 1024X1024)
[2025.05.30-14.32.41:906][141]LogTexture: Display: Building textures: ShadowMapTexture2D_1 (G8, 1024X1024)
[2025.05.30-14.32.41:944][141]Lightmass on LEGION_TMS: 2.91 sec total, 174 ms importing, 193 ms setup, 469 ms photons, 1.96 sec processing, 0 ms extra exporting [19/19 mappings]. Threads: 45.0 sec total, 9.22 sec processing.
[2025.05.30-14.32.41:949][141]LogStaticLightingSystem: VRTemplateMap_BuiltData storing lightmap data for 19 meshes in 10 LightmapResourceClusters (1.9 Meshes per cluster).
[2025.05.30-14.32.41:950][141]LogMaterial: Display: Material /Game/MyMehes/Laptop/keyboard.keyboard needed to have new flag set bUsedWithStaticLighting !
[2025.05.30-14.32.41:952][141]LogMaterial: Display: Missing cached shadermap for keyboard in PCD3D_SM5, Default, SM5 (DDC key hash: A5035FC45036DCF6E7393EEE1FD4D435AE64F381), compiling. 
[2025.05.30-14.32.41:971][141]LogShaderCompilers: Display: Submitted 25 shader compile jobs with 'Low' priority
[2025.05.30-14.32.41:971][141]LogMaterial: Display: Material /Game/MyMehes/Laptop/case.case needed to have new flag set bUsedWithStaticLighting !
[2025.05.30-14.32.41:972][141]LogMaterial: Display: Missing cached shadermap for case in PCD3D_SM5, Default, SM5 (DDC key hash: 9D00BBD6172641600D8B3101A18CC9F166013BB5), compiling. 
[2025.05.30-14.32.41:983][141]LogShaderCompilers: Display: Worker (1/21): shaders left to compile 25
[2025.05.30-14.32.41:983][141]LogShaderCompilers: Display: Worker (2/21): shaders left to compile 23
[2025.05.30-14.32.41:983][141]LogShaderCompilers: Display: Worker (3/21): shaders left to compile 21
[2025.05.30-14.32.41:983][141]LogShaderCompilers: Display: Worker (4/21): shaders left to compile 19
[2025.05.30-14.32.41:983][141]LogShaderCompilers: Display: Worker (5/21): shaders left to compile 17
[2025.05.30-14.32.41:983][141]LogShaderCompilers: Display: Worker (6/21): shaders left to compile 15
[2025.05.30-14.32.41:983][141]LogShaderCompilers: Display: Worker (7/21): shaders left to compile 13
[2025.05.30-14.32.41:983][141]LogShaderCompilers: Display: Worker (8/21): shaders left to compile 11
[2025.05.30-14.32.41:983][141]LogShaderCompilers: Display: Worker (9/21): shaders left to compile 9
[2025.05.30-14.32.41:983][141]LogShaderCompilers: Display: Worker (10/21): shaders left to compile 7
[2025.05.30-14.32.41:983][141]LogShaderCompilers: Display: Worker (11/21): shaders left to compile 5
[2025.05.30-14.32.41:983][141]LogShaderCompilers: Display: Worker (12/21): shaders left to compile 3
[2025.05.30-14.32.41:983][141]LogShaderCompilers: Display: Worker (13/21): shaders left to compile 1
[2025.05.30-14.32.41:983][141]LogShaderCompilers: Display: Started 25 'Local' shader compile jobs with 'Low' priority
[2025.05.30-14.32.41:983][141]LogShaderCompilers: Display: Submitted 25 shader compile jobs with 'Low' priority
[2025.05.30-14.32.41:983][141]LogMaterial: Display: Material /Game/MyMehes/Laptop/touchpad.touchpad needed to have new flag set bUsedWithStaticLighting !
[2025.05.30-14.32.41:984][141]LogMaterial: Display: Missing cached shadermap for touchpad in PCD3D_SM5, Default, SM5 (DDC key hash: 448036A6DA3B46AAAC4269B06A10B9EF7E9D675A), compiling. 
[2025.05.30-14.32.41:994][141]LogShaderCompilers: Display: Worker (14/21): shaders left to compile 25
[2025.05.30-14.32.41:994][141]LogShaderCompilers: Display: Worker (15/21): shaders left to compile 23
[2025.05.30-14.32.41:994][141]LogShaderCompilers: Display: Worker (16/21): shaders left to compile 21
[2025.05.30-14.32.41:994][141]LogShaderCompilers: Display: Worker (17/21): shaders left to compile 19
[2025.05.30-14.32.41:994][141]LogShaderCompilers: Display: Worker (18/21): shaders left to compile 17
[2025.05.30-14.32.41:994][141]LogShaderCompilers: Display: Worker (19/21): shaders left to compile 15
[2025.05.30-14.32.41:994][141]LogShaderCompilers: Display: Worker (20/21): shaders left to compile 13
[2025.05.30-14.32.41:994][141]LogShaderCompilers: Display: Started 14 'Local' shader compile jobs with 'Low' priority
[2025.05.30-14.32.41:994][141]LogShaderCompilers: Display: Submitted 25 shader compile jobs with 'Low' priority
[2025.05.30-14.32.41:994][141]LogMaterial: Display: Material /Game/MyMehes/Laptop/holes.holes needed to have new flag set bUsedWithStaticLighting !
[2025.05.30-14.32.41:995][141]LogMaterial: Display: Missing cached shadermap for holes in PCD3D_SM5, Default, SM5 (DDC key hash: 66C8ED6E3822E8C85727371D2114726DF756D711), compiling. 
[2025.05.30-14.32.42:004][141]LogShaderCompilers: Display: Submitted 25 shader compile jobs with 'Low' priority
[2025.05.30-14.32.42:004][141]LogMaterial: Display: Material /Game/MyMehes/Laptop/ports.ports needed to have new flag set bUsedWithStaticLighting !
[2025.05.30-14.32.42:005][141]LogMaterial: Display: Missing cached shadermap for ports in PCD3D_SM5, Default, SM5 (DDC key hash: 085D8FC93354107493849E3230002250948A4E5A), compiling. 
[2025.05.30-14.32.42:016][141]LogShaderCompilers: Display: Submitted 25 shader compile jobs with 'Low' priority
[2025.05.30-14.32.42:016][141]LogMaterial: Display: Material /Game/MyMehes/Laptop/ethernet_port.ethernet_port needed to have new flag set bUsedWithStaticLighting !
[2025.05.30-14.32.42:017][141]LogMaterial: Display: Missing cached shadermap for ethernet_port in PCD3D_SM5, Default, SM5 (DDC key hash: B946943301B8035BE5E736088F4400E9CA221C2E), compiling. 
[2025.05.30-14.32.42:030][141]LogShaderCompilers: Display: Submitted 25 shader compile jobs with 'Low' priority
[2025.05.30-14.32.42:031][141]LogMaterial: Display: Material /Game/MyMehes/Laptop/display.display needed to have new flag set bUsedWithStaticLighting !
[2025.05.30-14.32.42:032][141]LogMaterial: Display: Missing cached shadermap for display in PCD3D_SM5, Default, SM5 (DDC key hash: 42408F0391D2DE1194AE2AC42B526605AC720E57), compiling. 
[2025.05.30-14.32.42:047][141]LogShaderCompilers: Display: Submitted 25 shader compile jobs with 'Low' priority
[2025.05.30-14.32.42:047][141]LogMaterial: Display: Material /Game/MyMehes/Laptop/bezel.bezel needed to have new flag set bUsedWithStaticLighting !
[2025.05.30-14.32.42:049][141]LogMaterial: Display: Missing cached shadermap for bezel in PCD3D_SM5, Default, SM5 (DDC key hash: 937A36CC9D5349F18684BF2E84550C42B354F018), compiling. 
[2025.05.30-14.32.42:065][141]LogShaderCompilers: Display: Submitted 25 shader compile jobs with 'Low' priority
[2025.05.30-14.32.42:066][141]LogMaterial: Display: Material /Game/MyMehes/Sketchfab/_________________006._________________006 needed to have new flag set bUsedWithStaticLighting !
[2025.05.30-14.32.42:067][141]LogMaterial: Display: Missing cached shadermap for _________________006 in PCD3D_SM5, Default, SM5 (DDC key hash: 2408B4C5528E5EE66430CCFE6708AD316AC3995A), compiling. 
[2025.05.30-14.32.42:084][141]LogShaderCompilers: Display: Submitted 25 shader compile jobs with 'Low' priority
[2025.05.30-14.32.42:084][141]LogMaterial: Display: Material /Game/MyMehes/Sketchfab/_________________010._________________010 needed to have new flag set bUsedWithStaticLighting !
[2025.05.30-14.32.42:087][141]LogMaterial: Display: Missing cached shadermap for _________________010 in PCD3D_SM5, Default, SM5 (DDC key hash: 4CDCB10DF12707789AED2EF08B591DD6E461646A), compiling. 
[2025.05.30-14.32.42:106][141]LogShaderCompilers: Display: Submitted 25 shader compile jobs with 'Low' priority
[2025.05.30-14.32.42:107][141]LogMaterial: Display: Material /Game/MyMehes/Sketchfab/Wood_001.Wood_001 needed to have new flag set bUsedWithStaticLighting !
[2025.05.30-14.32.42:108][141]LogMaterial: Display: Missing cached shadermap for Wood_001 in PCD3D_SM5, Default, SM5 (DDC key hash: DF7691A26E6D313EA3230E9AB0F9AD5DBBD3DAB4), compiling. 
[2025.05.30-14.32.42:126][141]LogShaderCompilers: Display: Submitted 25 shader compile jobs with 'Low' priority
[2025.05.30-14.32.42:127][141]LogMaterial: Display: Material /Game/MyMehes/LaptopTable/BMD_Chrome_0019.BMD_Chrome_0019 needed to have new flag set bUsedWithStaticLighting !
[2025.05.30-14.32.42:129][141]LogMaterial: Display: Missing cached shadermap for BMD_Chrome_0019 in PCD3D_SM5, Default, SM5 (DDC key hash: DD294AFB81D70DC72D80B473C0009FB695FAA171), compiling. 
[2025.05.30-14.32.42:149][141]LogShaderCompilers: Display: Submitted 25 shader compile jobs with 'Low' priority
[2025.05.30-14.32.42:151][141]LogMaterial: Display: Material /Game/MyMehes/LaptopTable/Dark_Gray.Dark_Gray needed to have new flag set bUsedWithStaticLighting !
[2025.05.30-14.32.42:153][141]LogMaterial: Display: Missing cached shadermap for Dark_Gray in PCD3D_SM5, Default, SM5 (DDC key hash: 09F5804A07E88F9507C81555EE86D56F98C9A5EF), compiling. 
[2025.05.30-14.32.42:172][141]LogShaderCompilers: Display: Submitted 25 shader compile jobs with 'Low' priority
[2025.05.30-14.32.42:173][141]LogMaterial: Display: Material /Game/MyMehes/LaptopTable/BMD_BeechWood.BMD_BeechWood needed to have new flag set bUsedWithStaticLighting !
[2025.05.30-14.32.42:175][141]LogMaterial: Display: Missing cached shadermap for BMD_BeechWood in PCD3D_SM5, Default, SM5 (DDC key hash: 1385EE04482C5C4729EDB1D2828B5672EB086E2D), compiling. 
[2025.05.30-14.32.42:193][141]LogShaderCompilers: Display: Submitted 25 shader compile jobs with 'Low' priority
[2025.05.30-14.32.42:194][141]LogMaterial: Display: Material /Game/MyMehes/Worbench/Material_004.Material_004 needed to have new flag set bUsedWithStaticLighting !
[2025.05.30-14.32.42:196][141]LogMaterial: Display: Missing cached shadermap for Material_004 in PCD3D_SM5, Default, SM5 (DDC key hash: D8F9CA7BC630EEBA9B7EFC77C2DD7C49C35F58E3), compiling. 
[2025.05.30-14.32.42:220][141]LogShaderCompilers: Display: Submitted 25 shader compile jobs with 'Low' priority
[2025.05.30-14.32.42:221][141]LogMaterial: Display: Material /Game/MyMehes/Worbench/Rojubase.Rojubase needed to have new flag set bUsedWithStaticLighting !
[2025.05.30-14.32.42:223][141]LogMaterial: Display: Missing cached shadermap for Rojubase in PCD3D_SM5, Default, SM5 (DDC key hash: 0FA5809B05530C31096B2211F929D7681D792C6C), compiling. 
[2025.05.30-14.32.42:243][141]LogShaderCompilers: Display: Submitted 25 shader compile jobs with 'Low' priority
[2025.05.30-14.32.42:244][141]LogMaterial: Display: Material /Game/MyMehes/Worbench/Material_001.Material_001 needed to have new flag set bUsedWithStaticLighting !
[2025.05.30-14.32.42:246][141]LogMaterial: Display: Missing cached shadermap for Material_001 in PCD3D_SM5, Default, SM5 (DDC key hash: D7AB9082767556D727783C8E08B602554A61365A), compiling. 
[2025.05.30-14.32.42:265][141]LogShaderCompilers: Display: Submitted 25 shader compile jobs with 'Low' priority
[2025.05.30-14.32.42:266][141]LogMaterial: Display: Material /Game/MyMehes/Worbench/Material_002.Material_002 needed to have new flag set bUsedWithStaticLighting !
[2025.05.30-14.32.42:268][141]LogMaterial: Display: Missing cached shadermap for Material_002 in PCD3D_SM5, Default, SM5 (DDC key hash: F0C2D6B7DB6944467721C2FC93F4D593D739F0D7), compiling. 
[2025.05.30-14.32.42:285][141]LogShaderCompilers: Display: Submitted 25 shader compile jobs with 'Low' priority
[2025.05.30-14.32.42:285][141]LogMaterial: Display: Material /Game/MyMehes/Electronics/Pico_Metall.Pico_Metall needed to have new flag set bUsedWithStaticLighting !
[2025.05.30-14.32.42:286][141]LogMaterial: Display: Missing cached shadermap for Pico_Metall in PCD3D_SM5, Default, SM5 (DDC key hash: 8545E627CA834D564E1CA9E21DAB731EDEE0E41D), compiling. 
[2025.05.30-14.32.42:298][141]LogShaderCompilers: Display: Submitted 9 shader compile jobs with 'Low' priority
[2025.05.30-14.32.42:299][141]LogMaterial: Display: Material /Game/MyMehes/Electronics/pico1_Mat.pico1_Mat needed to have new flag set bUsedWithStaticLighting !
[2025.05.30-14.32.42:299][141]LogMaterial: Display: Material /Engine/Transient.pico1_Mat needed to have new flag set bUsedWithStaticLighting !
[2025.05.30-14.32.42:299][141]LogMaterial: Display: Missing cached shadermap for pico1_Mat in PCD3D_SM5, Default, SM5 (DDC key hash: 27B41D0E55ED797B9414FBD8EB27F3141A71884D), compiling. 
[2025.05.30-14.32.42:307][141]LogShaderCompilers: Display: Submitted 2 shader compile jobs with 'Normal' priority
[2025.05.30-14.32.42:308][141]LogMaterial: Display: Missing cached shadermap for pico1_Mat in PCD3D_SM5, Default, SM5 (DDC key hash: E99A16339EC8C49D86050B346E7C8AAE1369F303), compiling. 
[2025.05.30-14.32.42:320][141]LogShaderCompilers: Display: Submitted 7 shader compile jobs with 'Low' priority
[2025.05.30-14.32.42:321][141]LogMaterial: Display: Material /Game/MyMehes/Electronics/Pico_Texture.Pico_Texture needed to have new flag set bUsedWithStaticLighting !
[2025.05.30-14.32.42:322][141]LogMaterial: Display: Missing cached shadermap for Pico_Texture in PCD3D_SM5, Default, SM5 (DDC key hash: 47B76B39AFA6C2418A810C76D30BC73D1D5099F2), compiling. 
[2025.05.30-14.32.42:335][141]LogShaderCompilers: Display: Submitted 9 shader compile jobs with 'Low' priority
[2025.05.30-14.32.42:335][141]LogMaterial: Display: Material /Game/MyMehes/Electronics/Pico_Green.Pico_Green needed to have new flag set bUsedWithStaticLighting !
[2025.05.30-14.32.42:336][141]LogMaterial: Display: Missing cached shadermap for Pico_Green in PCD3D_SM5, Default, SM5 (DDC key hash: 7DA9731F4839B268F304D8A39321CDB8194314A6), compiling. 
[2025.05.30-14.32.42:355][141]LogShaderCompilers: Display: Submitted 9 shader compile jobs with 'Low' priority
[2025.05.30-14.32.42:356][141]LogMaterial: Display: Material /Game/MyMehes/Electronics/Pico_bot.Pico_bot needed to have new flag set bUsedWithStaticLighting !
[2025.05.30-14.32.42:358][141]LogMaterial: Display: Missing cached shadermap for Pico_bot in PCD3D_SM5, Default, SM5 (DDC key hash: F85A8ABA149F004EEE426D85597D95DB6B870106), compiling. 
[2025.05.30-14.32.42:378][141]LogShaderCompilers: Display: Submitted 9 shader compile jobs with 'Low' priority
[2025.05.30-14.32.42:388][141]LogUObjectHash: Compacting FUObjectHashTables data took   1.62ms
[2025.05.30-14.32.42:435][141]LogStaticLightingSystem: Illumination: 16.0 sec (71 ms encoding lightmaps, 131 ms encoding shadowmaps)
[2025.05.30-14.32.42:435][141]LogStaticLightingSystem: Lightmap texture memory:  10.0 MB (10.0 MB streaming, 0.0 MB non-streaming), 12 textures
[2025.05.30-14.32.42:435][141]LogStaticLightingSystem: Shadowmap texture memory: 2.7 MB (2.7 MB streaming, 0.0 MB non-streaming), 2 textures
[2025.05.30-14.32.48:606][141]LogShaderCompilers: Display: Worker (1/21): shaders left to compile 44
[2025.05.30-14.32.48:607][141]LogShaderCompilers: Display: Started 3 'Local' shader compile jobs with 'ForceLocal' priority
[2025.05.30-14.32.48:607][141]LogShaderCompilers: Display: Worker (14/21): shaders left to compile 41
[2025.05.30-14.32.48:607][141]LogShaderCompilers: Display: Started 3 'Local' shader compile jobs with 'ForceLocal' priority
[2025.05.30-14.32.48:607][141]LogShaderCompilers: Display: Worker (4/21): shaders left to compile 38
[2025.05.30-14.32.48:607][141]LogShaderCompilers: Display: Started 2 'Local' shader compile jobs with 'ForceLocal' priority
[2025.05.30-14.32.48:607][141]LogShaderCompilers: Display: Worker (17/21): shaders left to compile 36
[2025.05.30-14.32.48:607][141]LogShaderCompilers: Display: Started 2 'Local' shader compile jobs with 'ForceLocal' priority
[2025.05.30-14.32.48:607][141]LogShaderCompilers: Display: Worker (3/21): shaders left to compile 34
[2025.05.30-14.32.48:607][141]LogShaderCompilers: Display: Started 2 'Local' shader compile jobs with 'ForceLocal' priority
[2025.05.30-14.32.48:607][141]LogShaderCompilers: Display: Worker (12/21): shaders left to compile 32
[2025.05.30-14.32.48:607][141]LogShaderCompilers: Display: Started 2 'Local' shader compile jobs with 'ForceLocal' priority
[2025.05.30-14.32.48:607][141]LogShaderCompilers: Display: Worker (16/21): shaders left to compile 30
[2025.05.30-14.32.48:607][141]LogShaderCompilers: Display: Started 2 'Local' shader compile jobs with 'ForceLocal' priority
[2025.05.30-14.32.48:607][141]LogShaderCompilers: Display: Worker (13/21): shaders left to compile 28
[2025.05.30-14.32.48:607][141]LogShaderCompilers: Display: Started 2 'Local' shader compile jobs with 'ForceLocal' priority
[2025.05.30-14.32.48:607][141]LogShaderCompilers: Display: Worker (7/21): shaders left to compile 26
[2025.05.30-14.32.48:607][141]LogShaderCompilers: Display: Started 2 'Local' shader compile jobs with 'ForceLocal' priority
[2025.05.30-14.32.48:607][141]LogShaderCompilers: Display: Worker (20/21): shaders left to compile 24
[2025.05.30-14.32.48:607][141]LogShaderCompilers: Display: Started 2 'Local' shader compile jobs with 'ForceLocal' priority
[2025.05.30-14.32.48:607][141]LogShaderCompilers: Display: Worker (8/21): shaders left to compile 22
[2025.05.30-14.32.48:607][141]LogShaderCompilers: Display: Started 2 'Local' shader compile jobs with 'ForceLocal' priority
[2025.05.30-14.32.48:607][141]LogShaderCompilers: Display: Worker (5/21): shaders left to compile 20
[2025.05.30-14.32.48:607][141]LogShaderCompilers: Display: Started 2 'Local' shader compile jobs with 'ForceLocal' priority
[2025.05.30-14.32.48:607][141]LogShaderCompilers: Display: Worker (18/21): shaders left to compile 18
[2025.05.30-14.32.48:607][141]LogShaderCompilers: Display: Started 1 'Local' shader compile jobs with 'ForceLocal' priority
[2025.05.30-14.32.48:607][141]LogShaderCompilers: Display: Worker (2/21): shaders left to compile 17
[2025.05.30-14.32.48:607][141]LogShaderCompilers: Display: Started 1 'Local' shader compile jobs with 'ForceLocal' priority
[2025.05.30-14.32.48:607][141]LogShaderCompilers: Display: Worker (10/21): shaders left to compile 16
[2025.05.30-14.32.48:607][141]LogShaderCompilers: Display: Started 1 'Local' shader compile jobs with 'ForceLocal' priority
[2025.05.30-14.32.48:607][141]LogShaderCompilers: Display: Worker (15/21): shaders left to compile 15
[2025.05.30-14.32.48:607][141]LogShaderCompilers: Display: Started 1 'Local' shader compile jobs with 'ForceLocal' priority
[2025.05.30-14.32.48:607][141]LogShaderCompilers: Display: Worker (4/21): shaders left to compile 14
[2025.05.30-14.32.48:607][141]LogShaderCompilers: Display: Started 1 'Local' shader compile jobs with 'ForceLocal' priority
[2025.05.30-14.32.48:607][141]LogShaderCompilers: Display: Worker (17/21): shaders left to compile 13
[2025.05.30-14.32.48:607][141]LogShaderCompilers: Display: Started 1 'Local' shader compile jobs with 'ForceLocal' priority
[2025.05.30-14.32.48:607][141]LogShaderCompilers: Display: Worker (2/21): shaders left to compile 12
[2025.05.30-14.32.48:607][141]LogShaderCompilers: Display: Started 1 'Local' shader compile jobs with 'ForceLocal' priority
[2025.05.30-14.32.48:607][141]LogShaderCompilers: Display: Worker (15/21): shaders left to compile 11
[2025.05.30-14.32.48:607][141]LogShaderCompilers: Display: Started 1 'Local' shader compile jobs with 'ForceLocal' priority
[2025.05.30-14.32.48:608][141]DumpUnbuiltLightIteractions
[2025.05.30-14.32.48:608][141]Lights with unbuilt interactions: 0
[2025.05.30-14.32.48:608][141]
[2025.05.30-14.32.48:608][141]Primitives with unbuilt interactions: 0
[2025.05.30-14.32.48:846][141]LogShaderCompilers: Display: Worker (14/21): shaders left to compile 10
[2025.05.30-14.32.48:846][141]LogShaderCompilers: Display: Started 1 'Local' shader compile jobs with 'ForceLocal' priority
[2025.05.30-14.32.48:846][141]LogShaderCompilers: Display: Worker (5/21): shaders left to compile 9
[2025.05.30-14.32.48:846][141]LogShaderCompilers: Display: Started 1 'Local' shader compile jobs with 'ForceLocal' priority
[2025.05.30-14.32.49:053][141]LogShaderCompilers: Display: Worker (17/21): shaders left to compile 8
[2025.05.30-14.32.49:053][141]LogShaderCompilers: Display: Started 1 'Local' shader compile jobs with 'ForceLocal' priority
[2025.05.30-14.32.49:255][141]LogShaderCompilers: Display: Worker (15/21): shaders left to compile 7
[2025.05.30-14.32.49:255][141]LogShaderCompilers: Display: Started 1 'Local' shader compile jobs with 'ForceLocal' priority
[2025.05.30-14.32.49:457][141]LogShaderCompilers: Display: Worker (5/21): shaders left to compile 6
[2025.05.30-14.32.49:457][141]LogShaderCompilers: Display: Started 1 'Local' shader compile jobs with 'ForceLocal' priority
[2025.05.30-14.32.49:662][141]LogShaderCompilers: Display: Worker (15/21): shaders left to compile 5
[2025.05.30-14.32.49:662][141]LogShaderCompilers: Display: Started 1 'Local' shader compile jobs with 'ForceLocal' priority
[2025.05.30-14.32.50:269][141]LogShaderCompilers: Display: Worker (15/21): shaders left to compile 4
[2025.05.30-14.32.50:269][141]LogShaderCompilers: Display: Started 1 'Local' shader compile jobs with 'ForceLocal' priority
[2025.05.30-14.32.51:279][141]LogShaderCompilers: Display: Worker (11/21): shaders left to compile 3
[2025.05.30-14.32.51:279][141]LogShaderCompilers: Display: Started 1 'Local' shader compile jobs with 'ForceLocal' priority
[2025.05.30-14.32.51:482][141]LogShaderCompilers: Display: Worker (3/21): shaders left to compile 2
[2025.05.30-14.32.51:482][141]LogShaderCompilers: Display: Started 1 'Local' shader compile jobs with 'ForceLocal' priority
[2025.05.30-14.32.51:684][141]LogShaderCompilers: Display: Worker (6/21): shaders left to compile 1
[2025.05.30-14.32.51:684][141]LogShaderCompilers: Display: Started 1 'Local' shader compile jobs with 'ForceLocal' priority
[2025.05.30-14.32.51:684][141]LogShaderCompilers: Display: Worker (19/21): shaders left to compile 412
[2025.05.30-14.32.51:684][141]LogShaderCompilers: Display: Started 10 'Local' shader compile jobs with 'Normal' priority
[2025.05.30-14.32.51:886][141]LogShaderCompilers: Display: Worker (9/21): shaders left to compile 402
[2025.05.30-14.32.51:886][141]LogShaderCompilers: Display: Started 10 'Local' shader compile jobs with 'Normal' priority
[2025.05.30-14.32.51:886][141]LogShaderCompilers: Display: Worker (11/21): shaders left to compile 392
[2025.05.30-14.32.51:886][141]LogShaderCompilers: Display: Started 10 'Local' shader compile jobs with 'Normal' priority
[2025.05.30-14.32.52:497][141]LogShaderCompilers: Display: Worker (6/21): shaders left to compile 382
[2025.05.30-14.32.52:497][141]LogShaderCompilers: Display: Started 10 'Local' shader compile jobs with 'Normal' priority
[2025.05.30-14.32.52:699][141]LogShaderCompilers: Display: Worker (16/21): shaders left to compile 372
[2025.05.30-14.32.52:699][141]LogShaderCompilers: Display: Started 10 'Local' shader compile jobs with 'Normal' priority
[2025.05.30-14.32.52:901][141]LogShaderCompilers: Display: Worker (18/21): shaders left to compile 362
[2025.05.30-14.32.52:901][141]LogShaderCompilers: Display: Started 10 'Local' shader compile jobs with 'Normal' priority
[2025.05.30-14.32.52:901][141]LogShaderCompilers: Display: Worker (10/21): shaders left to compile 352
[2025.05.30-14.32.52:901][141]LogShaderCompilers: Display: Started 10 'Local' shader compile jobs with 'Normal' priority
[2025.05.30-14.32.53:104][141]LogShaderCompilers: Display: Worker (13/21): shaders left to compile 342
[2025.05.30-14.32.53:104][141]LogShaderCompilers: Display: Started 10 'Local' shader compile jobs with 'Normal' priority
[2025.05.30-14.32.53:104][141]LogShaderCompilers: Display: Worker (7/21): shaders left to compile 332
[2025.05.30-14.32.53:104][141]LogShaderCompilers: Display: Started 10 'Local' shader compile jobs with 'Normal' priority
[2025.05.30-14.32.53:509][141]LogShaderCompilers: Display: Worker (8/21): shaders left to compile 322
[2025.05.30-14.32.53:509][141]LogShaderCompilers: Display: Started 10 'Local' shader compile jobs with 'Normal' priority
[2025.05.30-14.32.53:509][141]LogShaderCompilers: Display: Worker (20/21): shaders left to compile 312
[2025.05.30-14.32.53:509][141]LogShaderCompilers: Display: Started 10 'Local' shader compile jobs with 'Normal' priority
[2025.05.30-14.32.53:509][141]LogShaderCompilers: Display: Worker (2/21): shaders left to compile 302
[2025.05.30-14.32.53:509][141]LogShaderCompilers: Display: Started 10 'Local' shader compile jobs with 'Normal' priority
[2025.05.30-14.32.53:713][141]LogShaderCompilers: Display: Worker (1/21): shaders left to compile 292
[2025.05.30-14.32.53:713][141]LogShaderCompilers: Display: Started 10 'Local' shader compile jobs with 'Normal' priority
[2025.05.30-14.32.53:713][141]LogShaderCompilers: Display: Worker (4/21): shaders left to compile 282
[2025.05.30-14.32.53:713][141]LogShaderCompilers: Display: Started 10 'Local' shader compile jobs with 'Normal' priority
[2025.05.30-14.32.54:119][141]LogShaderCompilers: Display: Worker (14/21): shaders left to compile 272
[2025.05.30-14.32.54:119][141]LogShaderCompilers: Display: Started 10 'Local' shader compile jobs with 'Normal' priority
[2025.05.30-14.32.54:322][141]LogShaderCompilers: Display: Worker (17/21): shaders left to compile 262
[2025.05.30-14.32.54:322][141]LogShaderCompilers: Display: Started 10 'Local' shader compile jobs with 'Normal' priority
[2025.05.30-14.32.54:525][141]LogShaderCompilers: Display: Worker (5/21): shaders left to compile 252
[2025.05.30-14.32.54:525][141]LogShaderCompilers: Display: Started 10 'Local' shader compile jobs with 'Normal' priority
[2025.05.30-14.32.55:134][141]LogShaderCompilers: Display: Worker (15/21): shaders left to compile 242
[2025.05.30-14.32.55:134][141]LogShaderCompilers: Display: Started 10 'Local' shader compile jobs with 'Normal' priority
[2025.05.30-14.32.56:551][141]LogShaderCompilers: Display: Worker (12/21): shaders left to compile 232
[2025.05.30-14.32.56:551][141]LogShaderCompilers: Display: Started 10 'Local' shader compile jobs with 'Normal' priority
[2025.05.30-14.32.56:551][141]LogShaderCompilers: Display: Worker (3/21): shaders left to compile 222
[2025.05.30-14.32.56:551][141]LogShaderCompilers: Display: Started 10 'Local' shader compile jobs with 'Normal' priority
[2025.05.30-14.33.13:378][141]LogShaderCompilers: Display: Worker (11/21): shaders left to compile 212
[2025.05.30-14.33.13:378][141]LogShaderCompilers: Display: Started 10 'Local' shader compile jobs with 'Normal' priority
[2025.05.30-14.33.13:581][141]LogShaderCompilers: Display: Worker (19/21): shaders left to compile 202
[2025.05.30-14.33.13:581][141]LogShaderCompilers: Display: Started 10 'Local' shader compile jobs with 'Normal' priority
[2025.05.30-14.33.14:186][141]LogShaderCompilers: Display: Worker (8/21): shaders left to compile 192
[2025.05.30-14.33.14:186][141]LogShaderCompilers: Display: Started 10 'Local' shader compile jobs with 'Normal' priority
[2025.05.30-14.33.15:804][141]LogShaderCompilers: Display: Worker (15/21): shaders left to compile 182
[2025.05.30-14.33.15:804][141]LogShaderCompilers: Display: Started 10 'Local' shader compile jobs with 'Normal' priority
[2025.05.30-14.33.17:222][141]LogShaderCompilers: Display: Worker (18/21): shaders left to compile 172
[2025.05.30-14.33.17:222][141]LogShaderCompilers: Display: Started 9 'Local' shader compile jobs with 'Normal' priority
[2025.05.30-14.33.17:625][141]LogShaderCompilers: Display: Worker (16/21): shaders left to compile 163
[2025.05.30-14.33.17:625][141]LogShaderCompilers: Display: Started 9 'Local' shader compile jobs with 'Normal' priority
[2025.05.30-14.33.18:031][141]LogShaderCompilers: Display: Worker (2/21): shaders left to compile 154
[2025.05.30-14.33.18:031][141]LogShaderCompilers: Display: Started 8 'Local' shader compile jobs with 'Normal' priority
[2025.05.30-14.33.18:844][141]LogShaderCompilers: Display: Worker (13/21): shaders left to compile 146
[2025.05.30-14.33.18:844][141]LogShaderCompilers: Display: Started 8 'Local' shader compile jobs with 'Normal' priority
[2025.05.30-14.33.19:047][141]LogShaderCompilers: Display: Worker (1/21): shaders left to compile 138
[2025.05.30-14.33.19:047][141]LogShaderCompilers: Display: Started 7 'Local' shader compile jobs with 'Normal' priority
[2025.05.30-14.33.19:658][141]LogShaderCompilers: Display: Worker (17/21): shaders left to compile 131
[2025.05.30-14.33.19:658][141]LogShaderCompilers: Display: Started 7 'Local' shader compile jobs with 'Normal' priority
[2025.05.30-14.33.20:874][141]LogShaderCompilers: Display: Worker (3/21): shaders left to compile 124
[2025.05.30-14.33.20:874][141]LogShaderCompilers: Display: Started 7 'Local' shader compile jobs with 'Normal' priority
[2025.05.30-14.33.22:899][141]LogShaderCompilers: Display: Worker (14/21): shaders left to compile 117
[2025.05.30-14.33.22:899][141]LogShaderCompilers: Display: Started 6 'Local' shader compile jobs with 'Normal' priority
[2025.05.30-14.33.24:113][141]LogShaderCompilers: Display: Worker (9/21): shaders left to compile 111
[2025.05.30-14.33.24:113][141]LogShaderCompilers: Display: Started 6 'Local' shader compile jobs with 'Normal' priority
[2025.05.30-14.33.25:528][141]LogShaderCompilers: Display: Worker (6/21): shaders left to compile 105
[2025.05.30-14.33.25:528][141]LogShaderCompilers: Display: Started 6 'Local' shader compile jobs with 'Normal' priority
[2025.05.30-14.33.25:528][141]LogShaderCompilers: Display: Worker (7/21): shaders left to compile 99
[2025.05.30-14.33.25:528][141]LogShaderCompilers: Display: Started 5 'Local' shader compile jobs with 'Normal' priority
[2025.05.30-14.33.25:732][141]LogShaderCompilers: Display: Worker (10/21): shaders left to compile 94
[2025.05.30-14.33.25:732][141]LogShaderCompilers: Display: Started 5 'Local' shader compile jobs with 'Normal' priority
[2025.05.30-14.33.27:149][141]LogShaderCompilers: Display: Worker (20/21): shaders left to compile 89
[2025.05.30-14.33.27:149][141]LogShaderCompilers: Display: Started 5 'Local' shader compile jobs with 'Normal' priority
[2025.05.30-14.33.28:163][141]LogShaderCompilers: Display: Worker (4/21): shaders left to compile 84
[2025.05.30-14.33.28:163][141]LogShaderCompilers: Display: Started 5 'Local' shader compile jobs with 'Normal' priority
[2025.05.30-14.33.28:366][141]LogShaderCompilers: Display: Worker (5/21): shaders left to compile 79
[2025.05.30-14.33.28:366][141]LogShaderCompilers: Display: Started 4 'Local' shader compile jobs with 'Normal' priority
[2025.05.30-14.33.29:576][141]LogShaderCompilers: Display: Worker (12/21): shaders left to compile 75
[2025.05.30-14.33.29:576][141]LogShaderCompilers: Display: Started 4 'Local' shader compile jobs with 'Normal' priority
[2025.05.30-14.33.29:981][141]LogShaderCompilers: Display: Worker (1/21): shaders left to compile 71
[2025.05.30-14.33.29:981][141]LogShaderCompilers: Display: Started 4 'Local' shader compile jobs with 'Normal' priority
[2025.05.30-14.33.33:422][141]LogShaderCompilers: Display: Worker (14/21): shaders left to compile 67
[2025.05.30-14.33.33:422][141]LogShaderCompilers: Display: Started 4 'Local' shader compile jobs with 'Normal' priority
[2025.05.30-14.33.36:260][141]LogShaderCompilers: Display: Worker (10/21): shaders left to compile 63
[2025.05.30-14.33.36:260][141]LogShaderCompilers: Display: Started 4 'Local' shader compile jobs with 'Normal' priority
[2025.05.30-14.33.36:260][141]LogShaderCompilers: Display: Worker (1/21): shaders left to compile 59
[2025.05.30-14.33.36:260][141]LogShaderCompilers: Display: Started 3 'Local' shader compile jobs with 'Normal' priority
[2025.05.30-14.33.36:868][141]LogShaderCompilers: Display: Worker (20/21): shaders left to compile 56
[2025.05.30-14.33.36:868][141]LogShaderCompilers: Display: Started 3 'Local' shader compile jobs with 'Normal' priority
[2025.05.30-14.33.38:285][141]LogShaderCompilers: Display: Worker (17/21): shaders left to compile 53
[2025.05.30-14.33.38:285][141]LogShaderCompilers: Display: Started 3 'Local' shader compile jobs with 'Normal' priority
[2025.05.30-14.33.38:488][141]LogShaderCompilers: Display: Worker (16/21): shaders left to compile 50
[2025.05.30-14.33.38:488][141]LogShaderCompilers: Display: Started 3 'Local' shader compile jobs with 'Normal' priority
[2025.05.30-14.33.39:095][141]LogShaderCompilers: Display: Worker (9/21): shaders left to compile 47
[2025.05.30-14.33.39:095][141]LogShaderCompilers: Display: Started 3 'Local' shader compile jobs with 'Normal' priority
[2025.05.30-14.33.39:704][141]LogShaderCompilers: Display: Worker (7/21): shaders left to compile 44
[2025.05.30-14.33.39:704][141]LogShaderCompilers: Display: Started 3 'Local' shader compile jobs with 'Normal' priority
[2025.05.30-14.33.41:320][141]LogShaderCompilers: Display: Worker (2/21): shaders left to compile 41
[2025.05.30-14.33.41:320][141]LogShaderCompilers: Display: Started 3 'Local' shader compile jobs with 'Normal' priority
[2025.05.30-14.33.41:523][141]LogShaderCompilers: Display: Worker (4/21): shaders left to compile 38
[2025.05.30-14.33.41:523][141]LogShaderCompilers: Display: Started 2 'Local' shader compile jobs with 'Normal' priority
[2025.05.30-14.33.41:726][141]LogShaderCompilers: Display: Worker (11/21): shaders left to compile 36
[2025.05.30-14.33.41:726][141]LogShaderCompilers: Display: Started 2 'Local' shader compile jobs with 'Normal' priority
[2025.05.30-14.33.42:334][141]LogShaderCompilers: Display: Worker (5/21): shaders left to compile 34
[2025.05.30-14.33.42:334][141]LogShaderCompilers: Display: Started 2 'Local' shader compile jobs with 'Normal' priority
[2025.05.30-14.33.42:334][141]LogShaderCompilers: Display: Worker (14/21): shaders left to compile 32
[2025.05.30-14.33.42:334][141]LogShaderCompilers: Display: Started 2 'Local' shader compile jobs with 'Normal' priority
[2025.05.30-14.33.42:942][141]LogShaderCompilers: Display: Worker (12/21): shaders left to compile 30
[2025.05.30-14.33.42:942][141]LogShaderCompilers: Display: Started 2 'Local' shader compile jobs with 'Normal' priority
[2025.05.30-14.33.43:552][141]LogShaderCompilers: Display: Worker (16/21): shaders left to compile 28
[2025.05.30-14.33.43:552][141]LogShaderCompilers: Display: Started 2 'Local' shader compile jobs with 'Normal' priority
[2025.05.30-14.33.44:364][141]LogShaderCompilers: Display: Worker (18/21): shaders left to compile 26
[2025.05.30-14.33.44:364][141]LogShaderCompilers: Display: Started 2 'Local' shader compile jobs with 'Normal' priority
[2025.05.30-14.33.44:566][141]LogShaderCompilers: Display: Worker (9/21): shaders left to compile 24
[2025.05.30-14.33.44:566][141]LogShaderCompilers: Display: Started 2 'Local' shader compile jobs with 'Normal' priority
[2025.05.30-14.33.44:971][141]LogShaderCompilers: Display: Worker (7/21): shaders left to compile 22
[2025.05.30-14.33.44:971][141]LogShaderCompilers: Display: Started 2 'Local' shader compile jobs with 'Normal' priority
[2025.05.30-14.33.45:376][141]LogShaderCompilers: Display: Worker (19/21): shaders left to compile 20
[2025.05.30-14.33.45:376][141]LogShaderCompilers: Display: Started 2 'Local' shader compile jobs with 'Normal' priority
[2025.05.30-14.33.45:579][141]LogShaderCompilers: Display: Worker (1/21): shaders left to compile 18
[2025.05.30-14.33.45:579][141]LogShaderCompilers: Display: Started 1 'Local' shader compile jobs with 'Normal' priority
[2025.05.30-14.33.45:781][141]LogShaderCompilers: Display: Worker (13/21): shaders left to compile 17
[2025.05.30-14.33.45:781][141]LogShaderCompilers: Display: Started 1 'Local' shader compile jobs with 'Normal' priority
[2025.05.30-14.33.45:983][141]LogShaderCompilers: Display: Worker (10/21): shaders left to compile 16
[2025.05.30-14.33.45:983][141]LogShaderCompilers: Display: Started 1 'Local' shader compile jobs with 'Normal' priority
[2025.05.30-14.33.46:184][141]LogShaderCompilers: Display: Worker (4/21): shaders left to compile 15
[2025.05.30-14.33.46:184][141]LogShaderCompilers: Display: Started 1 'Local' shader compile jobs with 'Normal' priority
[2025.05.30-14.33.46:184][141]LogShaderCompilers: Display: Worker (19/21): shaders left to compile 14
[2025.05.30-14.33.46:184][141]LogShaderCompilers: Display: Started 1 'Local' shader compile jobs with 'Normal' priority
[2025.05.30-14.33.46:385][141]LogShaderCompilers: Display: Worker (13/21): shaders left to compile 13
[2025.05.30-14.33.46:385][141]LogShaderCompilers: Display: Started 1 'Local' shader compile jobs with 'Normal' priority
[2025.05.30-14.33.46:385][141]LogShaderCompilers: Display: Worker (19/21): shaders left to compile 12
[2025.05.30-14.33.46:385][141]LogShaderCompilers: Display: Started 1 'Local' shader compile jobs with 'Normal' priority
[2025.05.30-14.33.46:588][141]LogShaderCompilers: Display: Worker (11/21): shaders left to compile 11
[2025.05.30-14.33.46:588][141]LogShaderCompilers: Display: Started 1 'Local' shader compile jobs with 'Normal' priority
[2025.05.30-14.33.46:994][141]LogShaderCompilers: Display: Worker (19/21): shaders left to compile 10
[2025.05.30-14.33.46:994][141]LogShaderCompilers: Display: Started 1 'Local' shader compile jobs with 'Normal' priority
[2025.05.30-14.33.47:603][141]LogShaderCompilers: Display: Worker (3/21): shaders left to compile 9
[2025.05.30-14.33.47:603][141]LogShaderCompilers: Display: Started 1 'Local' shader compile jobs with 'Normal' priority
[2025.05.30-14.33.47:603][141]LogShaderCompilers: Display: Worker (17/21): shaders left to compile 8
[2025.05.30-14.33.47:603][141]LogShaderCompilers: Display: Started 1 'Local' shader compile jobs with 'Normal' priority
[2025.05.30-14.33.47:603][141]LogShaderCompilers: Display: Worker (12/21): shaders left to compile 7
[2025.05.30-14.33.47:603][141]LogShaderCompilers: Display: Started 1 'Local' shader compile jobs with 'Normal' priority
[2025.05.30-14.33.47:805][141]LogShaderCompilers: Display: Worker (8/21): shaders left to compile 6
[2025.05.30-14.33.47:805][141]LogShaderCompilers: Display: Started 1 'Local' shader compile jobs with 'Normal' priority
[2025.05.30-14.33.48:007][141]LogShaderCompilers: Display: Worker (16/21): shaders left to compile 5
[2025.05.30-14.33.48:007][141]LogShaderCompilers: Display: Started 1 'Local' shader compile jobs with 'Normal' priority
[2025.05.30-14.33.48:208][141]LogShaderCompilers: Display: Worker (12/21): shaders left to compile 4
[2025.05.30-14.33.48:208][141]LogShaderCompilers: Display: Started 1 'Local' shader compile jobs with 'Normal' priority
[2025.05.30-14.33.48:411][141]LogShaderCompilers: Display: Worker (15/21): shaders left to compile 3
[2025.05.30-14.33.48:411][141]LogShaderCompilers: Display: Started 1 'Local' shader compile jobs with 'Normal' priority
[2025.05.30-14.33.48:411][141]LogShaderCompilers: Display: Worker (6/21): shaders left to compile 2
[2025.05.30-14.33.48:411][141]LogShaderCompilers: Display: Started 1 'Local' shader compile jobs with 'Normal' priority
[2025.05.30-14.33.48:411][141]LogShaderCompilers: Display: Worker (12/21): shaders left to compile 1
[2025.05.30-14.33.48:411][141]LogShaderCompilers: Display: Started 1 'Local' shader compile jobs with 'Normal' priority
[2025.05.30-14.33.51:851][141]LogShaderCompilers: Display: === FShaderJobCache stats ===
[2025.05.30-14.33.51:851][141]LogShaderCompilers: Display: Total job queries 880, among them cache hits 149 (16.93%)
[2025.05.30-14.33.51:851][141]LogShaderCompilers: Display: Tracking 729 distinct input hashes that result in 112 distinct outputs (15.36%)
[2025.05.30-14.33.51:851][141]LogShaderCompilers: Display: RAM used: 2.09 MB (0.00 GB) of 1638.40 MB (1.60 GB) budget. Usage: 0.13%
[2025.05.30-14.33.51:851][141]LogShaderCompilers: Display: ================================================
[2025.05.30-14.33.52:053][141]LogTexture: Display: Building textures: NewReflectionComponentTextureEB9CBE3C423008B5E8E130901E171C89 (BGRA8, 128X128)
[2025.05.30-14.33.52:081][142]Cmd: MAP CHECK NOTIFYRESULTS
[2025.05.30-14.33.52:081][142]MapCheck: New page: VRTemplateMap - 30 мая 2025 г., 20:33:52
[2025.05.30-14.33.52:081][142]MapCheck: Warning: Color_Sensor_TCS_126 Static mesh actor has NULL StaticMesh property 
[2025.05.30-14.33.52:081][142]MapCheck: Map check complete: 0 Error(s), 1 Warning(s), took 0,432ms to complete.
[2025.05.30-14.33.53:768][147]MaterialEditorStats: Base pass shader: 798 instructions
[2025.05.30-14.33.53:768][147]MaterialEditorStats: Base pass shader with Surface Lightmap: 820 instructions
[2025.05.30-14.33.53:768][147]MaterialEditorStats: Base pass shader with Volumetric Lightmap: 865 instructions
[2025.05.30-14.33.53:768][147]MaterialEditorStats: Base pass vertex shader: 271 instructions
[2025.05.30-14.33.53:768][147]MaterialEditorStats: Texture samplers: 8/16
[2025.05.30-14.33.53:768][147]MaterialEditorStats: Texture Lookups (Est.): VS(0), PS(3)
[2025.05.30-14.33.53:768][147]MaterialEditorStats: User interpolators: 2/4 Scalars (1/4 Vectors) (TexCoords: 2, Custom: 0)
[2025.05.30-14.34.24:442][830]LogSlate: Window 'Message Log' being destroyed
[2025.05.30-14.34.24:453][830]LogSlate: Window 'Message Log' being destroyed
[2025.05.30-14.35.05:894][311]LogMaterial: Display: Missing cached shadermap for pico1_Mat in PCD3D_SM5, Default, SM5 (DDC key hash: 8E69B0A8012A5E1AE2F6231198AA8B4F5B5CFA12), compiling. 
[2025.05.30-14.35.05:896][311]LogMaterial: Display: Missing cached shadermap for FMatExpressionPreview MaterialExpressionTextureSample_2 in PCD3D_SM5, Default, SM5 (DDC key hash: AED24925FACF1D831C0AFCF0BDF714F7A7A109F4), compiling. 
[2025.05.30-14.35.05:901][311]MaterialEditorStats: Texture samplers: 0/16
[2025.05.30-14.35.05:901][311]MaterialEditorStats: Texture Lookups (Est.): VS(0), PS(3)
[2025.05.30-14.35.05:901][311]MaterialEditorStats: User interpolators: 2/4 Scalars (1/4 Vectors) (TexCoords: 2, Custom: 0)
[2025.05.30-14.35.05:907][312]LogShaderCompilers: Display: Submitted 2 shader compile jobs with 'ForceLocal' priority
[2025.05.30-14.35.05:913][313]LogShaderCompilers: Display: Worker (1/21): shaders left to compile 2
[2025.05.30-14.35.05:913][313]LogShaderCompilers: Display: Worker (2/21): shaders left to compile 1
[2025.05.30-14.35.05:913][313]LogShaderCompilers: Display: Started 2 'Local' shader compile jobs with 'ForceLocal' priority
[2025.05.30-14.35.05:917][313]LogShaderCompilers: Display: Submitted 10 shader compile jobs with 'Normal' priority
[2025.05.30-14.35.05:947][315]LogShaderCompilers: Display: Worker (3/21): shaders left to compile 10
[2025.05.30-14.35.05:947][315]LogShaderCompilers: Display: Worker (4/21): shaders left to compile 9
[2025.05.30-14.35.05:947][315]LogShaderCompilers: Display: Worker (5/21): shaders left to compile 8
[2025.05.30-14.35.05:947][315]LogShaderCompilers: Display: Worker (6/21): shaders left to compile 7
[2025.05.30-14.35.05:947][315]LogShaderCompilers: Display: Worker (7/21): shaders left to compile 6
[2025.05.30-14.35.05:947][315]LogShaderCompilers: Display: Worker (8/21): shaders left to compile 5
[2025.05.30-14.35.05:947][315]LogShaderCompilers: Display: Worker (9/21): shaders left to compile 4
[2025.05.30-14.35.05:947][315]LogShaderCompilers: Display: Worker (10/21): shaders left to compile 3
[2025.05.30-14.35.05:947][315]LogShaderCompilers: Display: Worker (11/21): shaders left to compile 2
[2025.05.30-14.35.05:947][315]LogShaderCompilers: Display: Worker (12/21): shaders left to compile 1
[2025.05.30-14.35.05:947][315]LogShaderCompilers: Display: Started 10 'Local' shader compile jobs with 'Normal' priority
[2025.05.30-14.35.06:330][336]MaterialEditorStats: Texture samplers: 2/16
[2025.05.30-14.35.06:330][336]MaterialEditorStats: Texture Lookups (Est.): VS(0), PS(3)
[2025.05.30-14.35.06:330][336]MaterialEditorStats: User interpolators: 2/4 Scalars (1/4 Vectors) (TexCoords: 2, Custom: 0)
[2025.05.30-14.35.08:207][446]MaterialEditorStats: Texture samplers: 7/16
[2025.05.30-14.35.08:207][446]MaterialEditorStats: Texture Lookups (Est.): VS(0), PS(3)
[2025.05.30-14.35.08:207][446]MaterialEditorStats: User interpolators: 2/4 Scalars (1/4 Vectors) (TexCoords: 2, Custom: 0)
[2025.05.30-14.35.08:490][463]MaterialEditorStats: Base pass shader: 798 instructions
[2025.05.30-14.35.08:490][463]MaterialEditorStats: Base pass shader with Surface Lightmap: 820 instructions
[2025.05.30-14.35.08:490][463]MaterialEditorStats: Base pass shader with Volumetric Lightmap: 865 instructions
[2025.05.30-14.35.08:490][463]MaterialEditorStats: Base pass vertex shader: 271 instructions
[2025.05.30-14.35.08:490][463]MaterialEditorStats: Texture samplers: 8/16
[2025.05.30-14.35.08:490][463]MaterialEditorStats: Texture Lookups (Est.): VS(0), PS(3)
[2025.05.30-14.35.08:490][463]MaterialEditorStats: User interpolators: 2/4 Scalars (1/4 Vectors) (TexCoords: 2, Custom: 0)
[2025.05.30-14.35.19:834][140]LogMaterialEditor: Saving and Compiling material pico1_Mat
[2025.05.30-14.35.20:045][140]LogMaterial: Display: Missing cached shadermap for pico1_Mat in PCD3D_SM5, Default, SM5 (DDC key hash: 10FFCD620896DF7440219B68981B7C0BE8DC344E), compiling. 
[2025.05.30-14.35.20:062][140]LogMaterial: Display: Missing cached shadermap for pico1_Mat in PCD3D_SM5, Default, SM5 (DDC key hash: 6329B0C6806E47196D1471BE9E442FE51985C1A1), compiling. 
[2025.05.30-14.35.20:068][140]LogShaderCompilers: Display: Submitted 1 shader compile jobs with 'ForceLocal' priority
[2025.05.30-14.35.20:074][140]LogShaderCompilers: Display: Worker (1/21): shaders left to compile 1
[2025.05.30-14.35.20:074][140]LogShaderCompilers: Display: Started 1 'Local' shader compile jobs with 'ForceLocal' priority
[2025.05.30-14.35.20:100][140]LogShaderCompilers: Display: Worker (2/21): shaders left to compile 2
[2025.05.30-14.35.20:100][140]LogShaderCompilers: Display: Submitted 12 shader compile jobs with 'Normal' priority
[2025.05.30-14.35.20:100][140]LogShaderCompilers: Display: Worker (3/21): shaders left to compile 11
[2025.05.30-14.35.20:100][140]LogShaderCompilers: Display: Worker (4/21): shaders left to compile 10
[2025.05.30-14.35.20:100][140]LogShaderCompilers: Display: Worker (5/21): shaders left to compile 9
[2025.05.30-14.35.20:100][140]LogShaderCompilers: Display: Worker (6/21): shaders left to compile 8
[2025.05.30-14.35.20:100][140]LogShaderCompilers: Display: Worker (7/21): shaders left to compile 7
[2025.05.30-14.35.20:100][140]LogShaderCompilers: Display: Worker (8/21): shaders left to compile 6
[2025.05.30-14.35.20:100][140]LogShaderCompilers: Display: Worker (9/21): shaders left to compile 5
[2025.05.30-14.35.20:100][140]LogShaderCompilers: Display: Worker (10/21): shaders left to compile 4
[2025.05.30-14.35.20:100][140]LogShaderCompilers: Display: Worker (11/21): shaders left to compile 3
[2025.05.30-14.35.20:100][140]LogShaderCompilers: Display: Worker (12/21): shaders left to compile 2
[2025.05.30-14.35.20:100][140]LogShaderCompilers: Display: Worker (13/21): shaders left to compile 1
[2025.05.30-14.35.20:100][140]LogShaderCompilers: Display: Started 12 'Local' shader compile jobs with 'Normal' priority
[2025.05.30-14.35.20:108][140]LogUObjectHash: Compacting FUObjectHashTables data took   0.59ms
[2025.05.30-14.35.20:471][140]LogUObjectHash: Compacting FUObjectHashTables data took   0.37ms
[2025.05.30-14.35.21:880][140]LogSavePackage: Moving '../../../../../../Users/misha/YandexDisk/МИФИ/VR_tms/FinalProject/EngiPracrice/Saved/pico1_Mat2C4F14CB4A7B7357FEF5EA9A8C1775BA.tmp' to '../../../../../../Users/misha/YandexDisk/МИФИ/VR_tms/FinalProject/EngiPracrice/Content/MyMehes/Electronics/pico1_Mat.uasset'
[2025.05.30-14.35.21:891][140]AssetCheck: New page: Asset Save: pico1_Mat
[2025.05.30-14.35.21:891][140]LogContentValidation: Display: Validating Material /Game/MyMehes/Electronics/pico1_Mat.pico1_Mat
[2025.05.30-14.35.23:246][216]LogUObjectHash: Compacting FUObjectHashTables data took   0.20ms
[2025.05.30-14.35.23:265][216]LogSavePackage: Moving '../../../../../../Users/misha/YandexDisk/МИФИ/VR_tms/FinalProject/EngiPracrice/Saved/VRTemplateMapD0240299413A6A27C6077A815CAA1046.tmp' to '../../../../../../Users/misha/YandexDisk/МИФИ/VR_tms/FinalProject/EngiPracrice/Content/VRTemplate/Maps/VRTemplateMap.umap'
[2025.05.30-14.35.23:334][216]LogSavePackage: Moving '../../../../../../Users/misha/YandexDisk/МИФИ/VR_tms/FinalProject/EngiPracrice/Saved/VRTemplateMap_BuiltData42E52A034930DE0FF3CC359192A0996E.tmp' to '../../../../../../Users/misha/YandexDisk/МИФИ/VR_tms/FinalProject/EngiPracrice/Content/VRTemplate/Maps/VRTemplateMap_BuiltData.uasset'
[2025.05.30-14.35.23:346][216]AssetCheck: New page: Asset Save: multiple assets
[2025.05.30-14.35.23:346][216]LogContentValidation: Display: Validating MapBuildDataRegistry /Game/VRTemplate/Maps/VRTemplateMap_BuiltData.VRTemplateMap_BuiltData
[2025.05.30-14.35.23:346][216]LogContentValidation: Display: Validating World /Game/VRTemplate/Maps/VRTemplateMap.VRTemplateMap
[2025.05.30-14.35.24:425][281]MapCheck: New page: Map Check
[2025.05.30-14.35.24:448][281]Cmd: MAP REBUILD ALLVISIBLE
[2025.05.30-14.35.24:448][281]LogEditorServer: Rebuildmap Clear paths rebuilt
[2025.05.30-14.35.24:524][281]LogWorld: UWorld::CleanupWorld for VRTemplateMap, bSessionEnded=true, bCleanupResources=false
[2025.05.30-14.35.24:538][281]LogNavigationDataBuild: Display: UNavigationSystemV1::Build started...
[2025.05.30-14.35.24:538][281]LogNavigationDataBuild: Display:    Building navigation data using PHYSICS_INTERFACE_PHYSX.
[2025.05.30-14.35.24:538][281]LogNavigationDataBuild: Display:    Building navigation data using WITH_PHYSX.
[2025.05.30-14.35.24:539][281]LogNavigationDataBuild: Display:    Building NavData:  Name Default class /Script/NavigationSystem.RecastNavMesh agent radius 35.0.
[2025.05.30-14.35.24:558][281]LogNavigationDataBuild: Display: UNavigationSystemV1::Build total execution time: 0.02s
[2025.05.30-14.35.24:568][281]LogUObjectHash: Compacting FUObjectHashTables data took   0.69ms
[2025.05.30-14.35.24:606][281]LogLevel: Display: Export Material TexCoord Scales took 0.037 seconds.
[2025.05.30-14.35.24:608][281]TextureStreamingBuild: Display: Build Texture Streaming took 0.002 seconds.
[2025.05.30-14.35.24:612][281]LogUObjectHash: Compacting FUObjectHashTables data took   0.21ms
[2025.05.30-14.35.24:613][281]LightingResults: New page: Lighting Build - 30 мая 2025 г., 20:35:24
[2025.05.30-14.35.24:616][281]LogSwarmInterface: [OpenConnection] Registering TCP channel ...
[2025.05.30-14.35.24:621][281]LogSwarmInterface: [OpenConnection] Connecting to agent ...
[2025.05.30-14.35.24:621][281]LogSwarmInterface: [TryOpenConnection] Testing the Agent
[2025.05.30-14.35.24:622][281]LogSwarmInterface: [TryOpenConnection] Opening Connection to Agent
[2025.05.30-14.35.24:622][281]LogSwarmInterface: [TryOpenConnection] Local Process ID is 22316
[2025.05.30-14.35.30:077][281]LogStaticLightingSystem: Running Lightmass w/ ImmediateImport mode ENABLED
[2025.05.30-14.35.30:077][281]LogStaticLightingSystem: Running Lightmass w/ ImmediateProcess mode ENABLED
[2025.05.30-14.35.30:077][281]LogStaticLightingSystem: Running Lightmass w/ Sorting mode ENABLED
[2025.05.30-14.35.30:077][281]LogStaticLightingSystem: Running Lightmass w/ Mapping paddings ENABLED
[2025.05.30-14.35.30:077][281]LogStaticLightingSystem: Running Lightmass w/ Mapping debug paddings DISABLED
[2025.05.30-14.35.30:247][281]Cmd: MAP CHECK DONTDISPLAYDIALOG
[2025.05.30-14.35.30:247][281]MapCheck: New page: VRTemplateMap - 30 мая 2025 г., 20:35:30
[2025.05.30-14.35.30:248][281]MapCheck: Warning: Color_Sensor_TCS_126 Static mesh actor has NULL StaticMesh property 
[2025.05.30-14.35.30:248][281]MapCheck: Map check complete: 0 Error(s), 1 Warning(s), took 0,374ms to complete.
[2025.05.30-14.35.30:250][281]LogEditorBuildUtils: Build time 0:05
[2025.05.30-14.35.30:287][281]LogMaterial: Display: Missing cached shadermap for FLightmassMaterialRenderer Material_004 in PCD3D_SM5, Default, SM5 (DDC key hash: 81CA60ED6536F707C528218A6ED9AB50EB522D71), compiling. 
[2025.05.30-14.35.30:291][281]LogMaterial: Display: Missing cached shadermap for FLightmassMaterialRenderer Material_004 in PCD3D_SM5, Default, SM5 (DDC key hash: 4083C6DC218ED5890CAE643696B0A3DEF099AA49), compiling. 
[2025.05.30-14.35.30:293][281]LogMaterial: Display: Missing cached shadermap for FLightmassMaterialRenderer Rojubase in PCD3D_SM5, Default, SM5 (DDC key hash: 9F61A964FC096372287A68F26D373D37C6D7FFD6), compiling. 
[2025.05.30-14.35.30:296][281]LogMaterial: Display: Missing cached shadermap for FLightmassMaterialRenderer Rojubase in PCD3D_SM5, Default, SM5 (DDC key hash: 711AA9E8725F6A8DBFB72B52887CDAF18B901428), compiling. 
[2025.05.30-14.35.30:404][282]LogMaterial: Display: Missing cached shadermap for FLightmassMaterialRenderer Material_001 in PCD3D_SM5, Default, SM5 (DDC key hash: B79767F590A3439B68EEBDA7296F071BDCEE8DD5), compiling. 
[2025.05.30-14.35.30:407][282]LogMaterial: Display: Missing cached shadermap for FLightmassMaterialRenderer Material_001 in PCD3D_SM5, Default, SM5 (DDC key hash: 2DA0BD80EA0F2010A3CE77523C8E6B2A29D9ACD2), compiling. 
[2025.05.30-14.35.30:409][282]LogMaterial: Display: Missing cached shadermap for FLightmassMaterialRenderer Material_002 in PCD3D_SM5, Default, SM5 (DDC key hash: F0DD74435910DC26F89E6160D84081C4BC2280BD), compiling. 
[2025.05.30-14.35.30:411][282]LogMaterial: Display: Missing cached shadermap for FLightmassMaterialRenderer Material_002 in PCD3D_SM5, Default, SM5 (DDC key hash: 45563056219FE0BC06FC1BE5C61C42D145FFE079), compiling. 
[2025.05.30-14.35.30:522][283]LogMaterial: Display: Missing cached shadermap for FLightmassMaterialRenderer _________________006 in PCD3D_SM5, Default, SM5 (DDC key hash: 56ED384569BD1B4F351779E6A8115FF1A62A6BC3), compiling. 
[2025.05.30-14.35.30:525][283]LogMaterial: Display: Missing cached shadermap for FLightmassMaterialRenderer _________________006 in PCD3D_SM5, Default, SM5 (DDC key hash: C2164550511DB78289A82B4F555C251309C99C80), compiling. 
[2025.05.30-14.35.30:527][283]LogMaterial: Display: Missing cached shadermap for FLightmassMaterialRenderer _________________010 in PCD3D_SM5, Default, SM5 (DDC key hash: 5B4E846BA1FA08F08BA9F66C3BE6BF12E019C686), compiling. 
[2025.05.30-14.35.30:530][283]LogMaterial: Display: Missing cached shadermap for FLightmassMaterialRenderer _________________010 in PCD3D_SM5, Default, SM5 (DDC key hash: AFF820F174C65E62230B6CBBA26AE9DEF45F4542), compiling. 
[2025.05.30-14.35.30:619][284]LogMaterial: Display: Missing cached shadermap for FLightmassMaterialRenderer Wood_001 in PCD3D_SM5, Default, SM5 (DDC key hash: A056EED808D9F8126152D1F0F8A19F150B3DDAF4), compiling. 
[2025.05.30-14.35.30:622][284]LogMaterial: Display: Missing cached shadermap for FLightmassMaterialRenderer Wood_001 in PCD3D_SM5, Default, SM5 (DDC key hash: AF1F6C5158A9B63C94EB3D789DABE0C169ACCD4B), compiling. 
[2025.05.30-14.35.30:625][284]LogMaterial: Display: Missing cached shadermap for FLightmassMaterialRenderer BMD_Chrome_0019 in PCD3D_SM5, Default, SM5 (DDC key hash: E6D382305FE8E67086BBA4E28B361E010FF57909), compiling. 
[2025.05.30-14.35.30:627][284]LogMaterial: Display: Missing cached shadermap for FLightmassMaterialRenderer BMD_Chrome_0019 in PCD3D_SM5, Default, SM5 (DDC key hash: D025C3A9CB98544DC41F3141529618F5E0698924), compiling. 
[2025.05.30-14.35.30:658][285]LogMaterial: Display: Missing cached shadermap for FLightmassMaterialRenderer Dark_Gray in PCD3D_SM5, Default, SM5 (DDC key hash: 45196F1FC4EAF499DC77337E0C0B151CABA9CC69), compiling. 
[2025.05.30-14.35.30:660][285]LogMaterial: Display: Missing cached shadermap for FLightmassMaterialRenderer Dark_Gray in PCD3D_SM5, Default, SM5 (DDC key hash: B622E1EBD0C319F8364BEB15E08DD770DD589F70), compiling. 
[2025.05.30-14.35.30:663][285]LogMaterial: Display: Missing cached shadermap for FLightmassMaterialRenderer BMD_BeechWood in PCD3D_SM5, Default, SM5 (DDC key hash: C32C4FD2CE197831A902916E9A446E79DD87437F), compiling. 
[2025.05.30-14.35.30:665][285]LogMaterial: Display: Missing cached shadermap for FLightmassMaterialRenderer BMD_BeechWood in PCD3D_SM5, Default, SM5 (DDC key hash: DE7863E534F2AE2FD6D300E47EE5AA19B5A21A2B), compiling. 
[2025.05.30-14.35.30:668][285]LogMaterial: Display: Missing cached shadermap for FLightmassMaterialRenderer keyboard in PCD3D_SM5, Default, SM5 (DDC key hash: 52C44AC18F54E0A944AB5C87C33EA702A3B0092D), compiling. 
[2025.05.30-14.35.30:670][285]LogMaterial: Display: Missing cached shadermap for FLightmassMaterialRenderer keyboard in PCD3D_SM5, Default, SM5 (DDC key hash: 8886D73DFB330B1FAFDDB60BB01E08A0D118F409), compiling. 
[2025.05.30-14.35.30:702][286]LogMaterial: Display: Missing cached shadermap for FLightmassMaterialRenderer case in PCD3D_SM5, Default, SM5 (DDC key hash: 8DDF54AFCB3F9672FCF583AD61D8CCBB26193984), compiling. 
[2025.05.30-14.35.30:705][286]LogMaterial: Display: Missing cached shadermap for FLightmassMaterialRenderer case in PCD3D_SM5, Default, SM5 (DDC key hash: 8936575873D9EDFDE2B7BA5A23B21555907A33C8), compiling. 
[2025.05.30-14.35.30:707][286]LogMaterial: Display: Missing cached shadermap for FLightmassMaterialRenderer touchpad in PCD3D_SM5, Default, SM5 (DDC key hash: 951D37C3EE3AC0816C46D2E5E49853C34A48A0EB), compiling. 
[2025.05.30-14.35.30:709][286]LogMaterial: Display: Missing cached shadermap for FLightmassMaterialRenderer touchpad in PCD3D_SM5, Default, SM5 (DDC key hash: DED1CB7F1EB96C671C441811C1E1AE7659D27657), compiling. 
[2025.05.30-14.35.30:723][287]LogMaterial: Display: Missing cached shadermap for FLightmassMaterialRenderer holes in PCD3D_SM5, Default, SM5 (DDC key hash: 5785F6AA909767B5A9042A64651CC71D08A21572), compiling. 
[2025.05.30-14.35.30:725][287]LogMaterial: Display: Missing cached shadermap for FLightmassMaterialRenderer holes in PCD3D_SM5, Default, SM5 (DDC key hash: 749EA5F17E5C90EF8D54A0312AA994F39F704196), compiling. 
[2025.05.30-14.35.30:728][287]LogMaterial: Display: Missing cached shadermap for FLightmassMaterialRenderer ports in PCD3D_SM5, Default, SM5 (DDC key hash: 9F78C96B416DCF9640469034DC0D5E27BEFC1EBE), compiling. 
[2025.05.30-14.35.30:730][287]LogMaterial: Display: Missing cached shadermap for FLightmassMaterialRenderer ports in PCD3D_SM5, Default, SM5 (DDC key hash: A698D836233E07BE40F598B319D89C18F3EE16EE), compiling. 
[2025.05.30-14.35.30:733][287]LogMaterial: Display: Missing cached shadermap for FLightmassMaterialRenderer ethernet_port in PCD3D_SM5, Default, SM5 (DDC key hash: 467FE278C368C451D354FFD0C0D5963035045751), compiling. 
[2025.05.30-14.35.30:735][287]LogMaterial: Display: Missing cached shadermap for FLightmassMaterialRenderer ethernet_port in PCD3D_SM5, Default, SM5 (DDC key hash: 75E32A8A7B1449A0AA3BAA595F67736EE5D34D78), compiling. 
[2025.05.30-14.35.30:750][288]LogMaterial: Display: Missing cached shadermap for FLightmassMaterialRenderer display in PCD3D_SM5, Default, SM5 (DDC key hash: 57824021D76103A97543EA04529E8D9ED0A4FB70), compiling. 
[2025.05.30-14.35.30:752][288]LogMaterial: Display: Missing cached shadermap for FLightmassMaterialRenderer display in PCD3D_SM5, Default, SM5 (DDC key hash: 1864B3B026070533267A822F52C00B53225C2D24), compiling. 
[2025.05.30-14.35.30:755][288]LogMaterial: Display: Missing cached shadermap for FLightmassMaterialRenderer bezel in PCD3D_SM5, Default, SM5 (DDC key hash: 5699642A97CCDC4EBE631AAE42BF332AB77BD287), compiling. 
[2025.05.30-14.35.30:757][288]LogMaterial: Display: Missing cached shadermap for FLightmassMaterialRenderer bezel in PCD3D_SM5, Default, SM5 (DDC key hash: FECB3C89E91E6D758C6D10CE8618649EDFC7DDEB), compiling. 
[2025.05.30-14.35.30:784][289]LogMaterial: Display: Missing cached shadermap for FLightmassMaterialRenderer Pico_Metall in PCD3D_SM5, Default, SM5 (DDC key hash: E683D5823A736FB27DC963AAB8DCEE3AF3588B9B), compiling. 
[2025.05.30-14.35.30:786][289]LogMaterial: Display: Missing cached shadermap for FLightmassMaterialRenderer Pico_Metall in PCD3D_SM5, Default, SM5 (DDC key hash: 5EB746AA80376EAEA1827C61C36A6510193C4480), compiling. 
[2025.05.30-14.35.30:789][289]LogMaterial: Display: Missing cached shadermap for FLightmassMaterialRenderer pico1_Mat in PCD3D_SM5, Default, SM5 (DDC key hash: 156015056FD0DEBAD3C3D5C51B0301061B78D6AB), compiling. 
[2025.05.30-14.35.30:792][289]LogShaderCompilers: Display: Submitted 2 shader compile jobs with 'Low' priority
[2025.05.30-14.35.30:792][289]LogMaterial: Display: Missing cached shadermap for FLightmassMaterialRenderer pico1_Mat in PCD3D_SM5, Default, SM5 (DDC key hash: 2F710695DD4A951F7906105B8562F10C05AB31AD), compiling. 
[2025.05.30-14.35.30:802][290]LogShaderCompilers: Display: Worker (1/21): shaders left to compile 2
[2025.05.30-14.35.30:802][290]LogShaderCompilers: Display: Worker (2/21): shaders left to compile 1
[2025.05.30-14.35.30:802][290]LogShaderCompilers: Display: Started 2 'Local' shader compile jobs with 'Low' priority
[2025.05.30-14.35.30:804][290]LogMaterial: Display: Missing cached shadermap for FLightmassMaterialRenderer Pico_Texture in PCD3D_SM5, Default, SM5 (DDC key hash: 2043DBB5A9EAD6AD92A86B852F1619C07BADE9A4), compiling. 
[2025.05.30-14.35.30:806][290]LogMaterial: Display: Missing cached shadermap for FLightmassMaterialRenderer Pico_Texture in PCD3D_SM5, Default, SM5 (DDC key hash: 4476C2CC0C693986EFD69B376A5DC4CAF05C206A), compiling. 
[2025.05.30-14.35.30:810][290]LogMaterial: Display: Missing cached shadermap for FLightmassMaterialRenderer Pico_Green in PCD3D_SM5, Default, SM5 (DDC key hash: E7E21BA40B876BD23500F75BF27B7B0954D7E399), compiling. 
[2025.05.30-14.35.30:813][290]LogMaterial: Display: Missing cached shadermap for FLightmassMaterialRenderer Pico_Green in PCD3D_SM5, Default, SM5 (DDC key hash: 5480638AAB5ABB3E7399A17108ACD198F5BB0A82), compiling. 
[2025.05.30-14.35.30:826][291]LogMaterial: Display: Missing cached shadermap for FLightmassMaterialRenderer Pico_bot in PCD3D_SM5, Default, SM5 (DDC key hash: 8EBF8842FB7E451D5DD48C28EFFD89FAD199BEFD), compiling. 
[2025.05.30-14.35.30:828][291]LogMaterial: Display: Missing cached shadermap for FLightmassMaterialRenderer Pico_bot in PCD3D_SM5, Default, SM5 (DDC key hash: 0FD1A80FA3726BAF726DF8EEF39FDB70BAB81BC1), compiling. 
[2025.05.30-14.35.31:693][321]LogUObjectHash: Compacting FUObjectHashTables data took   1.07ms
[2025.05.30-14.35.33:806][432]LightingResults: Warning: Laptop Object has overlapping UVs.
[2025.05.30-14.35.33:806][432]LightingResults: Laptop Lightmap UV are overlapping by 15.2%. Please adjust content - Enable Error Coloring to visualize.
[2025.05.30-14.35.34:115][449]LightingResults: Warning: Workbench Object has overlapping UVs.
[2025.05.30-14.35.34:115][449]LightingResults: Workbench Lightmap UV are overlapping by 8.9%. Please adjust content - Enable Error Coloring to visualize.
[2025.05.30-14.35.34:136][450]LightingResults: Warning: Workbench Object has overlapping UVs.
[2025.05.30-14.35.34:136][450]LightingResults: Workbench Lightmap UV are overlapping by 8.9%. Please adjust content - Enable Error Coloring to visualize.
[2025.05.30-14.35.35:119][507]Job is a success!
[2025.05.30-14.35.35:396][508]LogVolumetricLightmapImport: Imported Volumetric Lightmap in 0.176s
[2025.05.30-14.35.35:396][508]LogVolumetricLightmapImport:      Indirection Texture 16x16x16 = 0.0Mb
[2025.05.30-14.35.35:396][508]LogVolumetricLightmapImport:      BrickData (all levels) 0.0Mb
[2025.05.30-14.35.35:396][508]LogVolumetricLightmapImport:      Bricks at depth
[2025.05.30-14.35.35:396][508]LogVolumetricLightmapImport:          0: 12.5% covering 100.0% of volume
[2025.05.30-14.35.35:396][508]LogVolumetricLightmapImport:          1: 12.5% covering 1.6% of volume
[2025.05.30-14.35.35:396][508]LogVolumetricLightmapImport:          2: 75.0% covering 0.1% of volume
[2025.05.30-14.35.35:396][508]LogVolumetricLightmapImport:      Bricks in each level
[2025.05.30-14.35.35:396][508]LogVolumetricLightmapImport:          VRTemplateMap 			 8 bricks 	 100.0% (Persistent Level)
[2025.05.30-14.35.35:706][508]LogTexture: Display: Building textures: HQ_Lightmap0_1 (OODLE_AutoDXT, 1024X1024)
[2025.05.30-14.35.35:706][508]LogTexture: Display: Building textures: LQ_Lightmap_0_1 (OODLE_DXT1, 1024X1024)
[2025.05.30-14.35.35:706][508]LogTexture: Display: Building textures: HQ_Lightmap0_2 (OODLE_AutoDXT, 1024X1024)
[2025.05.30-14.35.35:706][508]LogTexture: Display: Building textures: LQ_Lightmap_0_2 (OODLE_DXT1, 1024X1024)
[2025.05.30-14.35.35:706][508]LogTextureFormatOodle: Display: non-RDO encode 1024 x 1024 x 1 to format OODLE_AutoDXT (Oodle OodleTex_BC3) lambda=0 effort=20 
[2025.05.30-14.35.35:706][508]LogTextureFormatOodle: Display: non-RDO encode 1024 x 1024 x 1 to format OODLE_AutoDXT (Oodle OodleTex_BC3) lambda=0 effort=20 
[2025.05.30-14.35.35:706][508]LogTexture: Display: Building textures: HQ_Lightmap0_3 (OODLE_AutoDXT, 1024X1024)
[2025.05.30-14.35.35:706][508]LogTexture: Display: Building textures: LQ_Lightmap_0_3 (OODLE_DXT1, 1024X1024)
[2025.05.30-14.35.35:706][508]LogTextureFormatOodle: Display: non-RDO encode 1024 x 1024 x 1 to format OODLE_DXT1 (Oodle OodleTex_BC1_WithTransparency) lambda=0 effort=20 
[2025.05.30-14.35.35:706][508]LogTexture: Display: Building textures: HQ_Lightmap1_4 (OODLE_AutoDXT, 1024X1024)
[2025.05.30-14.35.35:706][508]LogTextureFormatOodle: Display: non-RDO encode 1024 x 1024 x 1 to format OODLE_AutoDXT (Oodle OodleTex_BC3) lambda=0 effort=20 
[2025.05.30-14.35.35:706][508]LogTextureFormatOodle: Display: non-RDO encode 1024 x 1024 x 1 to format OODLE_DXT1 (Oodle OodleTex_BC1_WithTransparency) lambda=0 effort=20 
[2025.05.30-14.35.35:706][508]LogTextureFormatOodle: Display: non-RDO encode 1024 x 1024 x 1 to format OODLE_DXT1 (Oodle OodleTex_BC1_WithTransparency) lambda=0 effort=20 
[2025.05.30-14.35.35:706][508]LogTextureFormatOodle: Display: non-RDO encode 1024 x 1024 x 1 to format OODLE_AutoDXT (Oodle OodleTex_BC3) lambda=0 effort=20 
[2025.05.30-14.35.35:706][508]LogTexture: Display: Building textures: LQ_Lightmap_1_4 (OODLE_DXT1, 1024X1024)
[2025.05.30-14.35.35:706][508]LogTexture: Display: Building textures: LQ_Lightmap_1_5 (OODLE_DXT1, 1024X1024)
[2025.05.30-14.35.35:706][508]LogTexture: Display: Building textures: HQ_Lightmap1_5 (OODLE_AutoDXT, 1024X1024)
[2025.05.30-14.35.35:706][508]LogTexture: Display: Building textures: HQ_Lightmap1_6 (OODLE_AutoDXT, 64X64)
[2025.05.30-14.35.35:706][508]LogTexture: Display: Building textures: LQ_Lightmap_1_6 (OODLE_DXT1, 64X64)
[2025.05.30-14.35.35:706][508]LogTextureFormatOodle: Display: non-RDO encode 1024 x 1024 x 1 to format OODLE_DXT1 (Oodle OodleTex_BC1_WithTransparency) lambda=0 effort=20 
[2025.05.30-14.35.35:706][508]LogTextureFormatOodle: Display: non-RDO encode 1024 x 1024 x 1 to format OODLE_AutoDXT (Oodle OodleTex_BC3) lambda=0 effort=20 
[2025.05.30-14.35.35:706][508]LogTextureFormatOodle: Display: non-RDO encode 1024 x 1024 x 1 to format OODLE_DXT1 (Oodle OodleTex_BC1_WithTransparency) lambda=0 effort=20 
[2025.05.30-14.35.35:706][508]LogTexture: Display: Building textures: ShadowMapTexture2D_2 (G8, 1024X1024)
[2025.05.30-14.35.35:706][508]LogTexture: Display: Building textures: ShadowMapTexture2D_3 (G8, 1024X1024)
[2025.05.30-14.35.35:722][508]LogStaticLightingSystem: VRTemplateMap_BuiltData storing lightmap data for 19 meshes in 10 LightmapResourceClusters (1.9 Meshes per cluster).
[2025.05.30-14.35.35:731][508]LogUObjectHash: Compacting FUObjectHashTables data took   0.99ms
[2025.05.30-14.35.35:741][508]Lightmass on LEGION_TMS: 2.90 sec total, 162 ms importing, 142 ms setup, 473 ms photons, 2.02 sec processing, 0 ms extra exporting [19/19 mappings]. Threads: 46.4 sec total, 8.92 sec processing.
[2025.05.30-14.35.35:768][508]LogStaticLightingSystem: Illumination: 11.1 sec (77 ms encoding lightmaps, 127 ms encoding shadowmaps)
[2025.05.30-14.35.35:768][508]LogStaticLightingSystem: Lightmap texture memory:  10.0 MB (10.0 MB streaming, 0.0 MB non-streaming), 12 textures
[2025.05.30-14.35.35:768][508]LogStaticLightingSystem: Shadowmap texture memory: 2.7 MB (2.7 MB streaming, 0.0 MB non-streaming), 2 textures
[2025.05.30-14.35.36:088][508]DumpUnbuiltLightIteractions
[2025.05.30-14.35.36:088][508]Lights with unbuilt interactions: 0
[2025.05.30-14.35.36:088][508]
[2025.05.30-14.35.36:088][508]Primitives with unbuilt interactions: 0
[2025.05.30-14.35.36:117][508]LogTexture: Display: Building textures: NewReflectionComponentTextureEB9CBE3C423008B5E8E130901E171C89 (BGRA8, 128X128)
[2025.05.30-14.35.36:136][509]Cmd: MAP CHECK NOTIFYRESULTS
[2025.05.30-14.35.36:136][509]MapCheck: New page: VRTemplateMap - 30 мая 2025 г., 20:35:36
[2025.05.30-14.35.36:136][509]MapCheck: Warning: Color_Sensor_TCS_126 Static mesh actor has NULL StaticMesh property 
[2025.05.30-14.35.36:136][509]MapCheck: Map check complete: 0 Error(s), 1 Warning(s), took 0,349ms to complete.
[2025.05.30-14.35.41:421][816]LogSlate: Window 'Message Log' being destroyed
[2025.05.30-14.35.41:431][816]LogSlate: Window 'Message Log' being destroyed
[2025.05.30-14.36.22:851][294]LogAssetEditorSubsystem: Opening Asset editor for Material /Game/MyMehes/Electronics/Pico_Texture.Pico_Texture
[2025.05.30-14.36.22:852][294]LogMaterial: Display: Missing cached shadermap for Pico_Texture in PCD3D_SM5, Default, SM5 (DDC key hash: 9E063A5B43A34374F18EF05977DC71F6E808996A), compiling. 
[2025.05.30-14.36.22:909][294]LogMaterial: Display: Missing cached shadermap for Pico_Texture in PCD3D_SM5, Default, SM5 (DDC key hash: 29DBD86E15CADF46EA3D1963C0E824B066416A39), compiling. 
[2025.05.30-14.36.22:910][294]LogMaterial: Display: Missing cached shadermap for FMatExpressionPreview MaterialExpressionTextureSample_0 in PCD3D_SM5, Default, SM5 (DDC key hash: 9070563F1F21FCD356D6352BFDEFD4A6D78FA1F2), compiling. 
[2025.05.30-14.36.22:917][294]MaterialEditorStats: Texture samplers: 0/16
[2025.05.30-14.36.22:917][294]MaterialEditorStats: Texture Lookups (Est.): VS(0), PS(1)
[2025.05.30-14.36.22:917][294]MaterialEditorStats: User interpolators: 2/4 Scalars (1/4 Vectors) (TexCoords: 2, Custom: 0)
[2025.05.30-14.36.22:960][295]MaterialEditorStats: Base pass shader: 794 instructions
[2025.05.30-14.36.22:960][295]MaterialEditorStats: Base pass shader with Surface Lightmap: 816 instructions
[2025.05.30-14.36.22:960][295]MaterialEditorStats: Base pass shader with Volumetric Lightmap: 861 instructions
[2025.05.30-14.36.22:960][295]MaterialEditorStats: Base pass vertex shader: 271 instructions
[2025.05.30-14.36.22:960][295]MaterialEditorStats: Texture samplers: 6/16
[2025.05.30-14.36.22:960][295]MaterialEditorStats: Texture Lookups (Est.): VS(0), PS(1)
[2025.05.30-14.36.22:960][295]MaterialEditorStats: User interpolators: 2/4 Scalars (1/4 Vectors) (TexCoords: 2, Custom: 0)
[2025.05.30-14.36.28:254][609]LogMaterial: Display: Missing cached shadermap for Pico_Texture in PCD3D_SM5, Default, SM5 (DDC key hash: AE32FB53E238DD40A2AF064A7EA15C0DA1ACED53), compiling. 
[2025.05.30-14.36.28:257][609]MaterialEditorStats: Texture samplers: 0/16
[2025.05.30-14.36.28:272][610]LogShaderCompilers: Display: Submitted 2 shader compile jobs with 'ForceLocal' priority
[2025.05.30-14.36.28:272][610]LogShaderCompilers: Display: Worker (1/21): shaders left to compile 2
[2025.05.30-14.36.28:272][610]LogShaderCompilers: Display: Worker (2/21): shaders left to compile 1
[2025.05.30-14.36.28:272][610]LogShaderCompilers: Display: Started 2 'Local' shader compile jobs with 'ForceLocal' priority
[2025.05.30-14.36.28:272][610]LogShaderCompilers: Display: Submitted 10 shader compile jobs with 'Normal' priority
[2025.05.30-14.36.28:293][612]LogShaderCompilers: Display: Worker (3/21): shaders left to compile 10
[2025.05.30-14.36.28:293][612]LogShaderCompilers: Display: Worker (4/21): shaders left to compile 9
[2025.05.30-14.36.28:293][612]LogShaderCompilers: Display: Worker (5/21): shaders left to compile 8
[2025.05.30-14.36.28:293][612]LogShaderCompilers: Display: Worker (6/21): shaders left to compile 7
[2025.05.30-14.36.28:293][612]LogShaderCompilers: Display: Worker (7/21): shaders left to compile 6
[2025.05.30-14.36.28:293][612]LogShaderCompilers: Display: Worker (8/21): shaders left to compile 5
[2025.05.30-14.36.28:293][612]LogShaderCompilers: Display: Worker (9/21): shaders left to compile 4
[2025.05.30-14.36.28:293][612]LogShaderCompilers: Display: Worker (10/21): shaders left to compile 3
[2025.05.30-14.36.28:293][612]LogShaderCompilers: Display: Worker (11/21): shaders left to compile 2
[2025.05.30-14.36.28:293][612]LogShaderCompilers: Display: Worker (12/21): shaders left to compile 1
[2025.05.30-14.36.28:293][612]LogShaderCompilers: Display: Started 10 'Local' shader compile jobs with 'Normal' priority
[2025.05.30-14.36.28:657][633]MaterialEditorStats: Texture samplers: 2/16
[2025.05.30-14.36.30:805][756]MaterialEditorStats: Base pass shader: 790 instructions
[2025.05.30-14.36.30:806][756]MaterialEditorStats: Base pass shader with Surface Lightmap: 811 instructions
[2025.05.30-14.36.30:806][756]MaterialEditorStats: Base pass shader with Volumetric Lightmap: 858 instructions
[2025.05.30-14.36.30:806][756]MaterialEditorStats: Base pass vertex shader: 267 instructions
[2025.05.30-14.36.30:806][756]MaterialEditorStats: Texture samplers: 5/16
[2025.05.30-14.36.32:323][847]LogSlate: Window 'Pico' being destroyed
[2025.05.30-14.36.32:335][847]LogSlate: Window 'Pico' being destroyed
[2025.05.30-14.36.32:339][847]LogWorld: UWorld::CleanupWorld for World_2, bSessionEnded=true, bCleanupResources=true
[2025.05.30-14.36.32:340][847]LogSlate: InvalidateAllWidgets triggered.  All widgets were invalidated
[2025.05.30-14.36.43:111][472]LogMaterial: Display: Missing cached shadermap for Pico_Texture in PCD3D_SM5, Default, SM5 (DDC key hash: 63E549DA0D1BBCF4ADA174CC92098A2C7FFFF25C), compiling. 
[2025.05.30-14.36.43:112][472]LogMaterial: Display: Missing cached shadermap for FMatExpressionPreview MaterialExpressionTextureSample_1 in PCD3D_SM5, Default, SM5 (DDC key hash: 40657CB7C6F423DFD81930A5F0EA354B01CD0556), compiling. 
[2025.05.30-14.36.43:113][472]LogMaterial: Display: Missing cached shadermap for FMatExpressionPreview MaterialExpressionTextureSample_1 in PCD3D_SM5, Default, SM5 (DDC key hash: FCFA66BC93579A1E26D1AA3C91DF5D40C8E93274), compiling. 
[2025.05.30-14.36.43:118][472]LogMaterial: Display: Missing cached shadermap for Pico_Texture in PCD3D_SM5, Default, SM5 (DDC key hash: FA68A2077D0C76F953C9DC1693894F9E90B97283), compiling. 
[2025.05.30-14.36.43:120][472]LogMaterial: Display: Missing cached shadermap for FMatExpressionPreview MaterialExpressionTextureSample_2 in PCD3D_SM5, Default, SM5 (DDC key hash: 80FD1BE1BC70D5D31DB10ABC5C2938DFF9398F2A), compiling. 
[2025.05.30-14.36.43:121][472]LogMaterial: Display: Missing cached shadermap for FMatExpressionPreview MaterialExpressionTextureSample_1 in PCD3D_SM5, Default, SM5 (DDC key hash: 1BEAAACD5925E35169B8C1B220890FB30E942798), compiling. 
[2025.05.30-14.36.43:122][472]LogMaterial: Display: Missing cached shadermap for FMatExpressionPreview MaterialExpressionTextureSample_2 in PCD3D_SM5, Default, SM5 (DDC key hash: 00A07658C4F3892626C27688F95B5FE79E0BCBFC), compiling. 
[2025.05.30-14.36.43:126][472]LogMaterial: Display: Missing cached shadermap for Pico_Texture in PCD3D_SM5, Default, SM5 (DDC key hash: 99B9897BBB78062637E35325CD162D69CF5016CB), compiling. 
[2025.05.30-14.36.43:127][472]LogMaterial: Display: Missing cached shadermap for FMatExpressionPreview MaterialExpressionTextureSample_3 in PCD3D_SM5, Default, SM5 (DDC key hash: 355747D277D132D84849E23601A160D1E74A0216), compiling. 
[2025.05.30-14.36.43:128][472]LogMaterial: Display: Missing cached shadermap for FMatExpressionPreview MaterialExpressionTextureSample_1 in PCD3D_SM5, Default, SM5 (DDC key hash: 1ECF1212E98F5FC4CE483816CCF4EE017D3C995C), compiling. 
[2025.05.30-14.36.43:128][472]LogMaterial: Display: Missing cached shadermap for FMatExpressionPreview MaterialExpressionTextureSample_2 in PCD3D_SM5, Default, SM5 (DDC key hash: 240AD456C56A6146AB0B433E80C0CC9E4BC22AEC), compiling. 
[2025.05.30-14.36.43:129][472]LogMaterial: Display: Missing cached shadermap for FMatExpressionPreview MaterialExpressionTextureSample_3 in PCD3D_SM5, Default, SM5 (DDC key hash: F1E12C4EE0C1F25139EA51A52750DA7427D3DB25), compiling. 
[2025.05.30-14.36.43:135][472]MaterialEditorStats: Texture samplers: 0/16
[2025.05.30-14.36.43:167][474]LogShaderCompilers: Display: Submitted 2 shader compile jobs with 'ForceLocal' priority
[2025.05.30-14.36.43:167][474]LogShaderCompilers: Display: Submitted 2 shader compile jobs with 'ForceLocal' priority
[2025.05.30-14.36.43:167][474]LogShaderCompilers: Display: Submitted 2 shader compile jobs with 'ForceLocal' priority
[2025.05.30-14.36.43:167][474]LogShaderCompilers: Display: Worker (1/21): shaders left to compile 6
[2025.05.30-14.36.43:167][474]LogShaderCompilers: Display: Worker (2/21): shaders left to compile 5
[2025.05.30-14.36.43:167][474]LogShaderCompilers: Display: Worker (3/21): shaders left to compile 4
[2025.05.30-14.36.43:167][474]LogShaderCompilers: Display: Worker (4/21): shaders left to compile 3
[2025.05.30-14.36.43:167][474]LogShaderCompilers: Display: Worker (5/21): shaders left to compile 2
[2025.05.30-14.36.43:167][474]LogShaderCompilers: Display: Worker (6/21): shaders left to compile 1
[2025.05.30-14.36.43:167][474]LogShaderCompilers: Display: Started 6 'Local' shader compile jobs with 'ForceLocal' priority
[2025.05.30-14.36.43:168][474]MaterialEditorStats: Texture samplers: 5/16
[2025.05.30-14.36.43:185][475]MaterialEditorStats: Base pass shader: 790 instructions
[2025.05.30-14.36.43:185][475]MaterialEditorStats: Base pass shader with Surface Lightmap: 811 instructions
[2025.05.30-14.36.43:185][475]MaterialEditorStats: Base pass shader with Volumetric Lightmap: 858 instructions
[2025.05.30-14.36.43:185][475]MaterialEditorStats: Base pass vertex shader: 267 instructions
[2025.05.30-14.36.43:185][475]MaterialEditorStats: Texture samplers: 5/16
[2025.05.30-14.36.48:787][793]LogMaterial: Display: Missing cached shadermap for Pico_Texture in PCD3D_SM5, Default, SM5 (DDC key hash: 530EA81F7F8B82BECFAB0A1B1A244767A6756C9C), compiling. 
[2025.05.30-14.36.48:788][793]LogMaterial: Display: Missing cached shadermap for FMatExpressionPreview MaterialExpressionTextureSample_1 in PCD3D_SM5, Default, SM5 (DDC key hash: 7F857BD996F343AC39008FA77473C6EBE2C1A950), compiling. 
[2025.05.30-14.36.48:794][793]MaterialEditorStats: Texture samplers: 0/16
[2025.05.30-14.36.48:794][793]MaterialEditorStats: Texture Lookups (Est.): VS(0), PS(1)
[2025.05.30-14.36.48:794][793]MaterialEditorStats: User interpolators: 2/4 Scalars (1/4 Vectors) (TexCoords: 2, Custom: 0)
[2025.05.30-14.36.48:825][795]MaterialEditorStats: Texture samplers: 5/16
[2025.05.30-14.36.48:825][795]MaterialEditorStats: Texture Lookups (Est.): VS(0), PS(1)
[2025.05.30-14.36.48:825][795]MaterialEditorStats: User interpolators: 2/4 Scalars (1/4 Vectors) (TexCoords: 2, Custom: 0)
[2025.05.30-14.36.48:843][796]MaterialEditorStats: Texture samplers: 6/16
[2025.05.30-14.36.48:844][796]MaterialEditorStats: Texture Lookups (Est.): VS(0), PS(1)
[2025.05.30-14.36.48:844][796]MaterialEditorStats: User interpolators: 2/4 Scalars (1/4 Vectors) (TexCoords: 2, Custom: 0)
[2025.05.30-14.36.48:862][797]MaterialEditorStats: Base pass shader: 794 instructions
[2025.05.30-14.36.48:862][797]MaterialEditorStats: Base pass shader with Surface Lightmap: 816 instructions
[2025.05.30-14.36.48:862][797]MaterialEditorStats: Base pass shader with Volumetric Lightmap: 861 instructions
[2025.05.30-14.36.48:862][797]MaterialEditorStats: Base pass vertex shader: 271 instructions
[2025.05.30-14.36.48:862][797]MaterialEditorStats: Texture samplers: 6/16
[2025.05.30-14.36.48:862][797]MaterialEditorStats: Texture Lookups (Est.): VS(0), PS(1)
[2025.05.30-14.36.48:862][797]MaterialEditorStats: User interpolators: 2/4 Scalars (1/4 Vectors) (TexCoords: 2, Custom: 0)
[2025.05.30-14.36.55:914][218]LogMaterial: Display: Missing cached shadermap for Pico_Texture in PCD3D_SM5, Default, SM5 (DDC key hash: F1C3F5B944476174BBF4E8E608894BC2765F0B87), compiling. 
[2025.05.30-14.36.55:916][218]LogMaterial: Display: Missing cached shadermap for FMatExpressionPreview MaterialExpressionTextureSample_2 in PCD3D_SM5, Default, SM5 (DDC key hash: B875FCD35D33BF8FBCFAD4E6F293ADC3CA2C340D), compiling. 
[2025.05.30-14.36.55:922][218]MaterialEditorStats: Texture samplers: 0/16
[2025.05.30-14.36.55:922][218]MaterialEditorStats: Texture Lookups (Est.): VS(0), PS(2)
[2025.05.30-14.36.55:922][218]MaterialEditorStats: User interpolators: 2/4 Scalars (1/4 Vectors) (TexCoords: 2, Custom: 0)
[2025.05.30-14.36.55:941][220]LogShaderCompilers: Display: Submitted 2 shader compile jobs with 'ForceLocal' priority
[2025.05.30-14.36.55:941][220]LogShaderCompilers: Display: Worker (1/21): shaders left to compile 2
[2025.05.30-14.36.55:941][220]LogShaderCompilers: Display: Worker (2/21): shaders left to compile 1
[2025.05.30-14.36.55:941][220]LogShaderCompilers: Display: Started 2 'Local' shader compile jobs with 'ForceLocal' priority
[2025.05.30-14.36.55:941][220]LogShaderCompilers: Display: Submitted 10 shader compile jobs with 'Normal' priority
[2025.05.30-14.36.55:941][220]LogShaderCompilers: Display: Worker (3/21): shaders left to compile 10
[2025.05.30-14.36.55:941][220]LogShaderCompilers: Display: Worker (4/21): shaders left to compile 9
[2025.05.30-14.36.55:941][220]LogShaderCompilers: Display: Worker (5/21): shaders left to compile 8
[2025.05.30-14.36.55:941][220]LogShaderCompilers: Display: Worker (6/21): shaders left to compile 7
[2025.05.30-14.36.55:941][220]LogShaderCompilers: Display: Worker (7/21): shaders left to compile 6
[2025.05.30-14.36.55:941][220]LogShaderCompilers: Display: Worker (8/21): shaders left to compile 5
[2025.05.30-14.36.55:941][220]LogShaderCompilers: Display: Worker (9/21): shaders left to compile 4
[2025.05.30-14.36.55:941][220]LogShaderCompilers: Display: Worker (10/21): shaders left to compile 3
[2025.05.30-14.36.55:941][220]LogShaderCompilers: Display: Worker (11/21): shaders left to compile 2
[2025.05.30-14.36.55:941][220]LogShaderCompilers: Display: Worker (12/21): shaders left to compile 1
[2025.05.30-14.36.55:941][220]LogShaderCompilers: Display: Started 10 'Local' shader compile jobs with 'Normal' priority
[2025.05.30-14.36.55:955][220]LogShaderCompilers: Display: === FShaderJobCache stats ===
[2025.05.30-14.36.55:955][220]LogShaderCompilers: Display: Total job queries 1113, among them cache hits 325 (29.20%)
[2025.05.30-14.36.55:955][220]LogShaderCompilers: Display: Tracking 774 distinct input hashes that result in 122 distinct outputs (15.76%)
[2025.05.30-14.36.55:955][220]LogShaderCompilers: Display: RAM used: 2.31 MB (0.00 GB) of 1638.40 MB (1.60 GB) budget. Usage: 0.14%
[2025.05.30-14.36.55:955][220]LogShaderCompilers: Display: ================================================
[2025.05.30-14.36.56:393][238]MaterialEditorStats: Texture samplers: 2/16
[2025.05.30-14.36.56:393][238]MaterialEditorStats: Texture Lookups (Est.): VS(0), PS(2)
[2025.05.30-14.36.56:393][238]MaterialEditorStats: User interpolators: 2/4 Scalars (1/4 Vectors) (TexCoords: 2, Custom: 0)
[2025.05.30-14.36.57:408][286]LogMaterial: Display: Missing cached shadermap for Pico_Texture in PCD3D_SM5, Default, SM5 (DDC key hash: 2224442BA3B5125BEEC4A1394AE5EC0DA5C50A37), compiling. 
[2025.05.30-14.36.57:411][286]LogMaterial: Display: Missing cached shadermap for FMatExpressionPreview MaterialExpressionTextureSample_3 in PCD3D_SM5, Default, SM5 (DDC key hash: 88031D4C4A50081081E646E718D6AAB436EC5D77), compiling. 
[2025.05.30-14.36.57:417][286]MaterialEditorStats: Texture samplers: 0/16
[2025.05.30-14.36.57:417][286]MaterialEditorStats: Texture Lookups (Est.): VS(0), PS(3)
[2025.05.30-14.36.57:417][286]MaterialEditorStats: User interpolators: 2/4 Scalars (1/4 Vectors) (TexCoords: 2, Custom: 0)
[2025.05.30-14.36.57:435][287]LogShaderCompilers: Display: Submitted 2 shader compile jobs with 'ForceLocal' priority
[2025.05.30-14.36.57:435][287]LogShaderCompilers: Display: Worker (2/21): shaders left to compile 2
[2025.05.30-14.36.57:435][287]LogShaderCompilers: Display: Worker (3/21): shaders left to compile 1
[2025.05.30-14.36.57:435][287]LogShaderCompilers: Display: Started 2 'Local' shader compile jobs with 'ForceLocal' priority
[2025.05.30-14.36.57:435][287]LogShaderCompilers: Display: Submitted 10 shader compile jobs with 'Normal' priority
[2025.05.30-14.36.57:435][287]LogShaderCompilers: Display: Worker (5/21): shaders left to compile 10
[2025.05.30-14.36.57:435][287]LogShaderCompilers: Display: Worker (9/21): shaders left to compile 9
[2025.05.30-14.36.57:435][287]LogShaderCompilers: Display: Worker (13/21): shaders left to compile 8
[2025.05.30-14.36.57:435][287]LogShaderCompilers: Display: Worker (14/21): shaders left to compile 7
[2025.05.30-14.36.57:435][287]LogShaderCompilers: Display: Worker (15/21): shaders left to compile 6
[2025.05.30-14.36.57:435][287]LogShaderCompilers: Display: Worker (16/21): shaders left to compile 5
[2025.05.30-14.36.57:435][287]LogShaderCompilers: Display: Worker (17/21): shaders left to compile 4
[2025.05.30-14.36.57:435][287]LogShaderCompilers: Display: Worker (18/21): shaders left to compile 3
[2025.05.30-14.36.57:435][287]LogShaderCompilers: Display: Worker (19/21): shaders left to compile 2
[2025.05.30-14.36.57:435][287]LogShaderCompilers: Display: Worker (20/21): shaders left to compile 1
[2025.05.30-14.36.57:435][287]LogShaderCompilers: Display: Started 10 'Local' shader compile jobs with 'Normal' priority
[2025.05.30-14.36.58:044][304]MaterialEditorStats: Texture samplers: 2/16
[2025.05.30-14.36.58:044][304]MaterialEditorStats: Texture Lookups (Est.): VS(0), PS(3)
[2025.05.30-14.36.58:044][304]MaterialEditorStats: User interpolators: 2/4 Scalars (1/4 Vectors) (TexCoords: 2, Custom: 0)
[2025.05.30-14.37.00:485][403]MaterialEditorStats: Texture samplers: 7/16
[2025.05.30-14.37.00:485][403]MaterialEditorStats: Texture Lookups (Est.): VS(0), PS(3)
[2025.05.30-14.37.00:485][403]MaterialEditorStats: User interpolators: 2/4 Scalars (1/4 Vectors) (TexCoords: 2, Custom: 0)
[2025.05.30-14.37.00:796][418]MaterialEditorStats: Texture samplers: 8/16
[2025.05.30-14.37.00:796][418]MaterialEditorStats: Texture Lookups (Est.): VS(0), PS(3)
[2025.05.30-14.37.00:796][418]MaterialEditorStats: User interpolators: 2/4 Scalars (1/4 Vectors) (TexCoords: 2, Custom: 0)
[2025.05.30-14.37.00:812][419]MaterialEditorStats: Base pass shader: 798 instructions
[2025.05.30-14.37.00:813][419]MaterialEditorStats: Base pass shader with Surface Lightmap: 820 instructions
[2025.05.30-14.37.00:813][419]MaterialEditorStats: Base pass shader with Volumetric Lightmap: 865 instructions
[2025.05.30-14.37.00:813][419]MaterialEditorStats: Base pass vertex shader: 271 instructions
[2025.05.30-14.37.00:813][419]MaterialEditorStats: Texture samplers: 8/16
[2025.05.30-14.37.00:813][419]MaterialEditorStats: Texture Lookups (Est.): VS(0), PS(3)
[2025.05.30-14.37.00:813][419]MaterialEditorStats: User interpolators: 2/4 Scalars (1/4 Vectors) (TexCoords: 2, Custom: 0)
[2025.05.30-14.37.13:088][154]LogMaterialEditor: Saving and Compiling material Pico_Texture
[2025.05.30-14.37.13:284][154]LogMaterial: Display: Missing cached shadermap for Pico_Texture in PCD3D_SM5, Default, SM5 (DDC key hash: C0562284C0C2A4D95370ECFF124922B4B057EBC0), compiling. 
[2025.05.30-14.37.13:302][154]LogMaterial: Display: Missing cached shadermap for Pico_Texture in PCD3D_SM5, Default, SM5 (DDC key hash: 6679FE891FCBDA8D1AD4B91E3213C8BBCF96ABBC), compiling. 
[2025.05.30-14.37.13:340][154]LogShaderCompilers: Display: Submitted 13 shader compile jobs with 'Normal' priority
[2025.05.30-14.37.13:342][154]LogShaderCompilers: Display: Worker (1/21): shaders left to compile 13
[2025.05.30-14.37.13:342][154]LogShaderCompilers: Display: Worker (2/21): shaders left to compile 12
[2025.05.30-14.37.13:342][154]LogShaderCompilers: Display: Worker (3/21): shaders left to compile 11
[2025.05.30-14.37.13:342][154]LogShaderCompilers: Display: Worker (4/21): shaders left to compile 10
[2025.05.30-14.37.13:342][154]LogShaderCompilers: Display: Worker (5/21): shaders left to compile 9
[2025.05.30-14.37.13:342][154]LogShaderCompilers: Display: Worker (6/21): shaders left to compile 8
[2025.05.30-14.37.13:342][154]LogShaderCompilers: Display: Worker (7/21): shaders left to compile 7
[2025.05.30-14.37.13:342][154]LogShaderCompilers: Display: Worker (8/21): shaders left to compile 6
[2025.05.30-14.37.13:342][154]LogShaderCompilers: Display: Worker (9/21): shaders left to compile 5
[2025.05.30-14.37.13:342][154]LogShaderCompilers: Display: Worker (10/21): shaders left to compile 4
[2025.05.30-14.37.13:342][154]LogShaderCompilers: Display: Worker (11/21): shaders left to compile 3
[2025.05.30-14.37.13:342][154]LogShaderCompilers: Display: Worker (12/21): shaders left to compile 2
[2025.05.30-14.37.13:342][154]LogShaderCompilers: Display: Worker (13/21): shaders left to compile 1
[2025.05.30-14.37.13:342][154]LogShaderCompilers: Display: Started 13 'Local' shader compile jobs with 'Normal' priority
[2025.05.30-14.37.13:348][154]LogUObjectHash: Compacting FUObjectHashTables data took   0.52ms
[2025.05.30-14.37.13:715][154]LogUObjectHash: Compacting FUObjectHashTables data took   0.77ms
[2025.05.30-14.37.15:142][154]LogSavePackage: Moving '../../../../../../Users/misha/YandexDisk/МИФИ/VR_tms/FinalProject/EngiPracrice/Saved/Pico_Texture985BDDE64E7CBCE3C88E40BB91A3F46F.tmp' to '../../../../../../Users/misha/YandexDisk/МИФИ/VR_tms/FinalProject/EngiPracrice/Content/MyMehes/Electronics/Pico_Texture.uasset'
[2025.05.30-14.37.15:152][154]AssetCheck: New page: Asset Save: Pico_Texture
[2025.05.30-14.37.15:152][154]LogContentValidation: Display: Validating Material /Game/MyMehes/Electronics/Pico_Texture.Pico_Texture
[2025.05.30-14.37.18:030][323]LogSlate: Window 'Pico_Texture' being destroyed
[2025.05.30-14.37.18:037][323]LogSlate: Window 'Pico_Texture' being destroyed
[2025.05.30-14.37.18:045][323]LogWorld: UWorld::CleanupWorld for World_4, bSessionEnded=true, bCleanupResources=true
[2025.05.30-14.37.18:045][323]LogSlate: InvalidateAllWidgets triggered.  All widgets were invalidated
[2025.05.30-14.37.22:033][559]LogMaterial: Display: Missing cached shadermap for pico1_Mat in PCD3D_SM5, Default, SM5 (DDC key hash: EFA369704BE175C3B06549A0B6AD677B432CD1CB), compiling. 
[2025.05.30-14.37.22:035][559]MaterialEditorStats: Texture samplers: 0/16
[2025.05.30-14.37.22:035][559]MaterialEditorStats: Texture Lookups (Est.): VS(0), PS(3)
[2025.05.30-14.37.22:035][559]MaterialEditorStats: User interpolators: 2/4 Scalars (1/4 Vectors) (TexCoords: 2, Custom: 0)
[2025.05.30-14.37.22:049][560]LogShaderCompilers: Display: Submitted 2 shader compile jobs with 'ForceLocal' priority
[2025.05.30-14.37.22:050][560]LogShaderCompilers: Display: Worker (1/21): shaders left to compile 2
[2025.05.30-14.37.22:050][560]LogShaderCompilers: Display: Worker (2/21): shaders left to compile 1
[2025.05.30-14.37.22:050][560]LogShaderCompilers: Display: Started 2 'Local' shader compile jobs with 'ForceLocal' priority
[2025.05.30-14.37.22:050][560]LogShaderCompilers: Display: Submitted 10 shader compile jobs with 'Normal' priority
[2025.05.30-14.37.22:050][560]LogShaderCompilers: Display: Worker (3/21): shaders left to compile 10
[2025.05.30-14.37.22:050][560]LogShaderCompilers: Display: Worker (4/21): shaders left to compile 9
[2025.05.30-14.37.22:050][560]LogShaderCompilers: Display: Worker (5/21): shaders left to compile 8
[2025.05.30-14.37.22:050][560]LogShaderCompilers: Display: Worker (6/21): shaders left to compile 7
[2025.05.30-14.37.22:050][560]LogShaderCompilers: Display: Worker (7/21): shaders left to compile 6
[2025.05.30-14.37.22:050][560]LogShaderCompilers: Display: Worker (8/21): shaders left to compile 5
[2025.05.30-14.37.22:050][560]LogShaderCompilers: Display: Worker (9/21): shaders left to compile 4
[2025.05.30-14.37.22:050][560]LogShaderCompilers: Display: Worker (10/21): shaders left to compile 3
[2025.05.30-14.37.22:050][560]LogShaderCompilers: Display: Worker (11/21): shaders left to compile 2
[2025.05.30-14.37.22:050][560]LogShaderCompilers: Display: Worker (12/21): shaders left to compile 1
[2025.05.30-14.37.22:050][560]LogShaderCompilers: Display: Started 10 'Local' shader compile jobs with 'Normal' priority
[2025.05.30-14.37.22:517][584]MaterialEditorStats: Texture samplers: 2/16
[2025.05.30-14.37.22:517][584]MaterialEditorStats: Texture Lookups (Est.): VS(0), PS(3)
[2025.05.30-14.37.22:517][584]MaterialEditorStats: User interpolators: 2/4 Scalars (1/4 Vectors) (TexCoords: 2, Custom: 0)
[2025.05.30-14.37.24:049][675]MaterialEditorStats: Texture samplers: 6/16
[2025.05.30-14.37.24:049][675]MaterialEditorStats: Texture Lookups (Est.): VS(0), PS(3)
[2025.05.30-14.37.24:049][675]MaterialEditorStats: User interpolators: 2/4 Scalars (1/4 Vectors) (TexCoords: 2, Custom: 0)
[2025.05.30-14.37.24:315][691]MaterialEditorStats: Texture samplers: 7/16
[2025.05.30-14.37.24:315][691]MaterialEditorStats: Texture Lookups (Est.): VS(0), PS(3)
[2025.05.30-14.37.24:315][691]MaterialEditorStats: User interpolators: 2/4 Scalars (1/4 Vectors) (TexCoords: 2, Custom: 0)
[2025.05.30-14.37.24:382][695]MaterialEditorStats: Texture samplers: 8/16
[2025.05.30-14.37.24:382][695]MaterialEditorStats: Texture Lookups (Est.): VS(0), PS(3)
[2025.05.30-14.37.24:382][695]MaterialEditorStats: User interpolators: 2/4 Scalars (1/4 Vectors) (TexCoords: 2, Custom: 0)
[2025.05.30-14.37.24:415][697]MaterialEditorStats: Base pass shader: 798 instructions
[2025.05.30-14.37.24:415][697]MaterialEditorStats: Base pass shader with Surface Lightmap: 820 instructions
[2025.05.30-14.37.24:415][697]MaterialEditorStats: Base pass shader with Volumetric Lightmap: 865 instructions
[2025.05.30-14.37.24:415][697]MaterialEditorStats: Base pass vertex shader: 271 instructions
[2025.05.30-14.37.24:415][697]MaterialEditorStats: Texture samplers: 8/16
[2025.05.30-14.37.24:415][697]MaterialEditorStats: Texture Lookups (Est.): VS(0), PS(3)
[2025.05.30-14.37.24:415][697]MaterialEditorStats: User interpolators: 2/4 Scalars (1/4 Vectors) (TexCoords: 2, Custom: 0)
[2025.05.30-14.37.24:570][706]LogMaterial: Display: Missing cached shadermap for pico1_Mat in PCD3D_SM5, Default, SM5 (DDC key hash: 8F412DDD50581C2BF32C154476B08E8633DA27C9), compiling. 
[2025.05.30-14.37.24:571][706]MaterialEditorStats: Texture samplers: 0/16
[2025.05.30-14.37.24:571][706]MaterialEditorStats: Texture Lookups (Est.): VS(0), PS(3)
[2025.05.30-14.37.24:571][706]MaterialEditorStats: User interpolators: 2/4 Scalars (1/4 Vectors) (TexCoords: 2, Custom: 0)
[2025.05.30-14.37.24:586][707]LogShaderCompilers: Display: Submitted 2 shader compile jobs with 'ForceLocal' priority
[2025.05.30-14.37.24:586][707]LogShaderCompilers: Display: Worker (1/21): shaders left to compile 2
[2025.05.30-14.37.24:586][707]LogShaderCompilers: Display: Worker (2/21): shaders left to compile 1
[2025.05.30-14.37.24:586][707]LogShaderCompilers: Display: Started 2 'Local' shader compile jobs with 'ForceLocal' priority
[2025.05.30-14.37.24:586][707]LogShaderCompilers: Display: Submitted 10 shader compile jobs with 'Normal' priority
[2025.05.30-14.37.24:586][707]LogShaderCompilers: Display: Worker (3/21): shaders left to compile 10
[2025.05.30-14.37.24:586][707]LogShaderCompilers: Display: Worker (4/21): shaders left to compile 9
[2025.05.30-14.37.24:586][707]LogShaderCompilers: Display: Worker (5/21): shaders left to compile 8
[2025.05.30-14.37.24:586][707]LogShaderCompilers: Display: Worker (6/21): shaders left to compile 7
[2025.05.30-14.37.24:586][707]LogShaderCompilers: Display: Worker (7/21): shaders left to compile 6
[2025.05.30-14.37.24:586][707]LogShaderCompilers: Display: Worker (8/21): shaders left to compile 5
[2025.05.30-14.37.24:586][707]LogShaderCompilers: Display: Worker (9/21): shaders left to compile 4
[2025.05.30-14.37.24:586][707]LogShaderCompilers: Display: Worker (10/21): shaders left to compile 3
[2025.05.30-14.37.24:586][707]LogShaderCompilers: Display: Worker (11/21): shaders left to compile 2
[2025.05.30-14.37.24:586][707]LogShaderCompilers: Display: Worker (12/21): shaders left to compile 1
[2025.05.30-14.37.24:586][707]LogShaderCompilers: Display: Started 10 'Local' shader compile jobs with 'Normal' priority
[2025.05.30-14.37.25:106][738]MaterialEditorStats: Texture samplers: 2/16
[2025.05.30-14.37.25:106][738]MaterialEditorStats: Texture Lookups (Est.): VS(0), PS(3)
[2025.05.30-14.37.25:106][738]MaterialEditorStats: User interpolators: 2/4 Scalars (1/4 Vectors) (TexCoords: 2, Custom: 0)
[2025.05.30-14.37.30:511][816]LogSlate: Window 'Message' being destroyed
[2025.05.30-14.37.30:532][816]Message dialog closed, result: Cancel, title: Message, text: Would you like to apply the changes of the modified material to the original material?
/Game/MyMehes/Electronics/pico1_Mat.pico1_Mat
(Selecting 'No' will cause all changes to be lost!)
[2025.05.30-14.37.30:555][817]MaterialEditorStats: Texture samplers: 7/16
[2025.05.30-14.37.30:555][817]MaterialEditorStats: Texture Lookups (Est.): VS(0), PS(3)
[2025.05.30-14.37.30:555][817]MaterialEditorStats: User interpolators: 2/4 Scalars (1/4 Vectors) (TexCoords: 2, Custom: 0)
[2025.05.30-14.37.30:590][819]MaterialEditorStats: Base pass shader: 798 instructions
[2025.05.30-14.37.30:590][819]MaterialEditorStats: Base pass shader with Surface Lightmap: 820 instructions
[2025.05.30-14.37.30:590][819]MaterialEditorStats: Base pass shader with Volumetric Lightmap: 865 instructions
[2025.05.30-14.37.30:591][819]MaterialEditorStats: Base pass vertex shader: 271 instructions
[2025.05.30-14.37.30:591][819]MaterialEditorStats: Texture samplers: 8/16
[2025.05.30-14.37.30:591][819]MaterialEditorStats: Texture Lookups (Est.): VS(0), PS(3)
[2025.05.30-14.37.30:591][819]MaterialEditorStats: User interpolators: 2/4 Scalars (1/4 Vectors) (TexCoords: 2, Custom: 0)
[2025.05.30-14.37.31:495][871]LogMaterialEditor: Saving and Compiling material pico1_Mat
[2025.05.30-14.37.31:704][871]LogMaterial: Display: Missing cached shadermap for pico1_Mat in PCD3D_SM5, Default, SM5 (DDC key hash: 2F9A5D1610F2C8FF273706DB2CCB2B280785EF8F), compiling. 
[2025.05.30-14.37.31:725][871]LogMaterial: Display: Missing cached shadermap for pico1_Mat in PCD3D_SM5, Default, SM5 (DDC key hash: F9A0DD214054F5BF96B1623E36F13176335A0F33), compiling. 
[2025.05.30-14.37.31:765][871]LogShaderCompilers: Display: Submitted 13 shader compile jobs with 'Normal' priority
[2025.05.30-14.37.31:765][871]LogShaderCompilers: Display: Worker (1/21): shaders left to compile 13
[2025.05.30-14.37.31:765][871]LogShaderCompilers: Display: Worker (2/21): shaders left to compile 12
[2025.05.30-14.37.31:765][871]LogShaderCompilers: Display: Worker (3/21): shaders left to compile 11
[2025.05.30-14.37.31:765][871]LogShaderCompilers: Display: Worker (4/21): shaders left to compile 10
[2025.05.30-14.37.31:765][871]LogShaderCompilers: Display: Worker (5/21): shaders left to compile 9
[2025.05.30-14.37.31:765][871]LogShaderCompilers: Display: Worker (6/21): shaders left to compile 8
[2025.05.30-14.37.31:765][871]LogShaderCompilers: Display: Worker (7/21): shaders left to compile 7
[2025.05.30-14.37.31:765][871]LogShaderCompilers: Display: Worker (8/21): shaders left to compile 6
[2025.05.30-14.37.31:765][871]LogShaderCompilers: Display: Worker (9/21): shaders left to compile 5
[2025.05.30-14.37.31:765][871]LogShaderCompilers: Display: Worker (10/21): shaders left to compile 4
[2025.05.30-14.37.31:765][871]LogShaderCompilers: Display: Worker (11/21): shaders left to compile 3
[2025.05.30-14.37.31:765][871]LogShaderCompilers: Display: Worker (12/21): shaders left to compile 2
[2025.05.30-14.37.31:765][871]LogShaderCompilers: Display: Worker (13/21): shaders left to compile 1
[2025.05.30-14.37.31:765][871]LogShaderCompilers: Display: Started 13 'Local' shader compile jobs with 'Normal' priority
[2025.05.30-14.37.31:774][871]LogUObjectHash: Compacting FUObjectHashTables data took   0.56ms
[2025.05.30-14.37.32:142][871]LogUObjectHash: Compacting FUObjectHashTables data took   0.85ms
[2025.05.30-14.37.33:587][871]LogSavePackage: Moving '../../../../../../Users/misha/YandexDisk/МИФИ/VR_tms/FinalProject/EngiPracrice/Saved/pico1_MatD333228048AD766B29CEA1B212800A9E.tmp' to '../../../../../../Users/misha/YandexDisk/МИФИ/VR_tms/FinalProject/EngiPracrice/Content/MyMehes/Electronics/pico1_Mat.uasset'
[2025.05.30-14.37.33:600][871]AssetCheck: New page: Asset Save: pico1_Mat
[2025.05.30-14.37.33:600][871]LogContentValidation: Display: Validating Material /Game/MyMehes/Electronics/pico1_Mat.pico1_Mat
[2025.05.30-14.37.34:149][904]LogWorld: UWorld::CleanupWorld for World_3, bSessionEnded=true, bCleanupResources=true
[2025.05.30-14.37.34:149][904]LogSlate: InvalidateAllWidgets triggered.  All widgets were invalidated
[2025.05.30-14.37.38:658][172]LogAssetEditorSubsystem: Opening Asset editor for Material /Game/MyMehes/Electronics/Pico_bot.Pico_bot
[2025.05.30-14.37.38:659][172]LogMaterial: Display: Missing cached shadermap for Pico_bot in PCD3D_SM5, Default, SM5 (DDC key hash: 0A6162DAE4DD458A3BD4A9B28055DA1D519D4B7B), compiling. 
[2025.05.30-14.37.38:718][172]LogMaterial: Display: Missing cached shadermap for Pico_bot in PCD3D_SM5, Default, SM5 (DDC key hash: 36E211F1A791E878BD01CCE2B9A57929BA172447), compiling. 
[2025.05.30-14.37.38:719][172]LogMaterial: Display: Missing cached shadermap for Pico_bot in PCD3D_SM5, Default, SM5 (DDC key hash: 7B7D4F1D7F4851135B469FE675B47ABF556C2F6D), compiling. 
[2025.05.30-14.37.38:720][172]LogMaterial: Display: Missing cached shadermap for FMatExpressionPreview MaterialExpressionTextureSample_0 in PCD3D_SM5, Default, SM5 (DDC key hash: E0636AA65F7135EF2F861094133FB3CB964A7BB0), compiling. 
[2025.05.30-14.37.38:729][172]MaterialEditorStats: Texture samplers: 0/16
[2025.05.30-14.37.38:729][172]MaterialEditorStats: Texture Lookups (Est.): VS(0), PS(1)
[2025.05.30-14.37.38:729][172]MaterialEditorStats: User interpolators: 2/4 Scalars (1/4 Vectors) (TexCoords: 2, Custom: 0)
[2025.05.30-14.37.38:779][173]MaterialEditorStats: Base pass shader: 794 instructions
[2025.05.30-14.37.38:779][173]MaterialEditorStats: Base pass shader with Surface Lightmap: 816 instructions
[2025.05.30-14.37.38:779][173]MaterialEditorStats: Base pass shader with Volumetric Lightmap: 861 instructions
[2025.05.30-14.37.38:779][173]MaterialEditorStats: Base pass vertex shader: 271 instructions
[2025.05.30-14.37.38:779][173]MaterialEditorStats: Texture samplers: 6/16
[2025.05.30-14.37.38:779][173]MaterialEditorStats: Texture Lookups (Est.): VS(0), PS(1)
[2025.05.30-14.37.38:779][173]MaterialEditorStats: User interpolators: 2/4 Scalars (1/4 Vectors) (TexCoords: 2, Custom: 0)
[2025.05.30-14.37.40:721][283]LogSlate: Window 'Pico_bot' being destroyed
[2025.05.30-14.37.44:775][518]LogMaterial: Display: Missing cached shadermap for Pico_bot in PCD3D_SM5, Default, SM5 (DDC key hash: 485ADB3A4802B2C70DBEDB35643D63143DA11F37), compiling. 
[2025.05.30-14.37.44:776][518]LogMaterial: Display: Missing cached shadermap for FMatExpressionPreview MaterialExpressionTextureSample_1 in PCD3D_SM5, Default, SM5 (DDC key hash: AE675072CEF42531390FCB62292CED6736F151A4), compiling. 
[2025.05.30-14.37.44:777][518]LogMaterial: Display: Missing cached shadermap for FMatExpressionPreview MaterialExpressionTextureSample_0 in PCD3D_SM5, Default, SM5 (DDC key hash: 5F518BA1581ABB0AE661CA5B6051A3938B66057E), compiling. 
[2025.05.30-14.37.44:778][518]LogMaterial: Display: Missing cached shadermap for FMatExpressionPreview MaterialExpressionTextureSample_1 in PCD3D_SM5, Default, SM5 (DDC key hash: EC78418D3A67D17969BD26143DAC63536E045D1E), compiling. 
[2025.05.30-14.37.44:783][518]LogMaterial: Display: Missing cached shadermap for Pico_bot in PCD3D_SM5, Default, SM5 (DDC key hash: E6D132CDB9A80C744D2CFE73CCBBAFBC7433E688), compiling. 
[2025.05.30-14.37.44:783][518]LogMaterial: Display: Missing cached shadermap for FMatExpressionPreview MaterialExpressionTextureSample_2 in PCD3D_SM5, Default, SM5 (DDC key hash: 9CADD1DBE5767F75963FF9C0131AB62CCC8759CE), compiling. 
[2025.05.30-14.37.44:784][518]LogMaterial: Display: Missing cached shadermap for FMatExpressionPreview MaterialExpressionTextureSample_0 in PCD3D_SM5, Default, SM5 (DDC key hash: 4ADC4A371EF6620661A3BE10EE7F2A5DD4543259), compiling. 
[2025.05.30-14.37.44:785][518]LogMaterial: Display: Missing cached shadermap for FMatExpressionPreview MaterialExpressionTextureSample_1 in PCD3D_SM5, Default, SM5 (DDC key hash: 37A16F7FBE5BD73FAE9BC9514E36EB22CF8811A4), compiling. 
[2025.05.30-14.37.44:786][518]LogMaterial: Display: Missing cached shadermap for FMatExpressionPreview MaterialExpressionTextureSample_2 in PCD3D_SM5, Default, SM5 (DDC key hash: 80D4D51B6D62285BA7178E50A8318AA6EE167A43), compiling. 
[2025.05.30-14.37.44:790][518]LogMaterial: Display: Missing cached shadermap for Pico_bot in PCD3D_SM5, Default, SM5 (DDC key hash: 8460EE1C6C036B71A1CC693A9D6352EC998D62C5), compiling. 
[2025.05.30-14.37.44:790][518]LogMaterial: Display: Missing cached shadermap for FMatExpressionPreview MaterialExpressionTextureSample_3 in PCD3D_SM5, Default, SM5 (DDC key hash: CF841E9ABF3D3F79DFDE7B7CE8E8B8F5C8356307), compiling. 
[2025.05.30-14.37.44:791][518]LogMaterial: Display: Missing cached shadermap for FMatExpressionPreview MaterialExpressionTextureSample_0 in PCD3D_SM5, Default, SM5 (DDC key hash: 40FD23C4070ADDD3CECBF858117AC04C8C359255), compiling. 
[2025.05.30-14.37.44:792][518]LogMaterial: Display: Missing cached shadermap for FMatExpressionPreview MaterialExpressionTextureSample_1 in PCD3D_SM5, Default, SM5 (DDC key hash: F5340EDC5E450672A226F228568FC702EC266199), compiling. 
[2025.05.30-14.37.44:793][518]LogMaterial: Display: Missing cached shadermap for FMatExpressionPreview MaterialExpressionTextureSample_2 in PCD3D_SM5, Default, SM5 (DDC key hash: 310EE93ADA2BCD89D5F329D54176DFFD6EA427A3), compiling. 
[2025.05.30-14.37.44:793][518]LogMaterial: Display: Missing cached shadermap for FMatExpressionPreview MaterialExpressionTextureSample_3 in PCD3D_SM5, Default, SM5 (DDC key hash: C325E7F9CC8416EF91CAFE680710CD25486F1B32), compiling. 
[2025.05.30-14.37.44:796][518]MaterialEditorStats: Texture samplers: 0/16
[2025.05.30-14.37.44:796][518]MaterialEditorStats: Texture Lookups (Est.): VS(0), PS(1)
[2025.05.30-14.37.44:796][518]MaterialEditorStats: User interpolators: 2/4 Scalars (1/4 Vectors) (TexCoords: 2, Custom: 0)
[2025.05.30-14.37.44:829][520]MaterialEditorStats: Texture samplers: 6/16
[2025.05.30-14.37.44:829][520]MaterialEditorStats: Texture Lookups (Est.): VS(0), PS(1)
[2025.05.30-14.37.44:829][520]MaterialEditorStats: User interpolators: 2/4 Scalars (1/4 Vectors) (TexCoords: 2, Custom: 0)
[2025.05.30-14.37.44:846][521]MaterialEditorStats: Base pass shader: 794 instructions
[2025.05.30-14.37.44:846][521]MaterialEditorStats: Base pass shader with Surface Lightmap: 816 instructions
[2025.05.30-14.37.44:846][521]MaterialEditorStats: Base pass shader with Volumetric Lightmap: 861 instructions
[2025.05.30-14.37.44:846][521]MaterialEditorStats: Base pass vertex shader: 271 instructions
[2025.05.30-14.37.44:846][521]MaterialEditorStats: Texture samplers: 6/16
[2025.05.30-14.37.44:846][521]MaterialEditorStats: Texture Lookups (Est.): VS(0), PS(1)
[2025.05.30-14.37.44:846][521]MaterialEditorStats: User interpolators: 2/4 Scalars (1/4 Vectors) (TexCoords: 2, Custom: 0)
[2025.05.30-14.37.49:604][802]LogMaterial: Display: Missing cached shadermap for Pico_bot in PCD3D_SM5, Default, SM5 (DDC key hash: 74E7C50BD03BEA3F5904DA638C2E4EA79902416A), compiling. 
[2025.05.30-14.37.49:605][802]LogMaterial: Display: Missing cached shadermap for FMatExpressionPreview MaterialExpressionTextureSample_1 in PCD3D_SM5, Default, SM5 (DDC key hash: 82CAEF9D956C1ACAAE1BB5545E92FB2E869F030E), compiling. 
[2025.05.30-14.37.49:609][802]MaterialEditorStats: Texture samplers: 0/16
[2025.05.30-14.37.49:609][802]MaterialEditorStats: Texture Lookups (Est.): VS(0), PS(1)
[2025.05.30-14.37.49:609][802]MaterialEditorStats: User interpolators: 2/4 Scalars (1/4 Vectors) (TexCoords: 2, Custom: 0)
[2025.05.30-14.37.49:617][803]LogShaderCompilers: Display: Submitted 2 shader compile jobs with 'ForceLocal' priority
[2025.05.30-14.37.49:629][804]LogShaderCompilers: Display: Worker (1/21): shaders left to compile 2
[2025.05.30-14.37.49:629][804]LogShaderCompilers: Display: Worker (2/21): shaders left to compile 1
[2025.05.30-14.37.49:629][804]LogShaderCompilers: Display: Started 2 'Local' shader compile jobs with 'ForceLocal' priority
[2025.05.30-14.37.49:629][804]LogShaderCompilers: Display: Submitted 10 shader compile jobs with 'Normal' priority
[2025.05.30-14.37.49:629][804]LogShaderCompilers: Display: Worker (3/21): shaders left to compile 10
[2025.05.30-14.37.49:629][804]LogShaderCompilers: Display: Worker (4/21): shaders left to compile 9
[2025.05.30-14.37.49:629][804]LogShaderCompilers: Display: Worker (5/21): shaders left to compile 8
[2025.05.30-14.37.49:629][804]LogShaderCompilers: Display: Worker (6/21): shaders left to compile 7
[2025.05.30-14.37.49:629][804]LogShaderCompilers: Display: Worker (7/21): shaders left to compile 6
[2025.05.30-14.37.49:629][804]LogShaderCompilers: Display: Worker (8/21): shaders left to compile 5
[2025.05.30-14.37.49:629][804]LogShaderCompilers: Display: Worker (9/21): shaders left to compile 4
[2025.05.30-14.37.49:629][804]LogShaderCompilers: Display: Worker (10/21): shaders left to compile 3
[2025.05.30-14.37.49:629][804]LogShaderCompilers: Display: Worker (11/21): shaders left to compile 2
[2025.05.30-14.37.49:629][804]LogShaderCompilers: Display: Worker (12/21): shaders left to compile 1
[2025.05.30-14.37.49:629][804]LogShaderCompilers: Display: Started 10 'Local' shader compile jobs with 'Normal' priority
[2025.05.30-14.37.50:239][825]MaterialEditorStats: Texture samplers: 2/16
[2025.05.30-14.37.50:239][825]MaterialEditorStats: Texture Lookups (Est.): VS(0), PS(1)
[2025.05.30-14.37.50:239][825]MaterialEditorStats: User interpolators: 2/4 Scalars (1/4 Vectors) (TexCoords: 2, Custom: 0)
[2025.05.30-14.37.51:105][868]LogMaterial: Display: Missing cached shadermap for Pico_bot in PCD3D_SM5, Default, SM5 (DDC key hash: 6DB4167B190861A507DD697FE8D3A48FC7992579), compiling. 
[2025.05.30-14.37.51:108][868]MaterialEditorStats: Texture samplers: 0/16
[2025.05.30-14.37.51:108][868]MaterialEditorStats: Texture Lookups (Est.): VS(0), PS(1)
[2025.05.30-14.37.51:108][868]MaterialEditorStats: User interpolators: 2/4 Scalars (1/4 Vectors) (TexCoords: 2, Custom: 0)
[2025.05.30-14.37.51:174][870]MaterialEditorStats: Texture samplers: 6/16
[2025.05.30-14.37.51:174][870]MaterialEditorStats: Texture Lookups (Est.): VS(0), PS(1)
[2025.05.30-14.37.51:174][870]MaterialEditorStats: User interpolators: 2/4 Scalars (1/4 Vectors) (TexCoords: 2, Custom: 0)
[2025.05.30-14.37.51:200][871]MaterialEditorStats: Base pass shader: 794 instructions
[2025.05.30-14.37.51:200][871]MaterialEditorStats: Base pass shader with Surface Lightmap: 816 instructions
[2025.05.30-14.37.51:200][871]MaterialEditorStats: Base pass shader with Volumetric Lightmap: 861 instructions
[2025.05.30-14.37.51:200][871]MaterialEditorStats: Base pass vertex shader: 271 instructions
[2025.05.30-14.37.51:200][871]MaterialEditorStats: Texture samplers: 6/16
[2025.05.30-14.37.51:200][871]MaterialEditorStats: Texture Lookups (Est.): VS(0), PS(1)
[2025.05.30-14.37.51:200][871]MaterialEditorStats: User interpolators: 2/4 Scalars (1/4 Vectors) (TexCoords: 2, Custom: 0)
[2025.05.30-14.37.56:878][205]LogMaterial: Display: Missing cached shadermap for Pico_bot in PCD3D_SM5, Default, SM5 (DDC key hash: EF01817D79222AF0F12FE76073C185E9D85FAFD3), compiling. 
[2025.05.30-14.37.56:880][205]LogMaterial: Display: Missing cached shadermap for FMatExpressionPreview MaterialExpressionTextureSample_2 in PCD3D_SM5, Default, SM5 (DDC key hash: B01B823050855A5667DC695D10DB114F06E2AADA), compiling. 
[2025.05.30-14.37.56:883][205]MaterialEditorStats: Texture samplers: 0/16
[2025.05.30-14.37.56:884][205]MaterialEditorStats: Texture Lookups (Est.): VS(0), PS(2)
[2025.05.30-14.37.56:884][205]MaterialEditorStats: User interpolators: 2/4 Scalars (1/4 Vectors) (TexCoords: 2, Custom: 0)
[2025.05.30-14.37.56:893][206]LogShaderCompilers: Display: Submitted 2 shader compile jobs with 'ForceLocal' priority
[2025.05.30-14.37.56:901][207]LogShaderCompilers: Display: Submitted 10 shader compile jobs with 'Normal' priority
[2025.05.30-14.37.56:904][207]LogShaderCompilers: Display: Worker (1/21): shaders left to compile 2
[2025.05.30-14.37.56:904][207]LogShaderCompilers: Display: Worker (2/21): shaders left to compile 1
[2025.05.30-14.37.56:904][207]LogShaderCompilers: Display: Worker (3/21): shaders left to compile 10
[2025.05.30-14.37.56:904][207]LogShaderCompilers: Display: Worker (4/21): shaders left to compile 9
[2025.05.30-14.37.56:904][207]LogShaderCompilers: Display: Worker (5/21): shaders left to compile 8
[2025.05.30-14.37.56:904][207]LogShaderCompilers: Display: Worker (6/21): shaders left to compile 7
[2025.05.30-14.37.56:904][207]LogShaderCompilers: Display: Worker (7/21): shaders left to compile 6
[2025.05.30-14.37.56:904][207]LogShaderCompilers: Display: Worker (8/21): shaders left to compile 5
[2025.05.30-14.37.56:904][207]LogShaderCompilers: Display: Worker (9/21): shaders left to compile 4
[2025.05.30-14.37.56:904][207]LogShaderCompilers: Display: Worker (10/21): shaders left to compile 3
[2025.05.30-14.37.56:904][207]LogShaderCompilers: Display: Worker (11/21): shaders left to compile 2
[2025.05.30-14.37.56:904][207]LogShaderCompilers: Display: Worker (12/21): shaders left to compile 1
[2025.05.30-14.37.56:904][207]LogShaderCompilers: Display: Started 10 'Local' shader compile jobs with 'Normal' priority
[2025.05.30-14.37.56:904][207]LogShaderCompilers: Display: Started 2 'Local' shader compile jobs with 'ForceLocal' priority
[2025.05.30-14.37.57:445][227]MaterialEditorStats: Texture samplers: 2/16
[2025.05.30-14.37.57:445][227]MaterialEditorStats: Texture Lookups (Est.): VS(0), PS(2)
[2025.05.30-14.37.57:445][227]MaterialEditorStats: User interpolators: 2/4 Scalars (1/4 Vectors) (TexCoords: 2, Custom: 0)
[2025.05.30-14.37.58:913][304]LogMaterial: Display: Missing cached shadermap for Pico_bot in PCD3D_SM5, Default, SM5 (DDC key hash: 38648DE2845F7DD3B0E770DF46EC0DA90FF8A0F1), compiling. 
[2025.05.30-14.37.58:914][304]LogMaterial: Display: Missing cached shadermap for FMatExpressionPreview MaterialExpressionTextureSample_3 in PCD3D_SM5, Default, SM5 (DDC key hash: 8D8A6C7C4DCD0A98716272D5F35489CF35F79333), compiling. 
[2025.05.30-14.37.58:919][304]MaterialEditorStats: Texture samplers: 0/16
[2025.05.30-14.37.58:919][304]MaterialEditorStats: Texture Lookups (Est.): VS(0), PS(3)
[2025.05.30-14.37.58:919][304]MaterialEditorStats: User interpolators: 2/4 Scalars (1/4 Vectors) (TexCoords: 2, Custom: 0)
[2025.05.30-14.37.58:932][305]LogShaderCompilers: Display: Submitted 2 shader compile jobs with 'ForceLocal' priority
[2025.05.30-14.37.58:932][305]LogShaderCompilers: Display: Worker (2/21): shaders left to compile 2
[2025.05.30-14.37.58:932][305]LogShaderCompilers: Display: Worker (3/21): shaders left to compile 1
[2025.05.30-14.37.58:932][305]LogShaderCompilers: Display: Started 2 'Local' shader compile jobs with 'ForceLocal' priority
[2025.05.30-14.37.58:948][306]LogShaderCompilers: Display: Submitted 10 shader compile jobs with 'Normal' priority
[2025.05.30-14.37.58:948][306]LogShaderCompilers: Display: Worker (5/21): shaders left to compile 10
[2025.05.30-14.37.58:948][306]LogShaderCompilers: Display: Worker (9/21): shaders left to compile 9
[2025.05.30-14.37.58:948][306]LogShaderCompilers: Display: Worker (13/21): shaders left to compile 8
[2025.05.30-14.37.58:948][306]LogShaderCompilers: Display: Worker (14/21): shaders left to compile 7
[2025.05.30-14.37.58:948][306]LogShaderCompilers: Display: Worker (15/21): shaders left to compile 6
[2025.05.30-14.37.58:948][306]LogShaderCompilers: Display: Worker (16/21): shaders left to compile 5
[2025.05.30-14.37.58:948][306]LogShaderCompilers: Display: Worker (17/21): shaders left to compile 4
[2025.05.30-14.37.58:948][306]LogShaderCompilers: Display: Worker (18/21): shaders left to compile 3
[2025.05.30-14.37.58:948][306]LogShaderCompilers: Display: Worker (19/21): shaders left to compile 2
[2025.05.30-14.37.58:948][306]LogShaderCompilers: Display: Worker (20/21): shaders left to compile 1
[2025.05.30-14.37.58:948][306]LogShaderCompilers: Display: Started 10 'Local' shader compile jobs with 'Normal' priority
[2025.05.30-14.37.59:531][323]MaterialEditorStats: Texture samplers: 2/16
[2025.05.30-14.37.59:531][323]MaterialEditorStats: Texture Lookups (Est.): VS(0), PS(3)
[2025.05.30-14.37.59:531][323]MaterialEditorStats: User interpolators: 2/4 Scalars (1/4 Vectors) (TexCoords: 2, Custom: 0)
[2025.05.30-14.38.01:991][411]MaterialEditorStats: Texture samplers: 7/16
[2025.05.30-14.38.01:991][411]MaterialEditorStats: Texture Lookups (Est.): VS(0), PS(3)
[2025.05.30-14.38.01:991][411]MaterialEditorStats: User interpolators: 2/4 Scalars (1/4 Vectors) (TexCoords: 2, Custom: 0)
[2025.05.30-14.38.03:028][429]MaterialEditorStats: Base pass shader: 798 instructions
[2025.05.30-14.38.03:028][429]MaterialEditorStats: Base pass shader with Surface Lightmap: 820 instructions
[2025.05.30-14.38.03:028][429]MaterialEditorStats: Base pass shader with Volumetric Lightmap: 865 instructions
[2025.05.30-14.38.03:028][429]MaterialEditorStats: Base pass vertex shader: 271 instructions
[2025.05.30-14.38.03:028][429]MaterialEditorStats: Texture samplers: 8/16
[2025.05.30-14.38.03:028][429]MaterialEditorStats: Texture Lookups (Est.): VS(0), PS(3)
[2025.05.30-14.38.03:028][429]MaterialEditorStats: User interpolators: 2/4 Scalars (1/4 Vectors) (TexCoords: 2, Custom: 0)
[2025.05.30-14.39.01:412][606]LogMaterialEditor: Saving and Compiling material Pico_bot
[2025.05.30-14.39.01:612][606]LogMaterial: Display: Missing cached shadermap for Pico_bot in PCD3D_SM5, Default, SM5 (DDC key hash: 57CEA8BC34C792DFCD80C886AFDAA8AAF808CC9C), compiling. 
[2025.05.30-14.39.01:635][606]LogMaterial: Display: Missing cached shadermap for Pico_bot in PCD3D_SM5, Default, SM5 (DDC key hash: A9BB77B768811F9DDDC6D086135A761189E4C36D), compiling. 
[2025.05.30-14.39.01:673][606]LogShaderCompilers: Display: Submitted 13 shader compile jobs with 'Normal' priority
[2025.05.30-14.39.01:677][606]LogShaderCompilers: Display: Worker (1/21): shaders left to compile 13
[2025.05.30-14.39.01:677][606]LogShaderCompilers: Display: Worker (2/21): shaders left to compile 12
[2025.05.30-14.39.01:677][606]LogShaderCompilers: Display: Worker (3/21): shaders left to compile 11
[2025.05.30-14.39.01:677][606]LogShaderCompilers: Display: Worker (4/21): shaders left to compile 10
[2025.05.30-14.39.01:677][606]LogShaderCompilers: Display: Worker (5/21): shaders left to compile 9
[2025.05.30-14.39.01:677][606]LogShaderCompilers: Display: Worker (6/21): shaders left to compile 8
[2025.05.30-14.39.01:677][606]LogShaderCompilers: Display: Worker (7/21): shaders left to compile 7
[2025.05.30-14.39.01:677][606]LogShaderCompilers: Display: Worker (8/21): shaders left to compile 6
[2025.05.30-14.39.01:677][606]LogShaderCompilers: Display: Worker (9/21): shaders left to compile 5
[2025.05.30-14.39.01:677][606]LogShaderCompilers: Display: Worker (10/21): shaders left to compile 4
[2025.05.30-14.39.01:677][606]LogShaderCompilers: Display: Worker (11/21): shaders left to compile 3
[2025.05.30-14.39.01:677][606]LogShaderCompilers: Display: Worker (12/21): shaders left to compile 2
[2025.05.30-14.39.01:677][606]LogShaderCompilers: Display: Worker (13/21): shaders left to compile 1
[2025.05.30-14.39.01:677][606]LogShaderCompilers: Display: Started 13 'Local' shader compile jobs with 'Normal' priority
[2025.05.30-14.39.01:682][606]LogUObjectHash: Compacting FUObjectHashTables data took   0.64ms
[2025.05.30-14.39.02:244][606]LogUObjectHash: Compacting FUObjectHashTables data took   0.63ms
[2025.05.30-14.39.03:629][606]LogSavePackage: Moving '../../../../../../Users/misha/YandexDisk/МИФИ/VR_tms/FinalProject/EngiPracrice/Saved/Pico_botACF38A6F4AA3B4F31C8967A27B0F5F2A.tmp' to '../../../../../../Users/misha/YandexDisk/МИФИ/VR_tms/FinalProject/EngiPracrice/Content/MyMehes/Electronics/Pico_bot.uasset'
[2025.05.30-14.39.03:640][606]AssetCheck: New page: Asset Save: Pico_bot
[2025.05.30-14.39.03:640][606]LogContentValidation: Display: Validating Material /Game/MyMehes/Electronics/Pico_bot.Pico_bot
[2025.05.30-14.39.06:063][743]LogSlate: Window 'Pico_bot' being destroyed
[2025.05.30-14.39.06:083][743]LogWorld: UWorld::CleanupWorld for World_5, bSessionEnded=true, bCleanupResources=true
[2025.05.30-14.39.06:083][743]LogSlate: InvalidateAllWidgets triggered.  All widgets were invalidated
[2025.05.30-14.39.20:617][605]LogContentBrowser: Deferred new asset folder creation: NewFolder
[2025.05.30-14.39.20:631][605]LogContentBrowser: Creating deferred item: NewFolder
[2025.05.30-14.39.23:918][803]LogContentBrowser: Attempting asset rename: NewFolder -> Pico
[2025.05.30-14.39.23:920][803]LogContentBrowser: End creating deferred item NewFolder
[2025.05.30-14.39.28:616][ 73]LogSavePackage: Moving '../../../../../../Users/misha/YandexDisk/МИФИ/VR_tms/FinalProject/EngiPracrice/Saved/pico_alpha0121F7E644E4FCBC9ED531A24A90CB60.tmp' to '../../../../../../Users/misha/YandexDisk/МИФИ/VR_tms/FinalProject/EngiPracrice/Content/MyMehes/Electronics/Pico/Bake/pico_alpha.uasset'
[2025.05.30-14.39.28:660][ 73]LogSavePackage: Moving '../../../../../../Users/misha/YandexDisk/МИФИ/VR_tms/FinalProject/EngiPracrice/Saved/pico_roughness75367FE84C51A2DEDFCCC4ACF96B03DD.tmp' to '../../../../../../Users/misha/YandexDisk/МИФИ/VR_tms/FinalProject/EngiPracrice/Content/MyMehes/Electronics/Pico/Bake/pico_roughness.uasset'
[2025.05.30-14.39.28:702][ 73]LogSavePackage: Moving '../../../../../../Users/misha/YandexDisk/МИФИ/VR_tms/FinalProject/EngiPracrice/Saved/pico_metallic4C2050C74C3E4A99826F838ECA62638A.tmp' to '../../../../../../Users/misha/YandexDisk/МИФИ/VR_tms/FinalProject/EngiPracrice/Content/MyMehes/Electronics/Pico/Bake/pico_metallic.uasset'
[2025.05.30-14.39.28:805][ 73]LogSavePackage: Moving '../../../../../../Users/misha/YandexDisk/МИФИ/VR_tms/FinalProject/EngiPracrice/Saved/pico_base_color398A7B934D3752E8894DD4B1FDEE7B44.tmp' to '../../../../../../Users/misha/YandexDisk/МИФИ/VR_tms/FinalProject/EngiPracrice/Content/MyMehes/Electronics/Pico/Bake/pico_base_color.uasset'
[2025.05.30-14.39.28:875][ 73]LogUObjectHash: Compacting FUObjectHashTables data took   0.58ms
[2025.05.30-14.39.28:882][ 73]LogUObjectHash: Compacting FUObjectHashTables data took   0.46ms
[2025.05.30-14.39.28:886][ 73]LogUObjectHash: Compacting FUObjectHashTables data took   0.19ms
[2025.05.30-14.39.28:889][ 73]LogUObjectHash: Compacting FUObjectHashTables data took   0.19ms
[2025.05.30-14.39.28:911][ 73]LogUObjectHash: Compacting FUObjectHashTables data took   0.52ms
[2025.05.30-14.39.28:915][ 73]LogUObjectHash: Compacting FUObjectHashTables data took   0.19ms
[2025.05.30-14.39.28:950][ 73]LogSavePackage: Moving '../../../../../../Users/misha/YandexDisk/МИФИ/VR_tms/FinalProject/EngiPracrice/Saved/pico1_Mat2458FB6D4F303A04FC7BC0B7A5C688CE.tmp' to '../../../../../../Users/misha/YandexDisk/МИФИ/VR_tms/FinalProject/EngiPracrice/Content/MyMehes/Electronics/pico1_Mat.uasset'
[2025.05.30-14.39.28:953][ 73]LogSavePackage: Moving '../../../../../../Users/misha/YandexDisk/МИФИ/VR_tms/FinalProject/EngiPracrice/Saved/Pico_Texture188323EE49D4C3F69AAC7B8BFDEDF6F4.tmp' to '../../../../../../Users/misha/YandexDisk/МИФИ/VR_tms/FinalProject/EngiPracrice/Content/MyMehes/Electronics/Pico_Texture.uasset'
[2025.05.30-14.39.28:956][ 73]LogSavePackage: Moving '../../../../../../Users/misha/YandexDisk/МИФИ/VR_tms/FinalProject/EngiPracrice/Saved/Pico_botBF733C0C45DD82CE83C95A9F9E408143.tmp' to '../../../../../../Users/misha/YandexDisk/МИФИ/VR_tms/FinalProject/EngiPracrice/Content/MyMehes/Electronics/Pico_bot.uasset'
[2025.05.30-14.39.29:065][ 73]AssetCheck: New page: Asset Save: multiple assets
[2025.05.30-14.39.29:065][ 73]LogContentValidation: Display: Validating Texture2D /Game/MyMehes/Electronics/Pico/Bake/pico_alpha.pico_alpha
[2025.05.30-14.39.29:065][ 73]LogContentValidation: Display: Validating Texture2D /Game/MyMehes/Electronics/Pico/Bake/pico_roughness.pico_roughness
[2025.05.30-14.39.29:065][ 73]LogContentValidation: Display: Validating Material /Game/MyMehes/Electronics/pico1_Mat.pico1_Mat
[2025.05.30-14.39.29:065][ 73]LogContentValidation: Display: Validating Texture2D /Game/MyMehes/Electronics/Pico/Bake/pico_metallic.pico_metallic
[2025.05.30-14.39.29:065][ 73]LogContentValidation: Display: Validating Material /Game/MyMehes/Electronics/Pico_bot.Pico_bot
[2025.05.30-14.39.29:065][ 73]LogContentValidation: Display: Validating Texture2D /Game/MyMehes/Electronics/Pico/Bake/pico_base_color.pico_base_color
[2025.05.30-14.39.29:065][ 73]LogContentValidation: Display: Validating Material /Game/MyMehes/Electronics/Pico_Texture.Pico_Texture
[2025.05.30-14.39.37:408][560]LogSavePackage: Moving '../../../../../../Users/misha/YandexDisk/МИФИ/VR_tms/FinalProject/EngiPracrice/Saved/Pico2D1815644FA9E272BE9DA5B79FD6FCA1.tmp' to '../../../../../../Users/misha/YandexDisk/МИФИ/VR_tms/FinalProject/EngiPracrice/Content/MyMehes/Electronics/Pico/Pico.uasset'
[2025.05.30-14.39.37:410][560]Cmd: OBJ SAVEPACKAGE PACKAGE="/Game/MyMehes/Electronics/Pico" FILE="../../../../../../Users/misha/YandexDisk/МИФИ/VR_tms/FinalProject/EngiPracrice/Content/MyMehes/Electronics/Pico.uasset" SILENT=true
[2025.05.30-14.39.37:411][560]LogSavePackage: Moving '../../../../../../Users/misha/YandexDisk/МИФИ/VR_tms/FinalProject/EngiPracrice/Saved/PicoCF1F53AA465D31C809DC41A663ED9C4C.tmp' to '../../../../../../Users/misha/YandexDisk/МИФИ/VR_tms/FinalProject/EngiPracrice/Content/MyMehes/Electronics/Pico.uasset'
[2025.05.30-14.39.37:429][560]LogSavePackage: Moving '../../../../../../Users/misha/YandexDisk/МИФИ/VR_tms/FinalProject/EngiPracrice/Saved/Pico_TextureDB006A464755DB69E18F2786EEF3C1CC.tmp' to '../../../../../../Users/misha/YandexDisk/МИФИ/VR_tms/FinalProject/EngiPracrice/Content/MyMehes/Electronics/Pico/Pico_Texture.uasset'
[2025.05.30-14.39.37:473][560]LogSavePackage: Moving '../../../../../../Users/misha/YandexDisk/МИФИ/VR_tms/FinalProject/EngiPracrice/Saved/pico15CA497F747142E13205D1EAA32ED551C.tmp' to '../../../../../../Users/misha/YandexDisk/МИФИ/VR_tms/FinalProject/EngiPracrice/Content/MyMehes/Electronics/Pico/pico1.uasset'
[2025.05.30-14.39.37:484][560]LogSavePackage: Moving '../../../../../../Users/misha/YandexDisk/МИФИ/VR_tms/FinalProject/EngiPracrice/Saved/pico1_Mat94F38EEE492353E05161D8A4C9C23948.tmp' to '../../../../../../Users/misha/YandexDisk/МИФИ/VR_tms/FinalProject/EngiPracrice/Content/MyMehes/Electronics/Pico/pico1_Mat.uasset'
[2025.05.30-14.39.37:486][560]LogSavePackage: Moving '../../../../../../Users/misha/YandexDisk/МИФИ/VR_tms/FinalProject/EngiPracrice/Saved/pico1_Mat17D003174FE4F50EA115AAAE43EE79B1.tmp' to '../../../../../../Users/misha/YandexDisk/МИФИ/VR_tms/FinalProject/EngiPracrice/Content/MyMehes/Electronics/pico1_Mat.uasset'
[2025.05.30-14.39.37:495][560]LogSavePackage: Moving '../../../../../../Users/misha/YandexDisk/МИФИ/VR_tms/FinalProject/EngiPracrice/Saved/Pico_BlackB8B44A434865DDA7F23E66A4FFE1516D.tmp' to '../../../../../../Users/misha/YandexDisk/МИФИ/VR_tms/FinalProject/EngiPracrice/Content/MyMehes/Electronics/Pico/Pico_Black.uasset'
[2025.05.30-14.39.37:506][560]LogSavePackage: Moving '../../../../../../Users/misha/YandexDisk/МИФИ/VR_tms/FinalProject/EngiPracrice/Saved/Pico_bot73A3F2644812D02BA3B1AE9DA169F527.tmp' to '../../../../../../Users/misha/YandexDisk/МИФИ/VR_tms/FinalProject/EngiPracrice/Content/MyMehes/Electronics/Pico/Pico_bot.uasset'
[2025.05.30-14.39.37:546][560]LogSavePackage: Moving '../../../../../../Users/misha/YandexDisk/МИФИ/VR_tms/FinalProject/EngiPracrice/Saved/Pico_bot_ncl1_1BD1BD3D34646CF396D25D3B858A715A3.tmp' to '../../../../../../Users/misha/YandexDisk/МИФИ/VR_tms/FinalProject/EngiPracrice/Content/MyMehes/Electronics/Pico/Pico_bot_ncl1_1.uasset'
[2025.05.30-14.39.37:557][560]LogSavePackage: Moving '../../../../../../Users/misha/YandexDisk/МИФИ/VR_tms/FinalProject/EngiPracrice/Saved/Pico_GreenB40C198E4F32E2C9D5A0949FB079963E.tmp' to '../../../../../../Users/misha/YandexDisk/МИФИ/VR_tms/FinalProject/EngiPracrice/Content/MyMehes/Electronics/Pico/Pico_Green.uasset'
[2025.05.30-14.39.37:565][560]LogSavePackage: Moving '../../../../../../Users/misha/YandexDisk/МИФИ/VR_tms/FinalProject/EngiPracrice/Saved/Pico_Metall673B8A42409B20C44241B19C7D7E2888.tmp' to '../../../../../../Users/misha/YandexDisk/МИФИ/VR_tms/FinalProject/EngiPracrice/Content/MyMehes/Electronics/Pico/Pico_Metall.uasset'
[2025.05.30-14.39.37:638][560]LogUObjectHash: Compacting FUObjectHashTables data took   0.83ms
[2025.05.30-14.39.37:648][560]LogUObjectHash: Compacting FUObjectHashTables data took   0.54ms
[2025.05.30-14.39.37:659][560]LogUObjectHash: Compacting FUObjectHashTables data took   0.46ms
[2025.05.30-14.39.37:666][560]LogUObjectHash: Compacting FUObjectHashTables data took   0.54ms
[2025.05.30-14.39.37:673][560]LogUObjectHash: Compacting FUObjectHashTables data took   0.38ms
[2025.05.30-14.39.37:680][560]LogUObjectHash: Compacting FUObjectHashTables data took   0.33ms
[2025.05.30-14.39.37:686][560]LogUObjectHash: Compacting FUObjectHashTables data took   0.29ms
[2025.05.30-14.39.37:698][560]LogUObjectHash: Compacting FUObjectHashTables data took   0.72ms
[2025.05.30-14.39.37:702][560]LogUObjectHash: Compacting FUObjectHashTables data took   0.26ms
[2025.05.30-14.39.37:745][560]AssetCheck: New page: Asset Save: multiple assets
[2025.05.30-14.39.37:745][560]LogContentValidation: Display: Validating Material /Game/MyMehes/Electronics/Pico/pico1_Mat.pico1_Mat
[2025.05.30-14.39.37:745][560]LogContentValidation: Display: Validating Texture2D /Game/MyMehes/Electronics/Pico/Pico_bot_ncl1_1.Pico_bot_ncl1_1
[2025.05.30-14.39.37:745][560]LogContentValidation: Display: Validating Material /Game/MyMehes/Electronics/Pico/Pico_bot.Pico_bot
[2025.05.30-14.39.37:745][560]LogContentValidation: Display: Validating Material /Game/MyMehes/Electronics/Pico/Pico_Green.Pico_Green
[2025.05.30-14.39.37:745][560]LogContentValidation: Display: Validating Material /Game/MyMehes/Electronics/Pico/Pico_Black.Pico_Black
[2025.05.30-14.39.37:745][560]LogContentValidation: Display: Validating Material /Game/MyMehes/Electronics/Pico/Pico_Metall.Pico_Metall
[2025.05.30-14.39.37:745][560]LogContentValidation: Display: Validating Texture2D /Game/MyMehes/Electronics/Pico/pico1.pico1
[2025.05.30-14.39.37:745][560]LogContentValidation: Display: Validating Material /Game/MyMehes/Electronics/Pico/Pico_Texture.Pico_Texture
[2025.05.30-14.39.37:745][560]LogContentValidation: Display: Validating StaticMesh /Game/MyMehes/Electronics/Pico/Pico.Pico
[2025.05.30-14.39.37:745][560]LogContentValidation: Display: Validating ObjectRedirector /Game/MyMehes/Electronics/pico1_Mat.pico1_Mat
[2025.05.30-14.39.37:745][560]LogContentValidation: Display: Validating ObjectRedirector /Game/MyMehes/Electronics/Pico.Pico
[2025.05.30-14.39.42:044][812]LogContentBrowser: Deferred new asset folder creation: NewFolder
[2025.05.30-14.39.42:054][812]LogContentBrowser: Creating deferred item: NewFolder
[2025.05.30-14.39.45:474][ 18]LogContentBrowser: Attempting asset rename: NewFolder -> Battery
[2025.05.30-14.39.45:475][ 18]LogContentBrowser: End creating deferred item NewFolder
[2025.05.30-14.40.19:261][361]LogFactory: FactoryCreateFile: StaticMesh with FbxFactory (0 0 C:\Users\misha\YandexDisk\МИФИ\VR_tms\FBX\Battery.fbx)
[2025.05.30-14.40.19:270][361]LogFbx: Loading FBX Scene from C:\Users\misha\YandexDisk\МИФИ\VR_tms\FBX\Battery.fbx
[2025.05.30-14.40.19:279][361]LogFbx: FBX Scene Loaded Succesfully
[2025.05.30-14.40.21:908][361]LogSlate: Window 'FBX Import Options' being destroyed
[2025.05.30-14.40.21:982][361]LogTexture: Display: Building textures: battery_base_color (OODLE_AutoDXT, 2048X2048)
[2025.05.30-14.40.22:042][361]LogTextureFormatOodle: Display: non-RDO encode 1024 x 1024 x 1 to format OODLE_AutoDXT (Oodle OodleTex_BC1_WithTransparency) lambda=0 effort=20 
[2025.05.30-14.40.22:042][361]LogTextureFormatOodle: Display: non-RDO encode 2048 x 2048 x 1 to format OODLE_AutoDXT (Oodle OodleTex_BC1_WithTransparency) lambda=0 effort=20 
[2025.05.30-14.40.22:043][361]LogMaterial: Display: Missing cached shadermap for TT_material_override-Battery in PCD3D_SM5, Default, SM5 (DDC key hash: 921C41A43B7CF8CD8943D48CF7788A8E0FA477C8), compiling. 
[2025.05.30-14.40.22:044][361]LogFbx: Display: Triangulating static mesh Battery
[2025.05.30-14.40.22:049][361]LogStaticMesh: Building static mesh Battery...
[2025.05.30-14.40.22:052][361]LogStaticMesh: Built static mesh [0.00s] /Game/MyMehes/Electronics/Battery/Battery.Battery
[2025.05.30-14.40.22:056][361]FBXImport: Warning: No smoothing group information was found in this FBX scene.  Please make sure to enable the 'Export Smoothing Groups' option in the FBX Exporter plug-in before exporting the file.  Even for tools that don't support smoothing groups, the FBX Exporter will generate appropriate smoothing data at export-time so that correct vertex normals can be inferred while importing. 
[2025.05.30-14.40.22:138][365]LogShaderCompilers: Display: Submitted 2 shader compile jobs with 'ForceLocal' priority
[2025.05.30-14.40.22:138][365]LogShaderCompilers: Display: Worker (1/21): shaders left to compile 2
[2025.05.30-14.40.22:138][365]LogShaderCompilers: Display: Worker (2/21): shaders left to compile 1
[2025.05.30-14.40.22:138][365]LogShaderCompilers: Display: Started 2 'Local' shader compile jobs with 'ForceLocal' priority
[2025.05.30-14.40.22:153][366]LogShaderCompilers: Display: Submitted 14 shader compile jobs with 'Normal' priority
[2025.05.30-14.40.22:172][367]LogShaderCompilers: Display: Worker (3/21): shaders left to compile 14
[2025.05.30-14.40.22:172][367]LogShaderCompilers: Display: Worker (4/21): shaders left to compile 13
[2025.05.30-14.40.22:172][367]LogShaderCompilers: Display: Worker (5/21): shaders left to compile 12
[2025.05.30-14.40.22:172][367]LogShaderCompilers: Display: Worker (6/21): shaders left to compile 11
[2025.05.30-14.40.22:172][367]LogShaderCompilers: Display: Worker (7/21): shaders left to compile 10
[2025.05.30-14.40.22:172][367]LogShaderCompilers: Display: Worker (8/21): shaders left to compile 9
[2025.05.30-14.40.22:172][367]LogShaderCompilers: Display: Worker (9/21): shaders left to compile 8
[2025.05.30-14.40.22:172][367]LogShaderCompilers: Display: Worker (10/21): shaders left to compile 7
[2025.05.30-14.40.22:172][367]LogShaderCompilers: Display: Worker (11/21): shaders left to compile 6
[2025.05.30-14.40.22:172][367]LogShaderCompilers: Display: Worker (12/21): shaders left to compile 5
[2025.05.30-14.40.22:172][367]LogShaderCompilers: Display: Worker (13/21): shaders left to compile 4
[2025.05.30-14.40.22:172][367]LogShaderCompilers: Display: Worker (14/21): shaders left to compile 3
[2025.05.30-14.40.22:172][367]LogShaderCompilers: Display: Worker (15/21): shaders left to compile 2
[2025.05.30-14.40.22:172][367]LogShaderCompilers: Display: Worker (16/21): shaders left to compile 1
[2025.05.30-14.40.22:172][367]LogShaderCompilers: Display: Started 14 'Local' shader compile jobs with 'Normal' priority
[2025.05.30-14.40.22:383][379]LogShaderCompilers: Display: === FShaderJobCache stats ===
[2025.05.30-14.40.22:383][379]LogShaderCompilers: Display: Total job queries 1387, among them cache hits 472 (34.03%)
[2025.05.30-14.40.22:383][379]LogShaderCompilers: Display: Tracking 898 distinct input hashes that result in 124 distinct outputs (13.81%)
[2025.05.30-14.40.22:383][379]LogShaderCompilers: Display: RAM used: 2.33 MB (0.00 GB) of 1638.40 MB (1.60 GB) budget. Usage: 0.14%
[2025.05.30-14.40.22:383][379]LogShaderCompilers: Display: ================================================
[2025.05.30-14.40.26:503][621]LogSlate: Window 'Message Log' being destroyed
[2025.05.30-14.40.26:516][621]LogSlate: Window 'Message Log' being destroyed
[2025.05.30-14.40.29:651][805]LogActorFactory: Actor Factory created Battery
[2025.05.30-14.40.32:705][986]LogActorFactory: Actor Factory created Battery
[2025.05.30-14.40.41:145][487]LogAssetEditorSubsystem: Opening Asset editor for Material /Game/MyMehes/Electronics/Battery/TT_material_override-Battery.TT_material_override-Battery
[2025.05.30-14.40.41:146][487]LogMaterial: Display: Missing cached shadermap for TT_material_override-Battery in PCD3D_SM5, Default, SM5 (DDC key hash: CA840E84E9699A59F132E9C641C140D3704BA9D0), compiling. 
[2025.05.30-14.40.41:231][487]LogMaterial: Display: Missing cached shadermap for TT_material_override-Battery in PCD3D_SM5, Default, SM5 (DDC key hash: 86031B85A1A0797A98FE3B2634ACDB7FBE884D72), compiling. 
[2025.05.30-14.40.41:234][487]LogMaterial: Display: Missing cached shadermap for TT_material_override-Battery in PCD3D_SM5, Default, SM5 (DDC key hash: 61CB67EABC3F6937FC2B5A30BEE64CE35B5C8EDF), compiling. 
[2025.05.30-14.40.41:236][487]LogMaterial: Display: Missing cached shadermap for FMatExpressionPreview MaterialExpressionTextureSample_0 in PCD3D_SM5, Default, SM5 (DDC key hash: 9DD5FA9DBADD70CA1D170EB67C8CD22D7924D8F9), compiling. 
[2025.05.30-14.40.41:246][487]MaterialEditorStats: Texture samplers: 0/16
[2025.05.30-14.40.41:246][487]MaterialEditorStats: Texture Lookups (Est.): VS(0), PS(1)
[2025.05.30-14.40.41:246][487]MaterialEditorStats: User interpolators: 2/4 Scalars (1/4 Vectors) (TexCoords: 2, Custom: 0)
[2025.05.30-14.40.41:303][489]MaterialEditorStats: Texture samplers: 5/16
[2025.05.30-14.40.41:303][489]MaterialEditorStats: Texture Lookups (Est.): VS(0), PS(1)
[2025.05.30-14.40.41:303][489]MaterialEditorStats: User interpolators: 2/4 Scalars (1/4 Vectors) (TexCoords: 2, Custom: 0)
[2025.05.30-14.40.41:320][490]MaterialEditorStats: Base pass shader: 794 instructions
[2025.05.30-14.40.41:320][490]MaterialEditorStats: Base pass shader with Volumetric Lightmap: 861 instructions
[2025.05.30-14.40.41:320][490]MaterialEditorStats: Base pass vertex shader: 271 instructions
[2025.05.30-14.40.41:320][490]MaterialEditorStats: Texture samplers: 5/16
[2025.05.30-14.40.41:320][490]MaterialEditorStats: Texture Lookups (Est.): VS(0), PS(1)
[2025.05.30-14.40.41:320][490]MaterialEditorStats: User interpolators: 2/4 Scalars (1/4 Vectors) (TexCoords: 2, Custom: 0)
[2025.05.30-14.40.45:382][732]LogMaterial: Display: Missing cached shadermap for TT_material_override-Battery in PCD3D_SM5, Default, SM5 (DDC key hash: B75C0EC7938EE46812196C4F0A638571BB9E1F4A), compiling. 
[2025.05.30-14.40.45:383][732]MaterialEditorStats: Texture samplers: 0/16
[2025.05.30-14.40.45:400][733]LogShaderCompilers: Display: Submitted 2 shader compile jobs with 'ForceLocal' priority
[2025.05.30-14.40.45:400][733]LogShaderCompilers: Display: Worker (1/21): shaders left to compile 2
[2025.05.30-14.40.45:400][733]LogShaderCompilers: Display: Worker (2/21): shaders left to compile 1
[2025.05.30-14.40.45:400][733]LogShaderCompilers: Display: Started 2 'Local' shader compile jobs with 'ForceLocal' priority
[2025.05.30-14.40.45:400][733]LogShaderCompilers: Display: Submitted 8 shader compile jobs with 'Normal' priority
[2025.05.30-14.40.45:425][735]LogShaderCompilers: Display: Worker (3/21): shaders left to compile 8
[2025.05.30-14.40.45:425][735]LogShaderCompilers: Display: Worker (4/21): shaders left to compile 7
[2025.05.30-14.40.45:425][735]LogShaderCompilers: Display: Worker (5/21): shaders left to compile 6
[2025.05.30-14.40.45:425][735]LogShaderCompilers: Display: Worker (6/21): shaders left to compile 5
[2025.05.30-14.40.45:425][735]LogShaderCompilers: Display: Worker (7/21): shaders left to compile 4
[2025.05.30-14.40.45:425][735]LogShaderCompilers: Display: Worker (8/21): shaders left to compile 3
[2025.05.30-14.40.45:425][735]LogShaderCompilers: Display: Worker (9/21): shaders left to compile 2
[2025.05.30-14.40.45:425][735]LogShaderCompilers: Display: Worker (10/21): shaders left to compile 1
[2025.05.30-14.40.45:425][735]LogShaderCompilers: Display: Started 8 'Local' shader compile jobs with 'Normal' priority
[2025.05.30-14.40.45:829][756]MaterialEditorStats: Texture samplers: 2/16
[2025.05.30-14.40.47:208][832]MaterialEditorStats: Texture samplers: 4/16
[2025.05.30-14.40.47:881][850]MaterialEditorStats: Base pass shader: 790 instructions
[2025.05.30-14.40.47:881][850]MaterialEditorStats: Base pass shader with Volumetric Lightmap: 858 instructions
[2025.05.30-14.40.47:881][850]MaterialEditorStats: Base pass vertex shader: 267 instructions
[2025.05.30-14.40.47:881][850]MaterialEditorStats: Texture samplers: 4/16
[2025.05.30-14.40.51:787][ 38]LogSlate: Window 'TT_material_override-Battery' being destroyed
[2025.05.30-14.41.01:117][386]LogContentBrowser: Deferred new asset folder creation: NewFolder
[2025.05.30-14.41.01:132][386]LogContentBrowser: Creating deferred item: NewFolder
[2025.05.30-14.41.03:073][503]LogContentBrowser: Attempting asset rename: NewFolder -> Bake
[2025.05.30-14.41.03:073][503]LogContentBrowser: End creating deferred item NewFolder
[2025.05.30-14.41.15:072][754]LogFactory: FactoryCreateFile: Texture with ReimportTextureFactory (0 0 C:\Users\misha\YandexDisk\МИФИ\VR_tms\Blender\Bake\Battery\battery_base_color.png)
[2025.05.30-14.41.15:119][754]LogTexture: Display: Building textures: battery_base_color (OODLE_AutoDXT, 2048X2048)
[2025.05.30-14.41.15:170][754]LogTextureFormatOodle: Display: non-RDO encode 2048 x 2048 x 1 to format OODLE_AutoDXT (Oodle OodleTex_BC1_WithTransparency) lambda=0 effort=20 
[2025.05.30-14.41.15:170][754]LogTextureFormatOodle: Display: non-RDO encode 1024 x 1024 x 1 to format OODLE_AutoDXT (Oodle OodleTex_BC1_WithTransparency) lambda=0 effort=20 
[2025.05.30-14.41.15:170][754]LogFactory: FactoryCreateFile: Texture with ReimportTextureFactory (0 0 C:\Users\misha\YandexDisk\МИФИ\VR_tms\Blender\Bake\Battery\battery_metallic.png)
[2025.05.30-14.41.15:189][754]LogTexture: Display: Building textures: battery_metallic (OODLE_AutoDXT, 2048X2048)
[2025.05.30-14.41.15:238][754]LogTextureFormatOodle: Display: non-RDO encode 2048 x 2048 x 1 to format OODLE_AutoDXT (Oodle OodleTex_BC1_WithTransparency) lambda=0 effort=20 
[2025.05.30-14.41.15:238][754]LogTextureFormatOodle: Display: non-RDO encode 1024 x 1024 x 1 to format OODLE_AutoDXT (Oodle OodleTex_BC1_WithTransparency) lambda=0 effort=20 
[2025.05.30-14.41.15:238][754]LogFactory: FactoryCreateFile: Texture with ReimportTextureFactory (0 0 C:\Users\misha\YandexDisk\МИФИ\VR_tms\Blender\Bake\Battery\battery_roughness.png)
[2025.05.30-14.41.15:255][754]LogTexture: Display: Building textures: battery_roughness (OODLE_AutoDXT, 2048X2048)
[2025.05.30-14.41.15:294][754]LogTextureFormatOodle: Display: non-RDO encode 2048 x 2048 x 1 to format OODLE_AutoDXT (Oodle OodleTex_BC1_WithTransparency) lambda=0 effort=20 
[2025.05.30-14.41.15:294][754]LogTextureFormatOodle: Display: non-RDO encode 1024 x 1024 x 1 to format OODLE_AutoDXT (Oodle OodleTex_BC1_WithTransparency) lambda=0 effort=20 
[2025.05.30-14.41.20:379][856]LogMaterial: Display: Missing cached shadermap for TT_material_override-Battery in PCD3D_SM5, Default, SM5 (DDC key hash: C8B306CA90E96CB89B11E4304AECE9CD63F08FA7), compiling. 
[2025.05.30-14.41.20:386][856]LogMaterial: Display: Missing cached shadermap for FMatExpressionPreview MaterialExpressionTextureSample_1 in PCD3D_SM5, Default, SM5 (DDC key hash: 85FFD0F1E29FDEACC435031C99FD5A5AEBA62215), compiling. 
[2025.05.30-14.41.20:387][856]LogMaterial: Display: Missing cached shadermap for FMatExpressionPreview MaterialExpressionTextureSample_1 in PCD3D_SM5, Default, SM5 (DDC key hash: 9EE98622856E8DAB661241CA367E75EA283729FF), compiling. 
[2025.05.30-14.41.20:392][856]LogMaterial: Display: Missing cached shadermap for TT_material_override-Battery in PCD3D_SM5, Default, SM5 (DDC key hash: 306B861A07545FD174C144BF47E05D1D5C2C5C86), compiling. 
[2025.05.30-14.41.20:393][856]LogMaterial: Display: Missing cached shadermap for FMatExpressionPreview MaterialExpressionTextureSample_2 in PCD3D_SM5, Default, SM5 (DDC key hash: 90333775687A61EDFC50C297F2483CA83C3655F4), compiling. 
[2025.05.30-14.41.20:394][856]LogMaterial: Display: Missing cached shadermap for FMatExpressionPreview MaterialExpressionTextureSample_1 in PCD3D_SM5, Default, SM5 (DDC key hash: CB639F0B648C2608ECF59C3B2F57852B60F0E4B7), compiling. 
[2025.05.30-14.41.20:395][856]LogMaterial: Display: Missing cached shadermap for FMatExpressionPreview MaterialExpressionTextureSample_2 in PCD3D_SM5, Default, SM5 (DDC key hash: E856101A0D5DE6CCD193458C54C8411D0C5DC2CC), compiling. 
[2025.05.30-14.41.20:399][856]LogMaterial: Display: Missing cached shadermap for TT_material_override-Battery in PCD3D_SM5, Default, SM5 (DDC key hash: 9FC277EF8BF7F8F6C9BDFAB5D76FE702E8E58274), compiling. 
[2025.05.30-14.41.20:400][856]LogMaterial: Display: Missing cached shadermap for FMatExpressionPreview MaterialExpressionTextureSample_3 in PCD3D_SM5, Default, SM5 (DDC key hash: E8CD07189AFF78E8104F8495FACCC7F7C0A97005), compiling. 
[2025.05.30-14.41.20:401][856]LogMaterial: Display: Missing cached shadermap for FMatExpressionPreview MaterialExpressionTextureSample_1 in PCD3D_SM5, Default, SM5 (DDC key hash: D3519DAC9328DF627C5DFE0C0EF913D08C56AB61), compiling. 
[2025.05.30-14.41.20:402][856]LogMaterial: Display: Missing cached shadermap for FMatExpressionPreview MaterialExpressionTextureSample_2 in PCD3D_SM5, Default, SM5 (DDC key hash: F2841D3BF930A85D4343A9D36727A7119E2330BE), compiling. 
[2025.05.30-14.41.20:403][856]LogMaterial: Display: Missing cached shadermap for FMatExpressionPreview MaterialExpressionTextureSample_3 in PCD3D_SM5, Default, SM5 (DDC key hash: BDCD1B665538395B41C70BA87C3A5129BC4CF1BE), compiling. 
[2025.05.30-14.41.20:407][856]MaterialEditorStats: Texture samplers: 0/16
[2025.05.30-14.41.20:437][857]MaterialEditorStats: Base pass shader: 790 instructions
[2025.05.30-14.41.20:437][857]MaterialEditorStats: Base pass shader with Volumetric Lightmap: 858 instructions
[2025.05.30-14.41.20:437][857]MaterialEditorStats: Base pass vertex shader: 267 instructions
[2025.05.30-14.41.20:437][857]MaterialEditorStats: Texture samplers: 4/16
[2025.05.30-14.41.29:762][414]LogMaterial: Display: Missing cached shadermap for TT_material_override-Battery in PCD3D_SM5, Default, SM5 (DDC key hash: D1016AAF1FC99BAAE3244D8871D613D435146D24), compiling. 
[2025.05.30-14.41.29:765][414]LogMaterial: Display: Missing cached shadermap for FMatExpressionPreview MaterialExpressionTextureSample_1 in PCD3D_SM5, Default, SM5 (DDC key hash: 931377C79BCCF9937E5B9F6326A9175CEFF4A585), compiling. 
[2025.05.30-14.41.29:771][414]MaterialEditorStats: Texture samplers: 0/16
[2025.05.30-14.41.29:771][414]MaterialEditorStats: Texture Lookups (Est.): VS(0), PS(1)
[2025.05.30-14.41.29:771][414]MaterialEditorStats: User interpolators: 2/4 Scalars (1/4 Vectors) (TexCoords: 2, Custom: 0)
[2025.05.30-14.41.29:799][416]MaterialEditorStats: Texture samplers: 5/16
[2025.05.30-14.41.29:799][416]MaterialEditorStats: Texture Lookups (Est.): VS(0), PS(1)
[2025.05.30-14.41.29:799][416]MaterialEditorStats: User interpolators: 2/4 Scalars (1/4 Vectors) (TexCoords: 2, Custom: 0)
[2025.05.30-14.41.29:817][417]MaterialEditorStats: Base pass shader: 794 instructions
[2025.05.30-14.41.29:817][417]MaterialEditorStats: Base pass shader with Volumetric Lightmap: 861 instructions
[2025.05.30-14.41.29:817][417]MaterialEditorStats: Base pass vertex shader: 271 instructions
[2025.05.30-14.41.29:817][417]MaterialEditorStats: Texture samplers: 5/16
[2025.05.30-14.41.29:817][417]MaterialEditorStats: Texture Lookups (Est.): VS(0), PS(1)
[2025.05.30-14.41.29:817][417]MaterialEditorStats: User interpolators: 2/4 Scalars (1/4 Vectors) (TexCoords: 2, Custom: 0)
[2025.05.30-14.41.34:169][677]LogMaterial: Display: Missing cached shadermap for TT_material_override-Battery in PCD3D_SM5, Default, SM5 (DDC key hash: EF8390DC074C80A628662A8567B99CB777F2FC6A), compiling. 
[2025.05.30-14.41.34:170][677]LogMaterial: Display: Missing cached shadermap for FMatExpressionPreview MaterialExpressionTextureSample_2 in PCD3D_SM5, Default, SM5 (DDC key hash: 7D7D871D65CBA6B5BB00C094A0BA1AABC6787F85), compiling. 
[2025.05.30-14.41.34:176][677]MaterialEditorStats: Texture samplers: 0/16
[2025.05.30-14.41.34:176][677]MaterialEditorStats: Texture Lookups (Est.): VS(0), PS(2)
[2025.05.30-14.41.34:176][677]MaterialEditorStats: User interpolators: 2/4 Scalars (1/4 Vectors) (TexCoords: 2, Custom: 0)
[2025.05.30-14.41.34:186][678]LogShaderCompilers: Display: Submitted 2 shader compile jobs with 'ForceLocal' priority
[2025.05.30-14.41.34:193][679]LogShaderCompilers: Display: Submitted 8 shader compile jobs with 'Normal' priority
[2025.05.30-14.41.34:210][680]LogShaderCompilers: Display: Worker (1/21): shaders left to compile 2
[2025.05.30-14.41.34:210][680]LogShaderCompilers: Display: Worker (2/21): shaders left to compile 1
[2025.05.30-14.41.34:210][680]LogShaderCompilers: Display: Worker (3/21): shaders left to compile 8
[2025.05.30-14.41.34:210][680]LogShaderCompilers: Display: Worker (4/21): shaders left to compile 7
[2025.05.30-14.41.34:210][680]LogShaderCompilers: Display: Worker (5/21): shaders left to compile 6
[2025.05.30-14.41.34:210][680]LogShaderCompilers: Display: Worker (6/21): shaders left to compile 5
[2025.05.30-14.41.34:210][680]LogShaderCompilers: Display: Worker (7/21): shaders left to compile 4
[2025.05.30-14.41.34:210][680]LogShaderCompilers: Display: Worker (8/21): shaders left to compile 3
[2025.05.30-14.41.34:210][680]LogShaderCompilers: Display: Worker (9/21): shaders left to compile 2
[2025.05.30-14.41.34:210][680]LogShaderCompilers: Display: Worker (10/21): shaders left to compile 1
[2025.05.30-14.41.34:210][680]LogShaderCompilers: Display: Started 8 'Local' shader compile jobs with 'Normal' priority
[2025.05.30-14.41.34:210][680]LogShaderCompilers: Display: Started 2 'Local' shader compile jobs with 'ForceLocal' priority
[2025.05.30-14.41.34:585][700]MaterialEditorStats: Texture samplers: 2/16
[2025.05.30-14.41.34:585][700]MaterialEditorStats: Texture Lookups (Est.): VS(0), PS(2)
[2025.05.30-14.41.34:585][700]MaterialEditorStats: User interpolators: 2/4 Scalars (1/4 Vectors) (TexCoords: 2, Custom: 0)
[2025.05.30-14.41.35:748][763]LogMaterial: Display: Missing cached shadermap for TT_material_override-Battery in PCD3D_SM5, Default, SM5 (DDC key hash: 8327D197FF9123445221B8AF44AC116C8A7A90AA), compiling. 
[2025.05.30-14.41.35:750][763]LogMaterial: Display: Missing cached shadermap for FMatExpressionPreview MaterialExpressionTextureSample_3 in PCD3D_SM5, Default, SM5 (DDC key hash: AEEC8213428B9935769BA7D6F9D19F33EA0F8790), compiling. 
[2025.05.30-14.41.35:753][763]MaterialEditorStats: Texture samplers: 0/16
[2025.05.30-14.41.35:754][763]MaterialEditorStats: Texture Lookups (Est.): VS(0), PS(3)
[2025.05.30-14.41.35:754][763]MaterialEditorStats: User interpolators: 2/4 Scalars (1/4 Vectors) (TexCoords: 2, Custom: 0)
[2025.05.30-14.41.35:765][764]LogShaderCompilers: Display: Submitted 2 shader compile jobs with 'ForceLocal' priority
[2025.05.30-14.41.35:765][764]LogShaderCompilers: Display: Worker (2/21): shaders left to compile 2
[2025.05.30-14.41.35:765][764]LogShaderCompilers: Display: Worker (3/21): shaders left to compile 1
[2025.05.30-14.41.35:765][764]LogShaderCompilers: Display: Started 2 'Local' shader compile jobs with 'ForceLocal' priority
[2025.05.30-14.41.35:776][765]LogShaderCompilers: Display: Submitted 8 shader compile jobs with 'Normal' priority
[2025.05.30-14.41.35:776][765]LogShaderCompilers: Display: Worker (5/21): shaders left to compile 8
[2025.05.30-14.41.35:776][765]LogShaderCompilers: Display: Worker (8/21): shaders left to compile 7
[2025.05.30-14.41.35:776][765]LogShaderCompilers: Display: Worker (11/21): shaders left to compile 6
[2025.05.30-14.41.35:776][765]LogShaderCompilers: Display: Worker (12/21): shaders left to compile 5
[2025.05.30-14.41.35:776][765]LogShaderCompilers: Display: Worker (13/21): shaders left to compile 4
[2025.05.30-14.41.35:776][765]LogShaderCompilers: Display: Worker (14/21): shaders left to compile 3
[2025.05.30-14.41.35:776][765]LogShaderCompilers: Display: Worker (15/21): shaders left to compile 2
[2025.05.30-14.41.35:776][765]LogShaderCompilers: Display: Worker (16/21): shaders left to compile 1
[2025.05.30-14.41.35:776][765]LogShaderCompilers: Display: Started 8 'Local' shader compile jobs with 'Normal' priority
[2025.05.30-14.41.36:269][781]MaterialEditorStats: Texture samplers: 2/16
[2025.05.30-14.41.36:269][781]MaterialEditorStats: Texture Lookups (Est.): VS(0), PS(3)
[2025.05.30-14.41.36:269][781]MaterialEditorStats: User interpolators: 2/4 Scalars (1/4 Vectors) (TexCoords: 2, Custom: 0)
[2025.05.30-14.41.37:758][857]MaterialEditorStats: Texture samplers: 7/16
[2025.05.30-14.41.37:758][857]MaterialEditorStats: Texture Lookups (Est.): VS(0), PS(3)
[2025.05.30-14.41.37:758][857]MaterialEditorStats: User interpolators: 2/4 Scalars (1/4 Vectors) (TexCoords: 2, Custom: 0)
[2025.05.30-14.41.38:042][874]MaterialEditorStats: Base pass shader: 795 instructions
[2025.05.30-14.41.38:042][874]MaterialEditorStats: Base pass shader with Volumetric Lightmap: 862 instructions
[2025.05.30-14.41.38:042][874]MaterialEditorStats: Base pass vertex shader: 271 instructions
[2025.05.30-14.41.38:042][874]MaterialEditorStats: Texture samplers: 7/16
[2025.05.30-14.41.38:042][874]MaterialEditorStats: Texture Lookups (Est.): VS(0), PS(3)
[2025.05.30-14.41.38:042][874]MaterialEditorStats: User interpolators: 2/4 Scalars (1/4 Vectors) (TexCoords: 2, Custom: 0)
[2025.05.30-14.41.45:418][313]LogMaterial: Display: Missing cached shadermap for TT_material_override-Battery in PCD3D_SM5, Default, SM5 (DDC key hash: 42D8CCEC5EE5FA1677BD5DAAF9680FB1318E6874), compiling. 
[2025.05.30-14.41.45:504][318]MaterialEditorStats: Base pass shader: 796 instructions
[2025.05.30-14.41.45:504][318]MaterialEditorStats: Base pass shader with Volumetric Lightmap: 863 instructions
[2025.05.30-14.41.45:504][318]MaterialEditorStats: Base pass vertex shader: 271 instructions
[2025.05.30-14.41.45:504][318]MaterialEditorStats: Texture samplers: 6/16
[2025.05.30-14.41.45:504][318]MaterialEditorStats: Texture Lookups (Est.): VS(0), PS(2)
[2025.05.30-14.41.45:504][318]MaterialEditorStats: User interpolators: 2/4 Scalars (1/4 Vectors) (TexCoords: 2, Custom: 0)
[2025.05.30-14.41.45:859][339]LogMaterial: Display: Missing cached shadermap for TT_material_override-Battery in PCD3D_SM5, Default, SM5 (DDC key hash: A16FB3AE702A737147A8512AA428B3765AC39F35), compiling. 
[2025.05.30-14.41.45:947][344]MaterialEditorStats: Base pass shader: 794 instructions
[2025.05.30-14.41.45:947][344]MaterialEditorStats: Base pass shader with Volumetric Lightmap: 861 instructions
[2025.05.30-14.41.45:947][344]MaterialEditorStats: Base pass vertex shader: 271 instructions
[2025.05.30-14.41.45:947][344]MaterialEditorStats: Texture samplers: 5/16
[2025.05.30-14.41.45:947][344]MaterialEditorStats: Texture Lookups (Est.): VS(0), PS(1)
[2025.05.30-14.41.45:947][344]MaterialEditorStats: User interpolators: 2/4 Scalars (1/4 Vectors) (TexCoords: 2, Custom: 0)
[2025.05.30-14.41.47:742][451]LogMaterial: Display: Missing cached shadermap for TT_material_override-Battery in PCD3D_SM5, Default, SM5 (DDC key hash: B2C95B7E65B342827E5E2D4AAE17A4F754863314), compiling. 
[2025.05.30-14.41.47:744][451]LogMaterial: Display: Missing cached shadermap for FMatExpressionPreview MaterialExpressionTextureSample_3 in PCD3D_SM5, Default, SM5 (DDC key hash: 73046C8EEF2A8B8279D68A6FD1B38F385FC2B5A4), compiling. 
[2025.05.30-14.41.47:748][451]MaterialEditorStats: Texture samplers: 0/16
[2025.05.30-14.41.47:748][451]MaterialEditorStats: Texture Lookups (Est.): VS(0), PS(2)
[2025.05.30-14.41.47:748][451]MaterialEditorStats: User interpolators: 2/4 Scalars (1/4 Vectors) (TexCoords: 2, Custom: 0)
[2025.05.30-14.41.47:756][452]LogShaderCompilers: Display: Submitted 2 shader compile jobs with 'ForceLocal' priority
[2025.05.30-14.41.47:765][453]LogShaderCompilers: Display: Worker (1/21): shaders left to compile 2
[2025.05.30-14.41.47:765][453]LogShaderCompilers: Display: Worker (2/21): shaders left to compile 1
[2025.05.30-14.41.47:765][453]LogShaderCompilers: Display: Started 2 'Local' shader compile jobs with 'ForceLocal' priority
[2025.05.30-14.41.47:765][453]LogShaderCompilers: Display: Submitted 8 shader compile jobs with 'Normal' priority
[2025.05.30-14.41.47:765][453]LogShaderCompilers: Display: Worker (3/21): shaders left to compile 8
[2025.05.30-14.41.47:765][453]LogShaderCompilers: Display: Worker (4/21): shaders left to compile 7
[2025.05.30-14.41.47:765][453]LogShaderCompilers: Display: Worker (5/21): shaders left to compile 6
[2025.05.30-14.41.47:765][453]LogShaderCompilers: Display: Worker (6/21): shaders left to compile 5
[2025.05.30-14.41.47:765][453]LogShaderCompilers: Display: Worker (7/21): shaders left to compile 4
[2025.05.30-14.41.47:765][453]LogShaderCompilers: Display: Worker (8/21): shaders left to compile 3
[2025.05.30-14.41.47:765][453]LogShaderCompilers: Display: Worker (9/21): shaders left to compile 2
[2025.05.30-14.41.47:765][453]LogShaderCompilers: Display: Worker (10/21): shaders left to compile 1
[2025.05.30-14.41.47:765][453]LogShaderCompilers: Display: Started 8 'Local' shader compile jobs with 'Normal' priority
[2025.05.30-14.41.48:245][474]MaterialEditorStats: Texture samplers: 2/16
[2025.05.30-14.41.48:245][474]MaterialEditorStats: Texture Lookups (Est.): VS(0), PS(2)
[2025.05.30-14.41.48:245][474]MaterialEditorStats: User interpolators: 2/4 Scalars (1/4 Vectors) (TexCoords: 2, Custom: 0)
[2025.05.30-14.41.49:190][529]LogMaterial: Display: Missing cached shadermap for TT_material_override-Battery in PCD3D_SM5, Default, SM5 (DDC key hash: 06921E154F5BFCC565B40AB38F13FEB094B0106D), compiling. 
[2025.05.30-14.41.49:191][529]LogMaterial: Display: Missing cached shadermap for FMatExpressionPreview MaterialExpressionTextureSample_2 in PCD3D_SM5, Default, SM5 (DDC key hash: 3F8A6A6DF7DCFEFFCB61DF0D7606821E08EC38C7), compiling. 
[2025.05.30-14.41.49:195][529]MaterialEditorStats: Texture samplers: 0/16
[2025.05.30-14.41.49:195][529]MaterialEditorStats: Texture Lookups (Est.): VS(0), PS(3)
[2025.05.30-14.41.49:195][529]MaterialEditorStats: User interpolators: 2/4 Scalars (1/4 Vectors) (TexCoords: 2, Custom: 0)
[2025.05.30-14.41.49:205][530]LogShaderCompilers: Display: Submitted 2 shader compile jobs with 'ForceLocal' priority
[2025.05.30-14.41.49:205][530]LogShaderCompilers: Display: Worker (2/21): shaders left to compile 2
[2025.05.30-14.41.49:205][530]LogShaderCompilers: Display: Worker (3/21): shaders left to compile 1
[2025.05.30-14.41.49:205][530]LogShaderCompilers: Display: Started 2 'Local' shader compile jobs with 'ForceLocal' priority
[2025.05.30-14.41.49:216][531]LogShaderCompilers: Display: Submitted 8 shader compile jobs with 'Normal' priority
[2025.05.30-14.41.49:216][531]LogShaderCompilers: Display: Worker (5/21): shaders left to compile 8
[2025.05.30-14.41.49:216][531]LogShaderCompilers: Display: Worker (8/21): shaders left to compile 7
[2025.05.30-14.41.49:216][531]LogShaderCompilers: Display: Worker (11/21): shaders left to compile 6
[2025.05.30-14.41.49:216][531]LogShaderCompilers: Display: Worker (12/21): shaders left to compile 5
[2025.05.30-14.41.49:216][531]LogShaderCompilers: Display: Worker (13/21): shaders left to compile 4
[2025.05.30-14.41.49:216][531]LogShaderCompilers: Display: Worker (14/21): shaders left to compile 3
[2025.05.30-14.41.49:216][531]LogShaderCompilers: Display: Worker (15/21): shaders left to compile 2
[2025.05.30-14.41.49:216][531]LogShaderCompilers: Display: Worker (16/21): shaders left to compile 1
[2025.05.30-14.41.49:216][531]LogShaderCompilers: Display: Started 8 'Local' shader compile jobs with 'Normal' priority
[2025.05.30-14.41.49:765][549]MaterialEditorStats: Texture samplers: 2/16
[2025.05.30-14.41.49:765][549]MaterialEditorStats: Texture Lookups (Est.): VS(0), PS(3)
[2025.05.30-14.41.49:765][549]MaterialEditorStats: User interpolators: 2/4 Scalars (1/4 Vectors) (TexCoords: 2, Custom: 0)
[2025.05.30-14.41.51:298][633]MaterialEditorStats: Texture samplers: 6/16
[2025.05.30-14.41.51:298][633]MaterialEditorStats: Texture Lookups (Est.): VS(0), PS(3)
[2025.05.30-14.41.51:298][633]MaterialEditorStats: User interpolators: 2/4 Scalars (1/4 Vectors) (TexCoords: 2, Custom: 0)
[2025.05.30-14.41.51:315][634]MaterialEditorStats: Texture samplers: 7/16
[2025.05.30-14.41.51:315][634]MaterialEditorStats: Texture Lookups (Est.): VS(0), PS(3)
[2025.05.30-14.41.51:315][634]MaterialEditorStats: User interpolators: 2/4 Scalars (1/4 Vectors) (TexCoords: 2, Custom: 0)
[2025.05.30-14.41.51:443][638]MaterialEditorStats: Base pass shader: 795 instructions
[2025.05.30-14.41.51:443][638]MaterialEditorStats: Base pass shader with Volumetric Lightmap: 862 instructions
[2025.05.30-14.41.51:443][638]MaterialEditorStats: Base pass vertex shader: 271 instructions
[2025.05.30-14.41.51:443][638]MaterialEditorStats: Texture samplers: 7/16
[2025.05.30-14.41.51:444][638]MaterialEditorStats: Texture Lookups (Est.): VS(0), PS(3)
[2025.05.30-14.41.51:444][638]MaterialEditorStats: User interpolators: 2/4 Scalars (1/4 Vectors) (TexCoords: 2, Custom: 0)
[2025.05.30-14.42.11:558][840]LogMaterial: Display: Missing cached shadermap for TT_material_override-Battery in PCD3D_SM5, Default, SM5 (DDC key hash: E943CA10E51CF758C79B483953B1F5434EA221CD), compiling. 
[2025.05.30-14.42.11:649][845]MaterialEditorStats: Base pass shader: 796 instructions
[2025.05.30-14.42.11:649][845]MaterialEditorStats: Base pass shader with Volumetric Lightmap: 863 instructions
[2025.05.30-14.42.11:649][845]MaterialEditorStats: Base pass vertex shader: 271 instructions
[2025.05.30-14.42.11:649][845]MaterialEditorStats: Texture samplers: 6/16
[2025.05.30-14.42.11:649][845]MaterialEditorStats: Texture Lookups (Est.): VS(0), PS(2)
[2025.05.30-14.42.11:649][845]MaterialEditorStats: User interpolators: 2/4 Scalars (1/4 Vectors) (TexCoords: 2, Custom: 0)
[2025.05.30-14.42.12:118][873]LogMaterial: Display: Missing cached shadermap for TT_material_override-Battery in PCD3D_SM5, Default, SM5 (DDC key hash: 7A7ECABBFE2A36F169E6336F28E3B72A9B77A071), compiling. 
[2025.05.30-14.42.12:204][878]MaterialEditorStats: Base pass shader: 794 instructions
[2025.05.30-14.42.12:204][878]MaterialEditorStats: Base pass shader with Volumetric Lightmap: 861 instructions
[2025.05.30-14.42.12:204][878]MaterialEditorStats: Base pass vertex shader: 271 instructions
[2025.05.30-14.42.12:204][878]MaterialEditorStats: Texture samplers: 5/16
[2025.05.30-14.42.12:204][878]MaterialEditorStats: Texture Lookups (Est.): VS(0), PS(1)
[2025.05.30-14.42.12:204][878]MaterialEditorStats: User interpolators: 2/4 Scalars (1/4 Vectors) (TexCoords: 2, Custom: 0)
[2025.05.30-14.42.16:728][147]LogMaterial: Display: Missing cached shadermap for TT_material_override-Battery in PCD3D_SM5, Default, SM5 (DDC key hash: A271D4C69AF42D375B4646D88DF09DAE91D9E816), compiling. 
[2025.05.30-14.42.16:731][147]LogMaterial: Display: Missing cached shadermap for FMatExpressionPreview MaterialExpressionTextureSample_2 in PCD3D_SM5, Default, SM5 (DDC key hash: 773061E61D061575090C742D8566463D794EB359), compiling. 
[2025.05.30-14.42.16:740][147]MaterialEditorStats: Texture samplers: 0/16
[2025.05.30-14.42.16:740][147]MaterialEditorStats: Texture Lookups (Est.): VS(0), PS(2)
[2025.05.30-14.42.16:740][147]MaterialEditorStats: User interpolators: 2/4 Scalars (1/4 Vectors) (TexCoords: 2, Custom: 0)
[2025.05.30-14.42.16:770][149]MaterialEditorStats: Texture samplers: 6/16
[2025.05.30-14.42.16:770][149]MaterialEditorStats: Texture Lookups (Est.): VS(0), PS(2)
[2025.05.30-14.42.16:770][149]MaterialEditorStats: User interpolators: 2/4 Scalars (1/4 Vectors) (TexCoords: 2, Custom: 0)
[2025.05.30-14.42.16:788][150]MaterialEditorStats: Base pass shader: 796 instructions
[2025.05.30-14.42.16:788][150]MaterialEditorStats: Base pass shader with Volumetric Lightmap: 863 instructions
[2025.05.30-14.42.16:788][150]MaterialEditorStats: Base pass vertex shader: 271 instructions
[2025.05.30-14.42.16:788][150]MaterialEditorStats: Texture samplers: 6/16
[2025.05.30-14.42.16:788][150]MaterialEditorStats: Texture Lookups (Est.): VS(0), PS(2)
[2025.05.30-14.42.16:788][150]MaterialEditorStats: User interpolators: 2/4 Scalars (1/4 Vectors) (TexCoords: 2, Custom: 0)
[2025.05.30-14.42.21:365][421]LogMaterial: Display: Missing cached shadermap for TT_material_override-Battery in PCD3D_SM5, Default, SM5 (DDC key hash: 8CEE9658F8A4BA2F60797F15862456DF958AD529), compiling. 
[2025.05.30-14.42.21:367][421]LogMaterial: Display: Missing cached shadermap for FMatExpressionPreview MaterialExpressionTextureSample_3 in PCD3D_SM5, Default, SM5 (DDC key hash: 9EBAA7EA0C30F61189338B7C8B2FD26AF599C220), compiling. 
[2025.05.30-14.42.21:371][421]MaterialEditorStats: Texture samplers: 0/16
[2025.05.30-14.42.21:371][421]MaterialEditorStats: Texture Lookups (Est.): VS(0), PS(3)
[2025.05.30-14.42.21:371][421]MaterialEditorStats: User interpolators: 2/4 Scalars (1/4 Vectors) (TexCoords: 2, Custom: 0)
[2025.05.30-14.42.21:388][423]LogShaderCompilers: Display: Submitted 2 shader compile jobs with 'ForceLocal' priority
[2025.05.30-14.42.21:388][423]LogShaderCompilers: Display: Worker (1/21): shaders left to compile 2
[2025.05.30-14.42.21:388][423]LogShaderCompilers: Display: Worker (2/21): shaders left to compile 1
[2025.05.30-14.42.21:388][423]LogShaderCompilers: Display: Started 2 'Local' shader compile jobs with 'ForceLocal' priority
[2025.05.30-14.42.21:388][423]LogShaderCompilers: Display: Submitted 8 shader compile jobs with 'Normal' priority
[2025.05.30-14.42.21:424][425]LogShaderCompilers: Display: Worker (3/21): shaders left to compile 8
[2025.05.30-14.42.21:424][425]LogShaderCompilers: Display: Worker (4/21): shaders left to compile 7
[2025.05.30-14.42.21:424][425]LogShaderCompilers: Display: Worker (5/21): shaders left to compile 6
[2025.05.30-14.42.21:424][425]LogShaderCompilers: Display: Worker (6/21): shaders left to compile 5
[2025.05.30-14.42.21:424][425]LogShaderCompilers: Display: Worker (7/21): shaders left to compile 4
[2025.05.30-14.42.21:424][425]LogShaderCompilers: Display: Worker (8/21): shaders left to compile 3
[2025.05.30-14.42.21:424][425]LogShaderCompilers: Display: Worker (9/21): shaders left to compile 2
[2025.05.30-14.42.21:424][425]LogShaderCompilers: Display: Worker (10/21): shaders left to compile 1
[2025.05.30-14.42.21:424][425]LogShaderCompilers: Display: Started 8 'Local' shader compile jobs with 'Normal' priority
[2025.05.30-14.42.21:876][446]MaterialEditorStats: Texture samplers: 2/16
[2025.05.30-14.42.21:876][446]MaterialEditorStats: Texture Lookups (Est.): VS(0), PS(3)
[2025.05.30-14.42.21:876][446]MaterialEditorStats: User interpolators: 2/4 Scalars (1/4 Vectors) (TexCoords: 2, Custom: 0)
[2025.05.30-14.42.23:295][527]MaterialEditorStats: Texture samplers: 6/16
[2025.05.30-14.42.23:295][527]MaterialEditorStats: Texture Lookups (Est.): VS(0), PS(3)
[2025.05.30-14.42.23:295][527]MaterialEditorStats: User interpolators: 2/4 Scalars (1/4 Vectors) (TexCoords: 2, Custom: 0)
[2025.05.30-14.42.23:327][529]MaterialEditorStats: Texture samplers: 7/16
[2025.05.30-14.42.23:328][529]MaterialEditorStats: Texture Lookups (Est.): VS(0), PS(3)
[2025.05.30-14.42.23:328][529]MaterialEditorStats: User interpolators: 2/4 Scalars (1/4 Vectors) (TexCoords: 2, Custom: 0)
[2025.05.30-14.42.23:520][540]MaterialEditorStats: Base pass shader: 798 instructions
[2025.05.30-14.42.23:520][540]MaterialEditorStats: Base pass shader with Volumetric Lightmap: 865 instructions
[2025.05.30-14.42.23:520][540]MaterialEditorStats: Base pass vertex shader: 271 instructions
[2025.05.30-14.42.23:520][540]MaterialEditorStats: Texture samplers: 7/16
[2025.05.30-14.42.23:520][540]MaterialEditorStats: Texture Lookups (Est.): VS(0), PS(3)
[2025.05.30-14.42.23:520][540]MaterialEditorStats: User interpolators: 2/4 Scalars (1/4 Vectors) (TexCoords: 2, Custom: 0)
[2025.05.30-14.43.00:645][767]LogMaterialEditor: Saving and Compiling material TT_material_override-Battery
[2025.05.30-14.43.00:851][767]LogMaterial: Display: Missing cached shadermap for TT_material_override-Battery in PCD3D_SM5, Default, SM5 (DDC key hash: A834840385839034B5E2073DD08A09F95BCA82AA), compiling. 
[2025.05.30-14.43.00:868][767]LogMaterial: Display: Missing cached shadermap for TT_material_override-Battery in PCD3D_SM5, Default, SM5 (DDC key hash: E814B6329DDEE8D3518C02FF8563C97E5652A55A), compiling. 
[2025.05.30-14.43.00:891][767]LogUObjectHash: Compacting FUObjectHashTables data took   0.57ms
[2025.05.30-14.43.00:896][767]LogShaderCompilers: Display: Submitted 1 shader compile jobs with 'ForceLocal' priority
[2025.05.30-14.43.01:111][767]LogShaderCompilers: Display: Worker (1/21): shaders left to compile 1
[2025.05.30-14.43.01:111][767]LogShaderCompilers: Display: Started 1 'Local' shader compile jobs with 'ForceLocal' priority
[2025.05.30-14.43.01:132][767]LogUObjectHash: Compacting FUObjectHashTables data took   0.32ms
[2025.05.30-14.43.01:164][767]LogShaderCompilers: Display: Submitted 5 shader compile jobs with 'Normal' priority
[2025.05.30-14.43.01:172][767]LogShaderCompilers: Display: Worker (1/21): shaders left to compile 5
[2025.05.30-14.43.01:172][767]LogShaderCompilers: Display: Worker (2/21): shaders left to compile 4
[2025.05.30-14.43.01:172][767]LogShaderCompilers: Display: Worker (3/21): shaders left to compile 3
[2025.05.30-14.43.01:172][767]LogShaderCompilers: Display: Worker (4/21): shaders left to compile 2
[2025.05.30-14.43.01:172][767]LogShaderCompilers: Display: Worker (5/21): shaders left to compile 1
[2025.05.30-14.43.01:172][767]LogShaderCompilers: Display: Started 5 'Local' shader compile jobs with 'Normal' priority
[2025.05.30-14.43.01:172][767]LogSavePackage: Moving '../../../../../../Users/misha/YandexDisk/МИФИ/VR_tms/FinalProject/EngiPracrice/Saved/TT_material_override-Battery702D55B34E3B887C15A2DB91DFB9088F.tmp' to '../../../../../../Users/misha/YandexDisk/МИФИ/VR_tms/FinalProject/EngiPracrice/Content/MyMehes/Electronics/Battery/TT_material_override-Battery.uasset'
[2025.05.30-14.43.01:184][767]AssetCheck: New page: Asset Save: TT_material_override-Battery
[2025.05.30-14.43.01:184][767]LogContentValidation: Display: Validating Material /Game/MyMehes/Electronics/Battery/TT_material_override-Battery.TT_material_override-Battery
[2025.05.30-14.43.01:185][767]MaterialEditorStats: Texture samplers: 3/16
[2025.05.30-14.43.01:185][767]MaterialEditorStats: Texture Lookups (Est.): VS(0), PS(3)
[2025.05.30-14.43.01:185][767]MaterialEditorStats: User interpolators: 2/4 Scalars (1/4 Vectors) (TexCoords: 2, Custom: 0)
[2025.05.30-14.43.01:205][768]MaterialEditorStats: Texture samplers: 7/16
[2025.05.30-14.43.01:205][768]MaterialEditorStats: Texture Lookups (Est.): VS(0), PS(3)
[2025.05.30-14.43.01:205][768]MaterialEditorStats: User interpolators: 2/4 Scalars (1/4 Vectors) (TexCoords: 2, Custom: 0)
[2025.05.30-14.43.02:482][840]MaterialEditorStats: Base pass shader: 798 instructions
[2025.05.30-14.43.02:482][840]MaterialEditorStats: Base pass shader with Volumetric Lightmap: 865 instructions
[2025.05.30-14.43.02:482][840]MaterialEditorStats: Base pass vertex shader: 271 instructions
[2025.05.30-14.43.02:482][840]MaterialEditorStats: Texture samplers: 8/16
[2025.05.30-14.43.02:482][840]MaterialEditorStats: Texture Lookups (Est.): VS(0), PS(3)
[2025.05.30-14.43.02:482][840]MaterialEditorStats: User interpolators: 2/4 Scalars (1/4 Vectors) (TexCoords: 2, Custom: 0)
[2025.05.30-14.43.08:437][192]LogActorFactory: Actor Factory created Battery
[2025.05.30-14.43.09:586][260]LogActorFactory: Actor Factory created Battery
[2025.05.30-14.43.12:847][451]LogEditorViewport: Clicking on Actor (LMB): StaticMeshActor (Battery)
[2025.05.30-14.43.12:953][457]LogEditorViewport: Clicking on Component (LMB): StaticMeshComponent (StaticMeshComponent0)
[2025.05.30-14.43.13:799][504]LogAssetEditorSubsystem: Opening Asset editor for StaticMesh /Game/MyMehes/Electronics/Battery/Battery.Battery
[2025.05.30-14.43.38:576][955]LogSavePackage: Moving '../../../../../../Users/misha/YandexDisk/МИФИ/VR_tms/FinalProject/EngiPracrice/Saved/BatteryEF72B79F47C1D27501DA098CCE83CEA3.tmp' to '../../../../../../Users/misha/YandexDisk/МИФИ/VR_tms/FinalProject/EngiPracrice/Content/MyMehes/Electronics/Battery/Battery.uasset'
[2025.05.30-14.43.38:589][955]AssetCheck: New page: Asset Save: Battery
[2025.05.30-14.43.38:589][955]LogContentValidation: Display: Validating StaticMesh /Game/MyMehes/Electronics/Battery/Battery.Battery
[2025.05.30-14.44.21:803][757]LogEditorFactories: Performing atomic reimport of [C:/Users/misha/YandexDisk/МИФИ/VR_tms/FBX/Battery.fbx]
[2025.05.30-14.44.21:834][757]LogFbx: Loading FBX Scene from C:/Users/misha/YandexDisk/МИФИ/VR_tms/FBX/Battery.fbx
[2025.05.30-14.44.21:841][757]LogFbx: FBX Scene Loaded Succesfully
[2025.05.30-14.44.21:852][757]LogFbx: Display: Triangulating static mesh Battery
[2025.05.30-14.44.21:866][757]LogStaticMesh: Building static mesh Battery...
[2025.05.30-14.44.21:869][757]LogStaticMesh: Built static mesh [0.00s] /Game/MyMehes/Electronics/Battery/Battery.Battery
[2025.05.30-14.44.21:873][757]LogEditorFactories: -- imported successfully
[2025.05.30-14.44.21:875][757]FBXImport: Warning: No smoothing group information was found in this FBX scene.  Please make sure to enable the 'Export Smoothing Groups' option in the FBX Exporter plug-in before exporting the file.  Even for tools that don't support smoothing groups, the FBX Exporter will generate appropriate smoothing data at export-time so that correct vertex normals can be inferred while importing. 
[2025.05.30-14.44.25:367][831]LogUObjectHash: Compacting FUObjectHashTables data took   0.91ms
[2025.05.30-14.44.27:093][831]LogSlate: Window 'Delete Assets' being destroyed
[2025.05.30-14.44.27:152][831]LogWorld: UWorld::CleanupWorld for World_6, bSessionEnded=true, bCleanupResources=true
[2025.05.30-14.44.27:152][831]LogSlate: InvalidateAllWidgets triggered.  All widgets were invalidated
[2025.05.30-14.44.27:160][831]LogSlate: Window 'Battery' being destroyed
[2025.05.30-14.44.27:176][831]LogWorld: UWorld::CleanupWorld for World_7, bSessionEnded=true, bCleanupResources=true
[2025.05.30-14.44.27:176][831]LogSlate: InvalidateAllWidgets triggered.  All widgets were invalidated
[2025.05.30-14.44.27:183][831]LogUObjectGlobals: Force Deleting 1 Package(s):
	Asset Name: /Game/MyMehes/Electronics/Battery/TT_material_override-Battery.TT_material_override-Battery
[2025.05.30-14.44.27:302][831]LogUObjectHash: Compacting FUObjectHashTables data took   0.49ms
[2025.05.30-14.44.27:308][831]LogUObjectHash: Compacting FUObjectHashTables data took   0.79ms
[2025.05.30-14.44.27:314][831]LogUObjectHash: Compacting FUObjectHashTables data took   0.31ms
[2025.05.30-14.44.28:206][884]LogUObjectHash: Compacting FUObjectHashTables data took   0.21ms
[2025.05.30-14.44.29:230][884]LogSlate: Window 'Delete Assets' being destroyed
[2025.05.30-14.44.29:257][884]LogUObjectGlobals: Force Deleting 1 Package(s):
	Asset Name: /Game/MyMehes/Electronics/Battery/battery_base_color.battery_base_color
[2025.05.30-14.44.29:404][884]LogObjectTools: Warning: Detected inconsistencies between reference gathering algorithms. Switching 'Editor.UseLegacyGetReferencersForDeletion' on for the remainder of this editor session.
[2025.05.30-14.44.29:431][884]LogUObjectHash: Compacting FUObjectHashTables data took   0.51ms
[2025.05.30-14.44.30:156][926]LogUObjectHash: Compacting FUObjectHashTables data took   0.20ms
[2025.05.30-14.44.30:999][926]LogSlate: Window 'Delete Assets' being destroyed
[2025.05.30-14.44.31:422][926]LogUObjectGlobals: Force Deleting 1 Package(s):
	Asset Name: /Game/MyMehes/Electronics/Battery/Battery.Battery
[2025.05.30-14.44.31:549][926]LogUObjectHash: Compacting FUObjectHashTables data took   0.56ms
[2025.05.30-14.44.31:554][926]LogUObjectHash: Compacting FUObjectHashTables data took   0.64ms
[2025.05.30-14.44.31:558][926]LogUObjectHash: Compacting FUObjectHashTables data took   0.28ms
[2025.05.30-14.44.36:977][229]LogFactory: FactoryCreateFile: StaticMesh with FbxFactory (0 0 C:\Users\misha\YandexDisk\МИФИ\VR_tms\FBX\Battery.fbx)
[2025.05.30-14.44.36:988][229]LogFbx: Loading FBX Scene from C:\Users\misha\YandexDisk\МИФИ\VR_tms\FBX\Battery.fbx
[2025.05.30-14.44.36:999][229]LogFbx: FBX Scene Loaded Succesfully
[2025.05.30-14.44.38:250][229]LogSlate: Window 'FBX Import Options' being destroyed
[2025.05.30-14.44.38:363][229]LogTexture: Display: Building textures: battery_base_color (OODLE_AutoDXT, 2048X2048)
[2025.05.30-14.44.38:426][229]LogTextureFormatOodle: Display: non-RDO encode 2048 x 2048 x 1 to format OODLE_AutoDXT (Oodle OodleTex_BC1_WithTransparency) lambda=0 effort=20 
[2025.05.30-14.44.38:426][229]LogTextureFormatOodle: Display: non-RDO encode 1024 x 1024 x 1 to format OODLE_AutoDXT (Oodle OodleTex_BC1_WithTransparency) lambda=0 effort=20 
[2025.05.30-14.44.38:426][229]LogMaterial: Display: Missing cached shadermap for TT_material_override-Battery in PCD3D_SM5, Default, SM5 (DDC key hash: F4711F81B594BB86B72862B46A31716ECB6B836E), compiling. 
[2025.05.30-14.44.38:427][229]LogFbx: Display: Triangulating static mesh Battery
[2025.05.30-14.44.38:431][229]LogStaticMesh: Building static mesh Battery...
[2025.05.30-14.44.38:434][229]LogStaticMesh: Built static mesh [0.00s] /Game/MyMehes/Electronics/Battery/Battery.Battery
[2025.05.30-14.44.38:438][229]FBXImport: Warning: No smoothing group information was found in this FBX scene.  Please make sure to enable the 'Export Smoothing Groups' option in the FBX Exporter plug-in before exporting the file.  Even for tools that don't support smoothing groups, the FBX Exporter will generate appropriate smoothing data at export-time so that correct vertex normals can be inferred while importing. 
[2025.05.30-14.44.38:491][230]LogShaderCompilers: Display: === FShaderJobCache stats ===
[2025.05.30-14.44.38:491][230]LogShaderCompilers: Display: Total job queries 1617, among them cache hits 636 (39.33%)
[2025.05.30-14.44.38:491][230]LogShaderCompilers: Display: Tracking 979 distinct input hashes that result in 132 distinct outputs (13.48%)
[2025.05.30-14.44.38:491][230]LogShaderCompilers: Display: RAM used: 2.51 MB (0.00 GB) of 1638.40 MB (1.60 GB) budget. Usage: 0.15%
[2025.05.30-14.44.38:491][230]LogShaderCompilers: Display: ================================================
[2025.05.30-14.44.51:608][775]LogSlate: Window 'Message Log' being destroyed
[2025.05.30-14.44.51:618][775]LogSlate: Window 'Message Log' being destroyed
[2025.05.30-14.44.56:072][ 38]LogUObjectHash: Compacting FUObjectHashTables data took   0.45ms
[2025.05.30-14.44.57:539][ 38]LogSlate: Window 'Delete Assets' being destroyed
[2025.05.30-14.44.57:610][ 38]LogUObjectHash: Compacting FUObjectHashTables data took   0.33ms
[2025.05.30-14.45.24:903][166]LogUObjectHash: Compacting FUObjectHashTables data took   0.21ms
[2025.05.30-14.45.24:918][166]LogSavePackage: Moving '../../../../../../Users/misha/YandexDisk/МИФИ/VR_tms/FinalProject/EngiPracrice/Saved/VRTemplateMap_Auto1CAE57B344ABD11362715868104723D6B.tmp' to '../../../../../../Users/misha/YandexDisk/МИФИ/VR_tms/FinalProject/EngiPracrice/Saved/Autosaves/Game/VRTemplate/Maps/VRTemplateMap_Auto1.umap'
[2025.05.30-14.45.24:918][166]LogFileHelpers: Editor autosave (incl. external actors) for '/Game/VRTemplate/Maps/VRTemplateMap' took 0.025
[2025.05.30-14.45.24:918][166]LogFileHelpers: Editor autosave (incl. sublevels & external actors) for all levels took 0.025
[2025.05.30-14.45.24:920][166]OBJ SavePackage: Generating thumbnails for [1] asset(s) in package [/Game/MyMehes/Worbench/Material_001] ([1] browsable assets)...
[2025.05.30-14.45.24:962][166]OBJ SavePackage:     Rendered thumbnail for [Material /Game/MyMehes/Worbench/Material_001.Material_001]
[2025.05.30-14.45.24:962][166]OBJ SavePackage: Finished generating thumbnails for package [/Game/MyMehes/Worbench/Material_001]
[2025.05.30-14.45.24:966][166]LogSavePackage: Moving '../../../../../../Users/misha/YandexDisk/МИФИ/VR_tms/FinalProject/EngiPracrice/Saved/Material_001_Auto1E9F760B54CE3A4AC0FC4549751F9A220.tmp' to '../../../../../../Users/misha/YandexDisk/МИФИ/VR_tms/FinalProject/EngiPracrice/Saved/Autosaves/Game/MyMehes/Worbench/Material_001_Auto1.uasset'
[2025.05.30-14.45.24:966][166]OBJ SavePackage: Generating thumbnails for [1] asset(s) in package [/Game/MyMehes/Laptop/bezel] ([1] browsable assets)...
[2025.05.30-14.45.25:010][166]OBJ SavePackage:     Rendered thumbnail for [Material /Game/MyMehes/Laptop/bezel.bezel]
[2025.05.30-14.45.25:010][166]OBJ SavePackage: Finished generating thumbnails for package [/Game/MyMehes/Laptop/bezel]
[2025.05.30-14.45.25:013][166]LogSavePackage: Moving '../../../../../../Users/misha/YandexDisk/МИФИ/VR_tms/FinalProject/EngiPracrice/Saved/bezel_Auto1D62C691D4B228C32A0C465A2499A504F.tmp' to '../../../../../../Users/misha/YandexDisk/МИФИ/VR_tms/FinalProject/EngiPracrice/Saved/Autosaves/Game/MyMehes/Laptop/bezel_Auto1.uasset'
[2025.05.30-14.45.25:014][166]OBJ SavePackage: Generating thumbnails for [1] asset(s) in package [/Game/MyMehes/Laptop/case] ([1] browsable assets)...
[2025.05.30-14.45.25:058][166]OBJ SavePackage:     Rendered thumbnail for [Material /Game/MyMehes/Laptop/case.case]
[2025.05.30-14.45.25:058][166]OBJ SavePackage: Finished generating thumbnails for package [/Game/MyMehes/Laptop/case]
[2025.05.30-14.45.25:061][166]LogSavePackage: Moving '../../../../../../Users/misha/YandexDisk/МИФИ/VR_tms/FinalProject/EngiPracrice/Saved/case_Auto1AB1F932743AF2810A17553AD81A7917A.tmp' to '../../../../../../Users/misha/YandexDisk/МИФИ/VR_tms/FinalProject/EngiPracrice/Saved/Autosaves/Game/MyMehes/Laptop/case_Auto1.uasset'
[2025.05.30-14.45.25:062][166]OBJ SavePackage: Generating thumbnails for [1] asset(s) in package [/Game/MyMehes/Laptop/display] ([1] browsable assets)...
[2025.05.30-14.45.25:104][166]OBJ SavePackage:     Rendered thumbnail for [Material /Game/MyMehes/Laptop/display.display]
[2025.05.30-14.45.25:104][166]OBJ SavePackage: Finished generating thumbnails for package [/Game/MyMehes/Laptop/display]
[2025.05.30-14.45.25:108][166]LogSavePackage: Moving '../../../../../../Users/misha/YandexDisk/МИФИ/VR_tms/FinalProject/EngiPracrice/Saved/display_Auto1E6CF715346BE6F9E77B9258A3D90B84B.tmp' to '../../../../../../Users/misha/YandexDisk/МИФИ/VR_tms/FinalProject/EngiPracrice/Saved/Autosaves/Game/MyMehes/Laptop/display_Auto1.uasset'
[2025.05.30-14.45.25:108][166]OBJ SavePackage: Generating thumbnails for [1] asset(s) in package [/Game/MyMehes/Laptop/ethernet_port] ([1] browsable assets)...
[2025.05.30-14.45.25:150][166]OBJ SavePackage:     Rendered thumbnail for [Material /Game/MyMehes/Laptop/ethernet_port.ethernet_port]
[2025.05.30-14.45.25:150][166]OBJ SavePackage: Finished generating thumbnails for package [/Game/MyMehes/Laptop/ethernet_port]
[2025.05.30-14.45.25:154][166]LogSavePackage: Moving '../../../../../../Users/misha/YandexDisk/МИФИ/VR_tms/FinalProject/EngiPracrice/Saved/ethernet_port_Auto1D7B9983240A573651C03768D69336FE0.tmp' to '../../../../../../Users/misha/YandexDisk/МИФИ/VR_tms/FinalProject/EngiPracrice/Saved/Autosaves/Game/MyMehes/Laptop/ethernet_port_Auto1.uasset'
[2025.05.30-14.45.25:154][166]OBJ SavePackage: Generating thumbnails for [1] asset(s) in package [/Game/MyMehes/Laptop/holes] ([1] browsable assets)...
[2025.05.30-14.45.25:197][166]OBJ SavePackage:     Rendered thumbnail for [Material /Game/MyMehes/Laptop/holes.holes]
[2025.05.30-14.45.25:197][166]OBJ SavePackage: Finished generating thumbnails for package [/Game/MyMehes/Laptop/holes]
[2025.05.30-14.45.25:200][166]LogSavePackage: Moving '../../../../../../Users/misha/YandexDisk/МИФИ/VR_tms/FinalProject/EngiPracrice/Saved/holes_Auto19C97AC0D42FAADC3E1A5338CAFBB7FCC.tmp' to '../../../../../../Users/misha/YandexDisk/МИФИ/VR_tms/FinalProject/EngiPracrice/Saved/Autosaves/Game/MyMehes/Laptop/holes_Auto1.uasset'
[2025.05.30-14.45.25:201][166]OBJ SavePackage: Generating thumbnails for [1] asset(s) in package [/Game/MyMehes/Laptop/keyboard] ([1] browsable assets)...
[2025.05.30-14.45.25:243][166]OBJ SavePackage:     Rendered thumbnail for [Material /Game/MyMehes/Laptop/keyboard.keyboard]
[2025.05.30-14.45.25:243][166]OBJ SavePackage: Finished generating thumbnails for package [/Game/MyMehes/Laptop/keyboard]
[2025.05.30-14.45.25:247][166]LogSavePackage: Moving '../../../../../../Users/misha/YandexDisk/МИФИ/VR_tms/FinalProject/EngiPracrice/Saved/keyboard_Auto137253F854E44F57FEE391AA44AC0D45F.tmp' to '../../../../../../Users/misha/YandexDisk/МИФИ/VR_tms/FinalProject/EngiPracrice/Saved/Autosaves/Game/MyMehes/Laptop/keyboard_Auto1.uasset'
[2025.05.30-14.45.25:247][166]OBJ SavePackage: Generating thumbnails for [1] asset(s) in package [/Game/MyMehes/Laptop/ports] ([1] browsable assets)...
[2025.05.30-14.45.25:289][166]OBJ SavePackage:     Rendered thumbnail for [Material /Game/MyMehes/Laptop/ports.ports]
[2025.05.30-14.45.25:289][166]OBJ SavePackage: Finished generating thumbnails for package [/Game/MyMehes/Laptop/ports]
[2025.05.30-14.45.25:292][166]LogSavePackage: Moving '../../../../../../Users/misha/YandexDisk/МИФИ/VR_tms/FinalProject/EngiPracrice/Saved/ports_Auto11363B9A24C89E106DE4736A4D49CC18B.tmp' to '../../../../../../Users/misha/YandexDisk/МИФИ/VR_tms/FinalProject/EngiPracrice/Saved/Autosaves/Game/MyMehes/Laptop/ports_Auto1.uasset'
[2025.05.30-14.45.25:293][166]OBJ SavePackage: Generating thumbnails for [1] asset(s) in package [/Game/MyMehes/Laptop/touchpad] ([1] browsable assets)...
[2025.05.30-14.45.25:298][166]OBJ SavePackage:     Rendered thumbnail for [Material /Game/MyMehes/Laptop/touchpad.touchpad]
[2025.05.30-14.45.25:298][166]OBJ SavePackage: Finished generating thumbnails for package [/Game/MyMehes/Laptop/touchpad]
[2025.05.30-14.45.25:302][166]LogSavePackage: Moving '../../../../../../Users/misha/YandexDisk/МИФИ/VR_tms/FinalProject/EngiPracrice/Saved/touchpad_Auto1E08667164637ED47B566FB912E685321.tmp' to '../../../../../../Users/misha/YandexDisk/МИФИ/VR_tms/FinalProject/EngiPracrice/Saved/Autosaves/Game/MyMehes/Laptop/touchpad_Auto1.uasset'
[2025.05.30-14.45.25:302][166]OBJ SavePackage: Generating thumbnails for [1] asset(s) in package [/Game/MyMehes/LaptopTable/BMD_BeechWood] ([1] browsable assets)...
[2025.05.30-14.45.25:345][166]OBJ SavePackage:     Rendered thumbnail for [Material /Game/MyMehes/LaptopTable/BMD_BeechWood.BMD_BeechWood]
[2025.05.30-14.45.25:345][166]OBJ SavePackage: Finished generating thumbnails for package [/Game/MyMehes/LaptopTable/BMD_BeechWood]
[2025.05.30-14.45.25:349][166]LogSavePackage: Moving '../../../../../../Users/misha/YandexDisk/МИФИ/VR_tms/FinalProject/EngiPracrice/Saved/BMD_BeechWood_Auto17362BDC145E23DDABA8D8FAC1AB16AA6.tmp' to '../../../../../../Users/misha/YandexDisk/МИФИ/VR_tms/FinalProject/EngiPracrice/Saved/Autosaves/Game/MyMehes/LaptopTable/BMD_BeechWood_Auto1.uasset'
[2025.05.30-14.45.25:350][166]OBJ SavePackage: Generating thumbnails for [1] asset(s) in package [/Game/MyMehes/LaptopTable/BMD_Chrome_0019] ([1] browsable assets)...
[2025.05.30-14.45.25:393][166]OBJ SavePackage:     Rendered thumbnail for [Material /Game/MyMehes/LaptopTable/BMD_Chrome_0019.BMD_Chrome_0019]
[2025.05.30-14.45.25:393][166]OBJ SavePackage: Finished generating thumbnails for package [/Game/MyMehes/LaptopTable/BMD_Chrome_0019]
[2025.05.30-14.45.25:397][166]LogSavePackage: Moving '../../../../../../Users/misha/YandexDisk/МИФИ/VR_tms/FinalProject/EngiPracrice/Saved/BMD_Chrome_0019_Auto12309329B4FAC91D9149679ADCB7C85D0.tmp' to '../../../../../../Users/misha/YandexDisk/МИФИ/VR_tms/FinalProject/EngiPracrice/Saved/Autosaves/Game/MyMehes/LaptopTable/BMD_Chrome_0019_Auto1.uasset'
[2025.05.30-14.45.25:397][166]OBJ SavePackage: Generating thumbnails for [1] asset(s) in package [/Game/MyMehes/LaptopTable/Dark_Gray] ([1] browsable assets)...
[2025.05.30-14.45.25:439][166]OBJ SavePackage:     Rendered thumbnail for [Material /Game/MyMehes/LaptopTable/Dark_Gray.Dark_Gray]
[2025.05.30-14.45.25:439][166]OBJ SavePackage: Finished generating thumbnails for package [/Game/MyMehes/LaptopTable/Dark_Gray]
[2025.05.30-14.45.25:443][166]LogSavePackage: Moving '../../../../../../Users/misha/YandexDisk/МИФИ/VR_tms/FinalProject/EngiPracrice/Saved/Dark_Gray_Auto17E6DF7A8462D5D0A91FC018C1CF3C7A0.tmp' to '../../../../../../Users/misha/YandexDisk/МИФИ/VR_tms/FinalProject/EngiPracrice/Saved/Autosaves/Game/MyMehes/LaptopTable/Dark_Gray_Auto1.uasset'
[2025.05.30-14.45.25:444][166]OBJ SavePackage: Generating thumbnails for [1] asset(s) in package [/Game/MyMehes/Sketchfab/_________________006] ([1] browsable assets)...
[2025.05.30-14.45.25:489][166]OBJ SavePackage:     Rendered thumbnail for [Material /Game/MyMehes/Sketchfab/_________________006._________________006]
[2025.05.30-14.45.25:489][166]OBJ SavePackage: Finished generating thumbnails for package [/Game/MyMehes/Sketchfab/_________________006]
[2025.05.30-14.45.25:492][166]LogSavePackage: Moving '../../../../../../Users/misha/YandexDisk/МИФИ/VR_tms/FinalProject/EngiPracrice/Saved/_________________006_Auto172424BAD4597D2BB7358CDA42DD06104.tmp' to '../../../../../../Users/misha/YandexDisk/МИФИ/VR_tms/FinalProject/EngiPracrice/Saved/Autosaves/Game/MyMehes/Sketchfab/_________________006_Auto1.uasset'
[2025.05.30-14.45.25:493][166]OBJ SavePackage: Generating thumbnails for [1] asset(s) in package [/Game/MyMehes/Sketchfab/_________________010] ([1] browsable assets)...
[2025.05.30-14.45.25:536][166]OBJ SavePackage:     Rendered thumbnail for [Material /Game/MyMehes/Sketchfab/_________________010._________________010]
[2025.05.30-14.45.25:536][166]OBJ SavePackage: Finished generating thumbnails for package [/Game/MyMehes/Sketchfab/_________________010]
[2025.05.30-14.45.25:540][166]LogSavePackage: Moving '../../../../../../Users/misha/YandexDisk/МИФИ/VR_tms/FinalProject/EngiPracrice/Saved/_________________010_Auto1363B57614AF2B78355DAB3840A1CEBAC.tmp' to '../../../../../../Users/misha/YandexDisk/МИФИ/VR_tms/FinalProject/EngiPracrice/Saved/Autosaves/Game/MyMehes/Sketchfab/_________________010_Auto1.uasset'
[2025.05.30-14.45.25:542][166]OBJ SavePackage: Generating thumbnails for [1] asset(s) in package [/Game/MyMehes/Sketchfab/Wood_001] ([1] browsable assets)...
[2025.05.30-14.45.25:584][166]OBJ SavePackage:     Rendered thumbnail for [Material /Game/MyMehes/Sketchfab/Wood_001.Wood_001]
[2025.05.30-14.45.25:584][166]OBJ SavePackage: Finished generating thumbnails for package [/Game/MyMehes/Sketchfab/Wood_001]
[2025.05.30-14.45.25:589][166]LogSavePackage: Moving '../../../../../../Users/misha/YandexDisk/МИФИ/VR_tms/FinalProject/EngiPracrice/Saved/Wood_001_Auto189E7038F4732E0B8616E819226B3A2D3.tmp' to '../../../../../../Users/misha/YandexDisk/МИФИ/VR_tms/FinalProject/EngiPracrice/Saved/Autosaves/Game/MyMehes/Sketchfab/Wood_001_Auto1.uasset'
[2025.05.30-14.45.25:589][166]OBJ SavePackage: Generating thumbnails for [1] asset(s) in package [/Game/MyMehes/Worbench/Material_002] ([1] browsable assets)...
[2025.05.30-14.45.25:631][166]OBJ SavePackage:     Rendered thumbnail for [Material /Game/MyMehes/Worbench/Material_002.Material_002]
[2025.05.30-14.45.25:631][166]OBJ SavePackage: Finished generating thumbnails for package [/Game/MyMehes/Worbench/Material_002]
[2025.05.30-14.45.25:634][166]LogSavePackage: Moving '../../../../../../Users/misha/YandexDisk/МИФИ/VR_tms/FinalProject/EngiPracrice/Saved/Material_002_Auto165BEA6DE45655B33CCF49B80215270CE.tmp' to '../../../../../../Users/misha/YandexDisk/МИФИ/VR_tms/FinalProject/EngiPracrice/Saved/Autosaves/Game/MyMehes/Worbench/Material_002_Auto1.uasset'
[2025.05.30-14.45.25:635][166]OBJ SavePackage: Generating thumbnails for [1] asset(s) in package [/Game/MyMehes/Worbench/Material_004] ([1] browsable assets)...
[2025.05.30-14.45.25:677][166]OBJ SavePackage:     Rendered thumbnail for [Material /Game/MyMehes/Worbench/Material_004.Material_004]
[2025.05.30-14.45.25:677][166]OBJ SavePackage: Finished generating thumbnails for package [/Game/MyMehes/Worbench/Material_004]
[2025.05.30-14.45.25:681][166]LogSavePackage: Moving '../../../../../../Users/misha/YandexDisk/МИФИ/VR_tms/FinalProject/EngiPracrice/Saved/Material_004_Auto1E5EC185B4BC55473D53A798D3DBA52ED.tmp' to '../../../../../../Users/misha/YandexDisk/МИФИ/VR_tms/FinalProject/EngiPracrice/Saved/Autosaves/Game/MyMehes/Worbench/Material_004_Auto1.uasset'
[2025.05.30-14.45.25:682][166]OBJ SavePackage: Generating thumbnails for [1] asset(s) in package [/Game/MyMehes/Worbench/Rojubase] ([1] browsable assets)...
[2025.05.30-14.45.25:725][166]OBJ SavePackage:     Rendered thumbnail for [Material /Game/MyMehes/Worbench/Rojubase.Rojubase]
[2025.05.30-14.45.25:725][166]OBJ SavePackage: Finished generating thumbnails for package [/Game/MyMehes/Worbench/Rojubase]
[2025.05.30-14.45.25:728][166]LogSavePackage: Moving '../../../../../../Users/misha/YandexDisk/МИФИ/VR_tms/FinalProject/EngiPracrice/Saved/Rojubase_Auto16B97CB8D49E9D666884F99978AE86A62.tmp' to '../../../../../../Users/misha/YandexDisk/МИФИ/VR_tms/FinalProject/EngiPracrice/Saved/Autosaves/Game/MyMehes/Worbench/Rojubase_Auto1.uasset'
[2025.05.30-14.45.25:730][166]OBJ SavePackage: Generating thumbnails for [1] asset(s) in package [/Game/MyMehes/Electronics/Battery/Bake/battery_base_color] ([1] browsable assets)...
[2025.05.30-14.45.25:733][166]OBJ SavePackage:     Rendered thumbnail for [Texture2D /Game/MyMehes/Electronics/Battery/Bake/battery_base_color.battery_base_color]
[2025.05.30-14.45.25:733][166]OBJ SavePackage: Finished generating thumbnails for package [/Game/MyMehes/Electronics/Battery/Bake/battery_base_color]
[2025.05.30-14.45.25:739][166]LogSavePackage: Moving '../../../../../../Users/misha/YandexDisk/МИФИ/VR_tms/FinalProject/EngiPracrice/Saved/battery_base_color_Auto1184D344642644341AA9540A3D43E49F5.tmp' to '../../../../../../Users/misha/YandexDisk/МИФИ/VR_tms/FinalProject/EngiPracrice/Saved/Autosaves/Game/MyMehes/Electronics/Battery/Bake/battery_base_color_Auto1.uasset'
[2025.05.30-14.45.25:740][166]OBJ SavePackage: Generating thumbnails for [1] asset(s) in package [/Game/MyMehes/Electronics/Battery/Bake/battery_roughness] ([1] browsable assets)...
[2025.05.30-14.45.25:742][166]OBJ SavePackage:     Rendered thumbnail for [Texture2D /Game/MyMehes/Electronics/Battery/Bake/battery_roughness.battery_roughness]
[2025.05.30-14.45.25:742][166]OBJ SavePackage: Finished generating thumbnails for package [/Game/MyMehes/Electronics/Battery/Bake/battery_roughness]
[2025.05.30-14.45.25:748][166]LogSavePackage: Moving '../../../../../../Users/misha/YandexDisk/МИФИ/VR_tms/FinalProject/EngiPracrice/Saved/battery_roughness_Auto17E8DF313451C16181EAB4EBC269A146D.tmp' to '../../../../../../Users/misha/YandexDisk/МИФИ/VR_tms/FinalProject/EngiPracrice/Saved/Autosaves/Game/MyMehes/Electronics/Battery/Bake/battery_roughness_Auto1.uasset'
[2025.05.30-14.45.25:750][166]OBJ SavePackage: Generating thumbnails for [1] asset(s) in package [/Game/MyMehes/Electronics/Battery/Bake/battery_metallic] ([1] browsable assets)...
[2025.05.30-14.45.25:752][166]OBJ SavePackage:     Rendered thumbnail for [Texture2D /Game/MyMehes/Electronics/Battery/Bake/battery_metallic.battery_metallic]
[2025.05.30-14.45.25:752][166]OBJ SavePackage: Finished generating thumbnails for package [/Game/MyMehes/Electronics/Battery/Bake/battery_metallic]
[2025.05.30-14.45.25:758][166]LogSavePackage: Moving '../../../../../../Users/misha/YandexDisk/МИФИ/VR_tms/FinalProject/EngiPracrice/Saved/battery_metallic_Auto1BEC7D54F47B5E1DFC7BABB898AA3C1BF.tmp' to '../../../../../../Users/misha/YandexDisk/МИФИ/VR_tms/FinalProject/EngiPracrice/Saved/Autosaves/Game/MyMehes/Electronics/Battery/Bake/battery_metallic_Auto1.uasset'
[2025.05.30-14.45.25:760][166]LogFileHelpers: Auto-saving content packages took 0.841
[2025.05.30-14.48.19:110][704]LogFactory: FactoryCreateFile: StaticMesh with FbxFactory (0 0 C:\Users\misha\YandexDisk\МИФИ\VR_tms\FBX\Battery.fbx)
[2025.05.30-14.48.19:120][704]LogFbx: Loading FBX Scene from C:\Users\misha\YandexDisk\МИФИ\VR_tms\FBX\Battery.fbx
[2025.05.30-14.48.19:128][704]LogFbx: FBX Scene Loaded Succesfully
[2025.05.30-14.48.20:383][704]LogSlate: Window 'FBX Import Options' being destroyed
[2025.05.30-14.48.20:410][704]LogMaterial: Display: Missing cached shadermap for Battery_Metal in PCD3D_SM5, Default, SM5 (DDC key hash: 110073D68B2A4A83846EF12F11E65A28BA466A05), compiling. 
[2025.05.30-14.48.20:420][704]LogTexture: Display: Building textures: Duracel (BGRA8, 1048X774)
[2025.05.30-14.48.20:432][704]LogMaterial: Display: Missing cached shadermap for Battery_Texture in PCD3D_SM5, Default, SM5 (DDC key hash: 8632BEF19186A594621DBDBA3CADFD57C112D71A), compiling. 
[2025.05.30-14.48.20:434][704]LogFbx: Display: Triangulating static mesh Battery
[2025.05.30-14.48.20:439][704]LogStaticMesh: Building static mesh Battery...
[2025.05.30-14.48.20:442][704]LogStaticMesh: Built static mesh [0.00s] /Game/MyMehes/Electronics/Battery/Battery.Battery
[2025.05.30-14.48.20:446][704]FBXImport: Warning: No smoothing group information was found in this FBX scene.  Please make sure to enable the 'Export Smoothing Groups' option in the FBX Exporter plug-in before exporting the file.  Even for tools that don't support smoothing groups, the FBX Exporter will generate appropriate smoothing data at export-time so that correct vertex normals can be inferred while importing. 
[2025.05.30-14.48.20:491][705]LogShaderCompilers: Display: Submitted 2 shader compile jobs with 'ForceLocal' priority
[2025.05.30-14.48.20:491][705]LogShaderCompilers: Display: Submitted 2 shader compile jobs with 'ForceLocal' priority
[2025.05.30-14.48.20:496][706]LogShaderCompilers: Display: Submitted 14 shader compile jobs with 'Normal' priority
[2025.05.30-14.48.20:496][706]LogShaderCompilers: Display: Worker (1/21): shaders left to compile 4
[2025.05.30-14.48.20:496][706]LogShaderCompilers: Display: Worker (2/21): shaders left to compile 3
[2025.05.30-14.48.20:496][706]LogShaderCompilers: Display: Worker (3/21): shaders left to compile 2
[2025.05.30-14.48.20:497][706]LogShaderCompilers: Display: Worker (4/21): shaders left to compile 1
[2025.05.30-14.48.20:497][706]LogShaderCompilers: Display: Worker (5/21): shaders left to compile 14
[2025.05.30-14.48.20:497][706]LogShaderCompilers: Display: Worker (6/21): shaders left to compile 13
[2025.05.30-14.48.20:497][706]LogShaderCompilers: Display: Worker (7/21): shaders left to compile 12
[2025.05.30-14.48.20:497][706]LogShaderCompilers: Display: Worker (8/21): shaders left to compile 11
[2025.05.30-14.48.20:497][706]LogShaderCompilers: Display: Worker (9/21): shaders left to compile 10
[2025.05.30-14.48.20:497][706]LogShaderCompilers: Display: Worker (10/21): shaders left to compile 9
[2025.05.30-14.48.20:497][706]LogShaderCompilers: Display: Worker (11/21): shaders left to compile 8
[2025.05.30-14.48.20:497][706]LogShaderCompilers: Display: Worker (12/21): shaders left to compile 7
[2025.05.30-14.48.20:497][706]LogShaderCompilers: Display: Worker (13/21): shaders left to compile 6
[2025.05.30-14.48.20:497][706]LogShaderCompilers: Display: Worker (14/21): shaders left to compile 5
[2025.05.30-14.48.20:497][706]LogShaderCompilers: Display: Worker (15/21): shaders left to compile 4
[2025.05.30-14.48.20:497][706]LogShaderCompilers: Display: Worker (16/21): shaders left to compile 3
[2025.05.30-14.48.20:497][706]LogShaderCompilers: Display: Worker (17/21): shaders left to compile 2
[2025.05.30-14.48.20:497][706]LogShaderCompilers: Display: Worker (18/21): shaders left to compile 1
[2025.05.30-14.48.20:497][706]LogShaderCompilers: Display: Started 14 'Local' shader compile jobs with 'Normal' priority
[2025.05.30-14.48.20:497][706]LogShaderCompilers: Display: Started 4 'Local' shader compile jobs with 'ForceLocal' priority
[2025.05.30-14.48.20:500][706]LogShaderCompilers: Display: Submitted 14 shader compile jobs with 'Normal' priority
[2025.05.30-14.48.20:791][723]LogShaderCompilers: Display: Worker (19/21): shaders left to compile 14
[2025.05.30-14.48.20:791][723]LogShaderCompilers: Display: Worker (20/21): shaders left to compile 13
[2025.05.30-14.48.20:791][723]LogShaderCompilers: Display: Started 2 'Local' shader compile jobs with 'Normal' priority
[2025.05.30-14.48.20:856][727]LogShaderCompilers: Display: Worker (6/21): shaders left to compile 12
[2025.05.30-14.48.20:856][727]LogShaderCompilers: Display: Started 1 'Local' shader compile jobs with 'Normal' priority
[2025.05.30-14.48.20:863][727]LogShaderCompilers: Display: === FShaderJobCache stats ===
[2025.05.30-14.48.20:863][727]LogShaderCompilers: Display: Total job queries 1649, among them cache hits 636 (38.57%)
[2025.05.30-14.48.20:863][727]LogShaderCompilers: Display: Tracking 980 distinct input hashes that result in 132 distinct outputs (13.47%)
[2025.05.30-14.48.20:863][727]LogShaderCompilers: Display: RAM used: 2.51 MB (0.00 GB) of 1638.40 MB (1.60 GB) budget. Usage: 0.15%
[2025.05.30-14.48.20:863][727]LogShaderCompilers: Display: ================================================
[2025.05.30-14.48.20:973][733]LogShaderCompilers: Display: Worker (2/21): shaders left to compile 11
[2025.05.30-14.48.20:974][733]LogShaderCompilers: Display: Started 1 'Local' shader compile jobs with 'Normal' priority
[2025.05.30-14.48.20:974][733]LogShaderCompilers: Display: Worker (5/21): shaders left to compile 10
[2025.05.30-14.48.20:974][733]LogShaderCompilers: Display: Started 1 'Local' shader compile jobs with 'Normal' priority
[2025.05.30-14.48.21:000][734]LogShaderCompilers: Display: Worker (10/21): shaders left to compile 9
[2025.05.30-14.48.21:000][734]LogShaderCompilers: Display: Started 1 'Local' shader compile jobs with 'Normal' priority
[2025.05.30-14.48.21:251][743]LogShaderCompilers: Display: Worker (20/21): shaders left to compile 8
[2025.05.30-14.48.21:251][743]LogShaderCompilers: Display: Started 1 'Local' shader compile jobs with 'Normal' priority
[2025.05.30-14.48.21:281][744]LogShaderCompilers: Display: Worker (17/21): shaders left to compile 7
[2025.05.30-14.48.21:281][744]LogShaderCompilers: Display: Started 1 'Local' shader compile jobs with 'Normal' priority
[2025.05.30-14.48.21:310][745]LogShaderCompilers: Display: Worker (10/21): shaders left to compile 6
[2025.05.30-14.48.21:310][745]LogShaderCompilers: Display: Started 1 'Local' shader compile jobs with 'Normal' priority
[2025.05.30-14.48.21:342][746]LogShaderCompilers: Display: Worker (7/21): shaders left to compile 5
[2025.05.30-14.48.21:342][746]LogShaderCompilers: Display: Started 1 'Local' shader compile jobs with 'Normal' priority
[2025.05.30-14.48.21:493][752]LogShaderCompilers: Display: Worker (19/21): shaders left to compile 4
[2025.05.30-14.48.21:493][752]LogShaderCompilers: Display: Started 1 'Local' shader compile jobs with 'Normal' priority
[2025.05.30-14.48.21:528][753]LogShaderCompilers: Display: Worker (4/21): shaders left to compile 3
[2025.05.30-14.48.21:528][753]LogShaderCompilers: Display: Started 1 'Local' shader compile jobs with 'Normal' priority
[2025.05.30-14.48.21:561][754]LogShaderCompilers: Display: Worker (12/21): shaders left to compile 2
[2025.05.30-14.48.21:561][754]LogShaderCompilers: Display: Started 1 'Local' shader compile jobs with 'Normal' priority
[2025.05.30-14.48.21:561][754]LogShaderCompilers: Display: Worker (6/21): shaders left to compile 1
[2025.05.30-14.48.21:561][754]LogShaderCompilers: Display: Started 1 'Local' shader compile jobs with 'Normal' priority
[2025.05.30-14.48.22:771][796]LogSlate: Window 'Message Log' being destroyed
[2025.05.30-14.48.22:783][796]LogSlate: Window 'Message Log' being destroyed
[2025.05.30-14.48.25:122][906]LogActorFactory: Actor Factory created Battery
[2025.05.30-14.48.26:540][977]LogActorFactory: Actor Factory created Battery
[2025.05.30-14.48.40:976][838]Cmd: DELETE
[2025.05.30-14.48.40:976][838]Cmd: ACTOR DELETE
[2025.05.30-14.48.40:995][838]LogEditorActor: Deleted Actor: StaticMeshActor
[2025.05.30-14.48.41:004][838]LogUObjectHash: Compacting FUObjectHashTables data took   0.58ms
[2025.05.30-14.48.41:011][838]LogEditorActor: Deleted 1 Actors (0.022 secs)
[2025.05.30-14.49.11:844][421]LogUObjectHash: Compacting FUObjectHashTables data took   0.26ms
[2025.05.30-14.49.13:036][421]LogSlate: Window 'Delete Assets' being destroyed
[2025.05.30-14.49.13:198][421]LogUObjectHash: Compacting FUObjectHashTables data took   0.33ms
[2025.05.30-14.49.17:609][607]LogFactory: FactoryCreateFile: StaticMesh with FbxFactory (0 0 C:\Users\misha\YandexDisk\МИФИ\VR_tms\FBX\Battery.fbx)
[2025.05.30-14.49.17:616][607]LogFbx: Loading FBX Scene from C:\Users\misha\YandexDisk\МИФИ\VR_tms\FBX\Battery.fbx
[2025.05.30-14.49.17:626][607]LogFbx: FBX Scene Loaded Succesfully
[2025.05.30-14.49.18:591][607]LogSlate: Window 'FBX Import Options' being destroyed
[2025.05.30-14.49.18:616][607]LogMaterial: Display: Missing cached shadermap for Battery_Metal in PCD3D_SM5, Default, SM5 (DDC key hash: 92860D325731902CBD050FBA5686227F15D04579), compiling. 
[2025.05.30-14.49.18:627][607]LogTexture: Display: Building textures: Duracel (BGRA8, 1048X774)
[2025.05.30-14.49.18:638][607]LogMaterial: Display: Missing cached shadermap for Battery_Texture in PCD3D_SM5, Default, SM5 (DDC key hash: 43038E9C6E7CB3FE1D4116F999414A6C01FE7FE0), compiling. 
[2025.05.30-14.49.18:640][607]LogFbx: Display: Triangulating static mesh Battery
[2025.05.30-14.49.18:646][607]LogStaticMesh: Building static mesh Battery...
[2025.05.30-14.49.18:648][607]LogStaticMesh: Built static mesh [0.00s] /Game/MyMehes/Electronics/Battery/Battery.Battery
[2025.05.30-14.49.18:652][607]FBXImport: Warning: No smoothing group information was found in this FBX scene.  Please make sure to enable the 'Export Smoothing Groups' option in the FBX Exporter plug-in before exporting the file.  Even for tools that don't support smoothing groups, the FBX Exporter will generate appropriate smoothing data at export-time so that correct vertex normals can be inferred while importing. 
[2025.05.30-14.49.20:198][696]LogSlate: Window 'Message Log' being destroyed
[2025.05.30-14.49.20:214][696]LogSlate: Window 'Message Log' being destroyed
[2025.05.30-14.49.21:378][765]LogAssetEditorSubsystem: Opening Asset editor for StaticMesh /Game/MyMehes/Electronics/Battery/Battery.Battery
[2025.05.30-14.49.34:867][550]LogSlate: Window 'Battery' being destroyed
[2025.05.30-14.49.45:240][136]LogUObjectHash: Compacting FUObjectHashTables data took   1.24ms
[2025.05.30-14.49.46:146][136]LogSlate: Window 'Delete Assets' being destroyed
[2025.05.30-14.49.46:424][136]LogSlate: Window 'Battery' being destroyed
[2025.05.30-14.49.46:440][136]LogWorld: UWorld::CleanupWorld for World_8, bSessionEnded=true, bCleanupResources=true
[2025.05.30-14.49.46:440][136]LogSlate: InvalidateAllWidgets triggered.  All widgets were invalidated
[2025.05.30-14.49.46:448][136]LogUObjectGlobals: Force Deleting 1 Package(s):
	Asset Name: /Game/MyMehes/Electronics/Battery/Battery_Metal.Battery_Metal
[2025.05.30-14.49.46:577][136]LogUObjectHash: Compacting FUObjectHashTables data took   0.47ms
[2025.05.30-14.49.49:569][314]LogAssetEditorSubsystem: Opening Asset editor for StaticMesh /Game/MyMehes/Electronics/Battery/Battery.Battery
[2025.05.30-14.50.20:046][ 35]LogAssetEditorSubsystem: Opening Asset editor for Material /Game/MyMehes/Electronics/Battery/Battery_Texture.Battery_Texture
[2025.05.30-14.50.20:047][ 35]LogMaterial: Display: Missing cached shadermap for Battery_Texture in PCD3D_SM5, Default, SM5 (DDC key hash: D472ED495A20075C561498F35662438052831F6B), compiling. 
[2025.05.30-14.50.20:097][ 35]LogMaterial: Display: Missing cached shadermap for Battery_Texture in PCD3D_SM5, Default, SM5 (DDC key hash: 7A791757923C96C7214A02C2C31163D8CB42CAB3), compiling. 
[2025.05.30-14.50.20:099][ 35]LogMaterial: Display: Missing cached shadermap for Battery_Texture in PCD3D_SM5, Default, SM5 (DDC key hash: 1CBC956902403A710A228257B9537BEBE61F72BE), compiling. 
[2025.05.30-14.50.20:100][ 35]LogMaterial: Display: Missing cached shadermap for FMatExpressionPreview MaterialExpressionTextureSample_0 in PCD3D_SM5, Default, SM5 (DDC key hash: 1E0EF8969619C040F4C5C44B5189E8C80CD7E899), compiling. 
[2025.05.30-14.50.20:107][ 35]MaterialEditorStats: Texture samplers: 0/16
[2025.05.30-14.50.20:107][ 35]MaterialEditorStats: Texture Lookups (Est.): VS(0), PS(1)
[2025.05.30-14.50.20:107][ 35]MaterialEditorStats: User interpolators: 2/4 Scalars (1/4 Vectors) (TexCoords: 2, Custom: 0)
[2025.05.30-14.50.20:160][ 37]MaterialEditorStats: Base pass shader: 794 instructions
[2025.05.30-14.50.20:160][ 37]MaterialEditorStats: Base pass shader with Volumetric Lightmap: 861 instructions
[2025.05.30-14.50.20:160][ 37]MaterialEditorStats: Base pass vertex shader: 271 instructions
[2025.05.30-14.50.20:160][ 37]MaterialEditorStats: Texture samplers: 5/16
[2025.05.30-14.50.20:160][ 37]MaterialEditorStats: Texture Lookups (Est.): VS(0), PS(1)
[2025.05.30-14.50.20:160][ 37]MaterialEditorStats: User interpolators: 2/4 Scalars (1/4 Vectors) (TexCoords: 2, Custom: 0)
[2025.05.30-14.50.23:183][217]LogMaterial: Display: Missing cached shadermap for Battery_Texture in PCD3D_SM5, Default, SM5 (DDC key hash: 957CD6859247C929364E679CB45EAB61811099A0), compiling. 
[2025.05.30-14.50.23:186][217]MaterialEditorStats: Texture samplers: 0/16
[2025.05.30-14.50.23:208][218]LogShaderCompilers: Display: Submitted 2 shader compile jobs with 'ForceLocal' priority
[2025.05.30-14.50.23:208][218]LogShaderCompilers: Display: Worker (1/21): shaders left to compile 2
[2025.05.30-14.50.23:208][218]LogShaderCompilers: Display: Worker (2/21): shaders left to compile 1
[2025.05.30-14.50.23:208][218]LogShaderCompilers: Display: Started 2 'Local' shader compile jobs with 'ForceLocal' priority
[2025.05.30-14.50.23:208][218]LogShaderCompilers: Display: Submitted 8 shader compile jobs with 'Normal' priority
[2025.05.30-14.50.23:233][220]LogShaderCompilers: Display: Worker (3/21): shaders left to compile 8
[2025.05.30-14.50.23:233][220]LogShaderCompilers: Display: Worker (4/21): shaders left to compile 7
[2025.05.30-14.50.23:233][220]LogShaderCompilers: Display: Worker (5/21): shaders left to compile 6
[2025.05.30-14.50.23:233][220]LogShaderCompilers: Display: Worker (6/21): shaders left to compile 5
[2025.05.30-14.50.23:233][220]LogShaderCompilers: Display: Worker (7/21): shaders left to compile 4
[2025.05.30-14.50.23:233][220]LogShaderCompilers: Display: Worker (8/21): shaders left to compile 3
[2025.05.30-14.50.23:233][220]LogShaderCompilers: Display: Worker (9/21): shaders left to compile 2
[2025.05.30-14.50.23:233][220]LogShaderCompilers: Display: Worker (10/21): shaders left to compile 1
[2025.05.30-14.50.23:233][220]LogShaderCompilers: Display: Started 8 'Local' shader compile jobs with 'Normal' priority
[2025.05.30-14.50.23:623][239]MaterialEditorStats: Texture samplers: 2/16
[2025.05.30-14.50.25:183][323]MaterialEditorStats: Texture samplers: 4/16
[2025.05.30-14.50.25:400][334]MaterialEditorStats: Base pass shader: 790 instructions
[2025.05.30-14.50.25:400][334]MaterialEditorStats: Base pass shader with Volumetric Lightmap: 858 instructions
[2025.05.30-14.50.25:400][334]MaterialEditorStats: Base pass vertex shader: 267 instructions
[2025.05.30-14.50.25:400][334]MaterialEditorStats: Texture samplers: 4/16
[2025.05.30-14.50.26:820][416]LogMaterial: Display: Missing cached shadermap for Battery_Texture in PCD3D_SM5, Default, SM5 (DDC key hash: 1DD02F2C59B50251708B1BF36863851ADAB5376D), compiling. 
[2025.05.30-14.50.26:822][416]LogMaterial: Display: Missing cached shadermap for FMatExpressionPreview MaterialExpressionTextureSample_1 in PCD3D_SM5, Default, SM5 (DDC key hash: 19B40C507695B98A55867EC187212689D5A9C5D6), compiling. 
[2025.05.30-14.50.26:824][416]LogMaterial: Display: Missing cached shadermap for FMatExpressionPreview MaterialExpressionTextureSample_1 in PCD3D_SM5, Default, SM5 (DDC key hash: 8313D2C44F73499145D11E3E3AB737DFCDE18952), compiling. 
[2025.05.30-14.50.26:834][416]LogMaterial: Display: Missing cached shadermap for Battery_Texture in PCD3D_SM5, Default, SM5 (DDC key hash: 14CBE5599B93A80014558FE15DBBD2396A2176AC), compiling. 
[2025.05.30-14.50.26:835][416]LogMaterial: Display: Missing cached shadermap for FMatExpressionPreview MaterialExpressionTextureSample_2 in PCD3D_SM5, Default, SM5 (DDC key hash: A57B336FF966FD8CF3EE73B5248C18D953A97486), compiling. 
[2025.05.30-14.50.26:837][416]LogMaterial: Display: Missing cached shadermap for FMatExpressionPreview MaterialExpressionTextureSample_1 in PCD3D_SM5, Default, SM5 (DDC key hash: DC0358523A672DC2B0EA31CE1D6B051941915CBA), compiling. 
[2025.05.30-14.50.26:838][416]LogMaterial: Display: Missing cached shadermap for FMatExpressionPreview MaterialExpressionTextureSample_2 in PCD3D_SM5, Default, SM5 (DDC key hash: B1EFA85C9FC0114E3AECA3B325A1F08504F06C49), compiling. 
[2025.05.30-14.50.26:843][416]LogMaterial: Display: Missing cached shadermap for Battery_Texture in PCD3D_SM5, Default, SM5 (DDC key hash: DFA8A6B9B4D2D6E276E01A4A31F91F5BE79D4059), compiling. 
[2025.05.30-14.50.26:844][416]LogMaterial: Display: Missing cached shadermap for FMatExpressionPreview MaterialExpressionTextureSample_3 in PCD3D_SM5, Default, SM5 (DDC key hash: 811A6C4C12A00691C7DCA2F5411883760E815168), compiling. 
[2025.05.30-14.50.26:845][416]LogMaterial: Display: Missing cached shadermap for FMatExpressionPreview MaterialExpressionTextureSample_1 in PCD3D_SM5, Default, SM5 (DDC key hash: EF86235697E634E225337E4D7B2365B962CE7106), compiling. 
[2025.05.30-14.50.26:845][416]LogMaterial: Display: Missing cached shadermap for FMatExpressionPreview MaterialExpressionTextureSample_2 in PCD3D_SM5, Default, SM5 (DDC key hash: 7E7A071985210777DD4B5EB5DD2E4D70DA2F740E), compiling. 
[2025.05.30-14.50.26:846][416]LogMaterial: Display: Missing cached shadermap for FMatExpressionPreview MaterialExpressionTextureSample_3 in PCD3D_SM5, Default, SM5 (DDC key hash: 4DFCF30D0559295630986C02FD86245F18B9924E), compiling. 
[2025.05.30-14.50.26:850][416]MaterialEditorStats: Texture samplers: 0/16
[2025.05.30-14.50.26:878][417]MaterialEditorStats: Base pass shader: 790 instructions
[2025.05.30-14.50.26:878][417]MaterialEditorStats: Base pass shader with Volumetric Lightmap: 858 instructions
[2025.05.30-14.50.26:878][417]MaterialEditorStats: Base pass vertex shader: 267 instructions
[2025.05.30-14.50.26:878][417]MaterialEditorStats: Texture samplers: 4/16
[2025.05.30-14.50.31:926][718]LogMaterial: Display: Missing cached shadermap for Battery_Texture in PCD3D_SM5, Default, SM5 (DDC key hash: D62A397E3657BF92DDBC5D5A94A800415CF779E3), compiling. 
[2025.05.30-14.50.31:929][718]LogMaterial: Display: Missing cached shadermap for FMatExpressionPreview MaterialExpressionTextureSample_1 in PCD3D_SM5, Default, SM5 (DDC key hash: 6BD6013752F615CDB501F60A63C44A8BA2B29387), compiling. 
[2025.05.30-14.50.31:933][718]MaterialEditorStats: Texture samplers: 0/16
[2025.05.30-14.50.31:933][718]MaterialEditorStats: Texture Lookups (Est.): VS(0), PS(1)
[2025.05.30-14.50.31:933][718]MaterialEditorStats: User interpolators: 2/4 Scalars (1/4 Vectors) (TexCoords: 2, Custom: 0)
[2025.05.30-14.50.31:960][720]MaterialEditorStats: Texture samplers: 5/16
[2025.05.30-14.50.31:960][720]MaterialEditorStats: Texture Lookups (Est.): VS(0), PS(1)
[2025.05.30-14.50.31:960][720]MaterialEditorStats: User interpolators: 2/4 Scalars (1/4 Vectors) (TexCoords: 2, Custom: 0)
[2025.05.30-14.50.31:977][721]MaterialEditorStats: Base pass shader: 794 instructions
[2025.05.30-14.50.31:977][721]MaterialEditorStats: Base pass shader with Volumetric Lightmap: 861 instructions
[2025.05.30-14.50.31:977][721]MaterialEditorStats: Base pass vertex shader: 271 instructions
[2025.05.30-14.50.31:977][721]MaterialEditorStats: Texture samplers: 5/16
[2025.05.30-14.50.31:977][721]MaterialEditorStats: Texture Lookups (Est.): VS(0), PS(1)
[2025.05.30-14.50.31:977][721]MaterialEditorStats: User interpolators: 2/4 Scalars (1/4 Vectors) (TexCoords: 2, Custom: 0)
[2025.05.30-14.50.34:810][889]LogMaterial: Display: Missing cached shadermap for Battery_Texture in PCD3D_SM5, Default, SM5 (DDC key hash: E4FB90C50848FFCF59FC6D6CBB1C296AB8D20131), compiling. 
[2025.05.30-14.50.34:811][889]LogMaterial: Display: Missing cached shadermap for FMatExpressionPreview MaterialExpressionTextureSample_2 in PCD3D_SM5, Default, SM5 (DDC key hash: 30388ABC505DD23FE78CC1EE6B7D47B1DE9D6FFD), compiling. 
[2025.05.30-14.50.34:816][889]MaterialEditorStats: Texture samplers: 0/16
[2025.05.30-14.50.34:816][889]MaterialEditorStats: Texture Lookups (Est.): VS(0), PS(2)
[2025.05.30-14.50.34:816][889]MaterialEditorStats: User interpolators: 2/4 Scalars (1/4 Vectors) (TexCoords: 2, Custom: 0)
[2025.05.30-14.50.34:836][891]LogShaderCompilers: Display: Submitted 2 shader compile jobs with 'ForceLocal' priority
[2025.05.30-14.50.34:836][891]LogShaderCompilers: Display: Submitted 8 shader compile jobs with 'Normal' priority
[2025.05.30-14.50.34:836][891]LogShaderCompilers: Display: Worker (1/21): shaders left to compile 2
[2025.05.30-14.50.34:836][891]LogShaderCompilers: Display: Worker (2/21): shaders left to compile 1
[2025.05.30-14.50.34:836][891]LogShaderCompilers: Display: Worker (3/21): shaders left to compile 8
[2025.05.30-14.50.34:836][891]LogShaderCompilers: Display: Worker (4/21): shaders left to compile 7
[2025.05.30-14.50.34:836][891]LogShaderCompilers: Display: Worker (5/21): shaders left to compile 6
[2025.05.30-14.50.34:836][891]LogShaderCompilers: Display: Worker (6/21): shaders left to compile 5
[2025.05.30-14.50.34:836][891]LogShaderCompilers: Display: Worker (7/21): shaders left to compile 4
[2025.05.30-14.50.34:836][891]LogShaderCompilers: Display: Worker (8/21): shaders left to compile 3
[2025.05.30-14.50.34:836][891]LogShaderCompilers: Display: Worker (9/21): shaders left to compile 2
[2025.05.30-14.50.34:836][891]LogShaderCompilers: Display: Worker (10/21): shaders left to compile 1
[2025.05.30-14.50.34:836][891]LogShaderCompilers: Display: Started 8 'Local' shader compile jobs with 'Normal' priority
[2025.05.30-14.50.34:836][891]LogShaderCompilers: Display: Started 2 'Local' shader compile jobs with 'ForceLocal' priority
[2025.05.30-14.50.35:278][912]MaterialEditorStats: Texture samplers: 2/16
[2025.05.30-14.50.35:278][912]MaterialEditorStats: Texture Lookups (Est.): VS(0), PS(2)
[2025.05.30-14.50.35:278][912]MaterialEditorStats: User interpolators: 2/4 Scalars (1/4 Vectors) (TexCoords: 2, Custom: 0)
[2025.05.30-14.50.37:127][ 19]LogMaterial: Display: Missing cached shadermap for Battery_Texture in PCD3D_SM5, Default, SM5 (DDC key hash: 9276E64327ACFAD261DC91BDB47500177C55DE24), compiling. 
[2025.05.30-14.50.37:130][ 19]LogMaterial: Display: Missing cached shadermap for FMatExpressionPreview MaterialExpressionTextureSample_3 in PCD3D_SM5, Default, SM5 (DDC key hash: A29FC2C925C08130173F5A249FCC1F7AF620C4FE), compiling. 
[2025.05.30-14.50.37:136][ 19]MaterialEditorStats: Texture samplers: 0/16
[2025.05.30-14.50.37:136][ 19]MaterialEditorStats: Texture Lookups (Est.): VS(0), PS(3)
[2025.05.30-14.50.37:136][ 19]MaterialEditorStats: User interpolators: 2/4 Scalars (1/4 Vectors) (TexCoords: 2, Custom: 0)
[2025.05.30-14.50.37:154][ 21]LogShaderCompilers: Display: Submitted 2 shader compile jobs with 'ForceLocal' priority
[2025.05.30-14.50.37:154][ 21]LogShaderCompilers: Display: Submitted 8 shader compile jobs with 'Normal' priority
[2025.05.30-14.50.37:154][ 21]LogShaderCompilers: Display: Worker (1/21): shaders left to compile 2
[2025.05.30-14.50.37:154][ 21]LogShaderCompilers: Display: Worker (2/21): shaders left to compile 1
[2025.05.30-14.50.37:154][ 21]LogShaderCompilers: Display: Worker (3/21): shaders left to compile 8
[2025.05.30-14.50.37:154][ 21]LogShaderCompilers: Display: Worker (4/21): shaders left to compile 7
[2025.05.30-14.50.37:154][ 21]LogShaderCompilers: Display: Worker (5/21): shaders left to compile 6
[2025.05.30-14.50.37:154][ 21]LogShaderCompilers: Display: Worker (6/21): shaders left to compile 5
[2025.05.30-14.50.37:154][ 21]LogShaderCompilers: Display: Worker (7/21): shaders left to compile 4
[2025.05.30-14.50.37:154][ 21]LogShaderCompilers: Display: Worker (8/21): shaders left to compile 3
[2025.05.30-14.50.37:154][ 21]LogShaderCompilers: Display: Worker (9/21): shaders left to compile 2
[2025.05.30-14.50.37:154][ 21]LogShaderCompilers: Display: Worker (10/21): shaders left to compile 1
[2025.05.30-14.50.37:154][ 21]LogShaderCompilers: Display: Started 8 'Local' shader compile jobs with 'Normal' priority
[2025.05.30-14.50.37:154][ 21]LogShaderCompilers: Display: Started 2 'Local' shader compile jobs with 'ForceLocal' priority
[2025.05.30-14.50.37:588][ 40]MaterialEditorStats: Texture samplers: 2/16
[2025.05.30-14.50.37:588][ 40]MaterialEditorStats: Texture Lookups (Est.): VS(0), PS(3)
[2025.05.30-14.50.37:588][ 40]MaterialEditorStats: User interpolators: 2/4 Scalars (1/4 Vectors) (TexCoords: 2, Custom: 0)
[2025.05.30-14.50.38:835][111]LogMaterialEditor: Applying material Battery_Texture
[2025.05.30-14.50.39:046][111]LogMaterial: Display: Missing cached shadermap for Battery_Texture in PCD3D_SM5, Default, SM5 (DDC key hash: E1D27AF53ADF12A8DBE6596FA0823C2650845ECE), compiling. 
[2025.05.30-14.50.39:065][111]LogMaterial: Display: Missing cached shadermap for Battery_Texture in PCD3D_SM5, Default, SM5 (DDC key hash: 9F5D03E084379FF3231ED9C8D4BE2677F2FBD904), compiling. 
[2025.05.30-14.50.39:090][111]LogShaderCompilers: Display: Submitted 6 shader compile jobs with 'Normal' priority
[2025.05.30-14.50.39:096][111]LogUObjectHash: Compacting FUObjectHashTables data took   0.45ms
[2025.05.30-14.50.39:326][111]LogShaderCompilers: Display: Worker (1/21): shaders left to compile 1
[2025.05.30-14.50.39:326][111]LogShaderCompilers: Display: Worker (2/21): shaders left to compile 5
[2025.05.30-14.50.39:326][111]LogShaderCompilers: Display: Worker (3/21): shaders left to compile 4
[2025.05.30-14.50.39:326][111]LogShaderCompilers: Display: Worker (4/21): shaders left to compile 3
[2025.05.30-14.50.39:326][111]LogShaderCompilers: Display: Worker (5/21): shaders left to compile 2
[2025.05.30-14.50.39:326][111]LogShaderCompilers: Display: Worker (6/21): shaders left to compile 1
[2025.05.30-14.50.39:326][111]LogShaderCompilers: Display: Started 5 'Local' shader compile jobs with 'Normal' priority
[2025.05.30-14.50.39:326][111]LogShaderCompilers: Display: Started 1 'Local' shader compile jobs with 'ForceLocal' priority
[2025.05.30-14.50.39:337][111]LogUObjectHash: Compacting FUObjectHashTables data took   0.21ms
[2025.05.30-14.50.39:346][111]MaterialEditorStats: Texture samplers: 7/16
[2025.05.30-14.50.39:346][111]MaterialEditorStats: Texture Lookups (Est.): VS(0), PS(3)
[2025.05.30-14.50.39:346][111]MaterialEditorStats: User interpolators: 2/4 Scalars (1/4 Vectors) (TexCoords: 2, Custom: 0)
[2025.05.30-14.50.40:301][168]MaterialEditorStats: Texture samplers: 8/16
[2025.05.30-14.50.40:301][168]MaterialEditorStats: Texture Lookups (Est.): VS(0), PS(3)
[2025.05.30-14.50.40:301][168]MaterialEditorStats: User interpolators: 2/4 Scalars (1/4 Vectors) (TexCoords: 2, Custom: 0)
[2025.05.30-14.50.40:318][169]MaterialEditorStats: Base pass shader: 798 instructions
[2025.05.30-14.50.40:318][169]MaterialEditorStats: Base pass shader with Volumetric Lightmap: 865 instructions
[2025.05.30-14.50.40:318][169]MaterialEditorStats: Base pass vertex shader: 271 instructions
[2025.05.30-14.50.40:318][169]MaterialEditorStats: Texture samplers: 8/16
[2025.05.30-14.50.40:318][169]MaterialEditorStats: Texture Lookups (Est.): VS(0), PS(3)
[2025.05.30-14.50.40:318][169]MaterialEditorStats: User interpolators: 2/4 Scalars (1/4 Vectors) (TexCoords: 2, Custom: 0)
[2025.05.30-14.51.09:771][922]LogSavePackage: Moving '../../../../../../Users/misha/YandexDisk/МИФИ/VR_tms/FinalProject/EngiPracrice/Saved/Battery8D67C07B42A7731A19DF818FAB40E077.tmp' to '../../../../../../Users/misha/YandexDisk/МИФИ/VR_tms/FinalProject/EngiPracrice/Content/MyMehes/Electronics/Battery/Battery.uasset'
[2025.05.30-14.51.09:782][922]AssetCheck: New page: Asset Save: Battery
[2025.05.30-14.51.09:782][922]LogContentValidation: Display: Validating StaticMesh /Game/MyMehes/Electronics/Battery/Battery.Battery
[2025.05.30-14.55.26:330][715]LogUObjectHash: Compacting FUObjectHashTables data took   0.85ms
[2025.05.30-14.55.26:346][715]LogSavePackage: Moving '../../../../../../Users/misha/YandexDisk/МИФИ/VR_tms/FinalProject/EngiPracrice/Saved/VRTemplateMap_Auto2356028B44AA89D9A8F560190E12F8D3C.tmp' to '../../../../../../Users/misha/YandexDisk/МИФИ/VR_tms/FinalProject/EngiPracrice/Saved/Autosaves/Game/VRTemplate/Maps/VRTemplateMap_Auto2.umap'
[2025.05.30-14.55.26:346][715]LogFileHelpers: Editor autosave (incl. external actors) for '/Game/VRTemplate/Maps/VRTemplateMap' took 0.022
[2025.05.30-14.55.26:346][715]LogFileHelpers: Editor autosave (incl. sublevels & external actors) for all levels took 0.022
[2025.05.30-14.57.52:291][150]LogAudioMixer: Warning: Changing default audio render device to new device: {0.0.0.00000000}.{2dded627-088d-4b34-b63f-ddaca30edd46}.
[2025.05.30-14.57.52:292][150]LogAudioMixer: Resetting audio stream to device id 
[2025.05.30-14.57.52:300][150]LogAudioMixer: Display: 0: FrontLeft
[2025.05.30-14.57.52:300][150]LogAudioMixer: Display: 1: FrontRight
[2025.05.30-15.02.13:976][930]LogAudioMixer: Warning: Changing default audio render device to new device: {0.0.0.00000000}.{444647da-03d8-45d5-ab78-d78702596449}.
[2025.05.30-15.02.13:976][930]LogAudioMixer: Resetting audio stream to device id 
[2025.05.30-15.02.14:080][930]LogAudioMixer: Display: 0: FrontLeft
[2025.05.30-15.02.14:080][930]LogAudioMixer: Display: 1: FrontRight
[2025.05.30-15.14.18:610][319]LogContentBrowser: Deferred new asset folder creation: NewFolder
[2025.05.30-15.14.18:631][319]LogContentBrowser: Creating deferred item: NewFolder
[2025.05.30-15.14.20:251][417]LogContentBrowser: Attempting asset rename: NewFolder -> Nut
[2025.05.30-15.14.20:252][417]LogContentBrowser: End creating deferred item NewFolder
[2025.05.30-15.14.26:908][561]LogFactory: FactoryCreateFile: StaticMesh with FbxFactory (0 0 C:\Users\misha\YandexDisk\МИФИ\VR_tms\FBX\Nut.fbx)
[2025.05.30-15.14.26:917][561]LogFbx: Loading FBX Scene from C:\Users\misha\YandexDisk\МИФИ\VR_tms\FBX\Nut.fbx
[2025.05.30-15.14.26:925][561]LogFbx: FBX Scene Loaded Succesfully
[2025.05.30-15.14.27:989][561]LogSlate: Window 'FBX Import Options' being destroyed
[2025.05.30-15.14.28:011][561]LogMaterial: Display: Missing cached shadermap for Screw_metall in PCD3D_SM5, Default, SM5 (DDC key hash: 4D91DAEEFCAF88EB6D774F8ED06E597531A8E9BB), compiling. 
[2025.05.30-15.14.28:019][561]LogMaterial: Display: Missing cached shadermap for Screw_thread in PCD3D_SM5, Default, SM5 (DDC key hash: 803D76301F5563864554B57282F1EEBE0D211E3D), compiling. 
[2025.05.30-15.14.28:022][561]LogFbx: Display: Triangulating static mesh Cylinder
[2025.05.30-15.14.28:043][561]LogStaticMesh: Building static mesh Nut...
[2025.05.30-15.14.28:050][561]LogStaticMesh: Built static mesh [0.01s] /Game/MyMehes/Electronics/Nut/Nut.Nut
[2025.05.30-15.14.28:055][561]FBXImport: Warning: No smoothing group information was found in this FBX scene.  Please make sure to enable the 'Export Smoothing Groups' option in the FBX Exporter plug-in before exporting the file.  Even for tools that don't support smoothing groups, the FBX Exporter will generate appropriate smoothing data at export-time so that correct vertex normals can be inferred while importing. 
[2025.05.30-15.14.28:145][565]LogShaderCompilers: Display: Submitted 2 shader compile jobs with 'ForceLocal' priority
[2025.05.30-15.14.28:145][565]LogShaderCompilers: Display: Submitted 2 shader compile jobs with 'ForceLocal' priority
[2025.05.30-15.14.28:145][565]LogShaderCompilers: Display: Worker (1/21): shaders left to compile 4
[2025.05.30-15.14.28:145][565]LogShaderCompilers: Display: Worker (2/21): shaders left to compile 3
[2025.05.30-15.14.28:145][565]LogShaderCompilers: Display: Worker (3/21): shaders left to compile 2
[2025.05.30-15.14.28:145][565]LogShaderCompilers: Display: Worker (4/21): shaders left to compile 1
[2025.05.30-15.14.28:145][565]LogShaderCompilers: Display: Started 4 'Local' shader compile jobs with 'ForceLocal' priority
[2025.05.30-15.14.28:162][566]LogShaderCompilers: Display: Submitted 14 shader compile jobs with 'Normal' priority
[2025.05.30-15.14.28:162][566]LogShaderCompilers: Display: Submitted 14 shader compile jobs with 'Normal' priority
[2025.05.30-15.14.28:229][570]LogShaderCompilers: Display: Worker (5/21): shaders left to compile 28
[2025.05.30-15.14.28:229][570]LogShaderCompilers: Display: Worker (6/21): shaders left to compile 26
[2025.05.30-15.14.28:229][570]LogShaderCompilers: Display: Worker (7/21): shaders left to compile 24
[2025.05.30-15.14.28:229][570]LogShaderCompilers: Display: Worker (8/21): shaders left to compile 22
[2025.05.30-15.14.28:229][570]LogShaderCompilers: Display: Worker (9/21): shaders left to compile 20
[2025.05.30-15.14.28:229][570]LogShaderCompilers: Display: Worker (10/21): shaders left to compile 18
[2025.05.30-15.14.28:229][570]LogShaderCompilers: Display: Worker (11/21): shaders left to compile 16
[2025.05.30-15.14.28:229][570]LogShaderCompilers: Display: Worker (12/21): shaders left to compile 14
[2025.05.30-15.14.28:229][570]LogShaderCompilers: Display: Worker (13/21): shaders left to compile 12
[2025.05.30-15.14.28:229][570]LogShaderCompilers: Display: Worker (14/21): shaders left to compile 10
[2025.05.30-15.14.28:229][570]LogShaderCompilers: Display: Worker (15/21): shaders left to compile 8
[2025.05.30-15.14.28:229][570]LogShaderCompilers: Display: Worker (16/21): shaders left to compile 6
[2025.05.30-15.14.28:229][570]LogShaderCompilers: Display: Worker (17/21): shaders left to compile 4
[2025.05.30-15.14.28:229][570]LogShaderCompilers: Display: Worker (18/21): shaders left to compile 2
[2025.05.30-15.14.28:229][570]LogShaderCompilers: Display: Started 28 'Local' shader compile jobs with 'Normal' priority
[2025.05.30-15.14.28:675][591]LogShaderCompilers: Display: === FShaderJobCache stats ===
[2025.05.30-15.14.28:675][591]LogShaderCompilers: Display: Total job queries 1834, among them cache hits 753 (41.06%)
[2025.05.30-15.14.28:675][591]LogShaderCompilers: Display: Tracking 1048 distinct input hashes that result in 132 distinct outputs (12.60%)
[2025.05.30-15.14.28:675][591]LogShaderCompilers: Display: RAM used: 2.51 MB (0.00 GB) of 1638.40 MB (1.60 GB) budget. Usage: 0.15%
[2025.05.30-15.14.28:675][591]LogShaderCompilers: Display: ================================================
[2025.05.30-15.14.29:593][623]LogSlate: Window 'Message Log' being destroyed
[2025.05.30-15.14.29:605][623]LogSlate: Window 'Message Log' being destroyed
[2025.05.30-15.14.32:045][720]LogActorFactory: Actor Factory created Nut
[2025.05.30-15.14.33:991][829]LogActorFactory: Actor Factory created Nut
[2025.05.30-15.14.40:822][232]LogMaterialEditor: Saving and Compiling material Battery_Texture
[2025.05.30-15.14.40:861][232]LogSavePackage: Moving '../../../../../../Users/misha/YandexDisk/МИФИ/VR_tms/FinalProject/EngiPracrice/Saved/Battery_Texture502BDD014D8F3E87CCDD18A995F5334F.tmp' to '../../../../../../Users/misha/YandexDisk/МИФИ/VR_tms/FinalProject/EngiPracrice/Content/MyMehes/Electronics/Battery/Battery_Texture.uasset'
[2025.05.30-15.14.40:877][232]AssetCheck: New page: Asset Save: Battery_Texture
[2025.05.30-15.14.40:878][232]LogContentValidation: Display: Validating Material /Game/MyMehes/Electronics/Battery/Battery_Texture.Battery_Texture
[2025.05.30-15.14.42:395][323]LogWorld: UWorld::CleanupWorld for World_10, bSessionEnded=true, bCleanupResources=true
[2025.05.30-15.14.42:395][323]LogSlate: InvalidateAllWidgets triggered.  All widgets were invalidated
[2025.05.30-15.14.43:225][372]LogSlate: Window 'Battery' being destroyed
[2025.05.30-15.14.43:241][372]LogWorld: UWorld::CleanupWorld for World_9, bSessionEnded=true, bCleanupResources=true
[2025.05.30-15.14.43:241][372]LogSlate: InvalidateAllWidgets triggered.  All widgets were invalidated
[2025.05.30-15.14.47:251][608]LogAssetEditorSubsystem: Opening Asset editor for Material /Game/MyMehes/Electronics/Nut/Screw_thread.Screw_thread
[2025.05.30-15.14.47:252][608]LogMaterial: Display: Missing cached shadermap for Screw_thread in PCD3D_SM5, Default, SM5 (DDC key hash: 967693A7FC283EFDD24DBCDCB28738B4457F2049), compiling. 
[2025.05.30-15.14.47:328][608]LogMaterial: Display: Missing cached shadermap for Screw_thread in PCD3D_SM5, Default, SM5 (DDC key hash: 06BD25B3D960EB8CDFEE6DEF8D6450A3454D918F), compiling. 
[2025.05.30-15.14.47:329][608]LogMaterial: Display: Missing cached shadermap for Screw_thread in PCD3D_SM5, Default, SM5 (DDC key hash: 13F7E4DE7F4944EEB91FAF0B1B9C5155407869C2), compiling. 
[2025.05.30-15.14.47:330][608]LogMaterial: Display: Missing cached shadermap for FMatExpressionPreview MaterialExpressionVectorParameter_0 in PCD3D_SM5, Default, SM5 (DDC key hash: B1F0434938A3E9E74A11ED9634C25CF2515602F3), compiling. 
[2025.05.30-15.14.47:359][608]MaterialEditorStats: Texture samplers: 0/16
[2025.05.30-15.14.47:408][609]LogShaderCompilers: Display: Submitted 2 shader compile jobs with 'ForceLocal' priority
[2025.05.30-15.14.47:408][609]LogShaderCompilers: Display: Worker (1/21): shaders left to compile 2
[2025.05.30-15.14.47:408][609]LogShaderCompilers: Display: Worker (2/21): shaders left to compile 1
[2025.05.30-15.14.47:408][609]LogShaderCompilers: Display: Started 2 'Local' shader compile jobs with 'ForceLocal' priority
[2025.05.30-15.14.47:408][609]MaterialEditorStats: Base pass shader: 793 instructions
[2025.05.30-15.14.47:408][609]MaterialEditorStats: Base pass shader with Volumetric Lightmap: 860 instructions
[2025.05.30-15.14.47:408][609]MaterialEditorStats: Base pass vertex shader: 267 instructions
[2025.05.30-15.14.47:408][609]MaterialEditorStats: Texture samplers: 4/16
[2025.05.30-15.14.52:168][890]LogMaterial: Display: Missing cached shadermap for Screw_thread in PCD3D_SM5, Default, SM5 (DDC key hash: F571F8474BA6BBCFFBD5AF7F0BDFC86CDEA821D3), compiling. 
[2025.05.30-15.14.52:172][890]MaterialEditorStats: Texture samplers: 0/16
[2025.05.30-15.14.52:200][891]LogShaderCompilers: Display: Submitted 2 shader compile jobs with 'ForceLocal' priority
[2025.05.30-15.14.52:200][891]LogShaderCompilers: Display: Worker (1/21): shaders left to compile 2
[2025.05.30-15.14.52:200][891]LogShaderCompilers: Display: Worker (2/21): shaders left to compile 1
[2025.05.30-15.14.52:200][891]LogShaderCompilers: Display: Started 2 'Local' shader compile jobs with 'ForceLocal' priority
[2025.05.30-15.14.52:200][891]LogShaderCompilers: Display: Submitted 8 shader compile jobs with 'Normal' priority
[2025.05.30-15.14.52:200][891]LogShaderCompilers: Display: Worker (3/21): shaders left to compile 8
[2025.05.30-15.14.52:200][891]LogShaderCompilers: Display: Worker (4/21): shaders left to compile 7
[2025.05.30-15.14.52:200][891]LogShaderCompilers: Display: Worker (5/21): shaders left to compile 6
[2025.05.30-15.14.52:200][891]LogShaderCompilers: Display: Worker (6/21): shaders left to compile 5
[2025.05.30-15.14.52:200][891]LogShaderCompilers: Display: Worker (7/21): shaders left to compile 4
[2025.05.30-15.14.52:200][891]LogShaderCompilers: Display: Worker (8/21): shaders left to compile 3
[2025.05.30-15.14.52:200][891]LogShaderCompilers: Display: Worker (9/21): shaders left to compile 2
[2025.05.30-15.14.52:200][891]LogShaderCompilers: Display: Worker (10/21): shaders left to compile 1
[2025.05.30-15.14.52:200][891]LogShaderCompilers: Display: Started 8 'Local' shader compile jobs with 'Normal' priority
[2025.05.30-15.14.52:627][912]MaterialEditorStats: Texture samplers: 2/16
[2025.05.30-15.14.54:138][993]MaterialEditorStats: Texture samplers: 4/16
[2025.05.30-15.14.54:347][  2]MaterialEditorStats: Base pass shader: 790 instructions
[2025.05.30-15.14.54:347][  2]MaterialEditorStats: Base pass shader with Volumetric Lightmap: 858 instructions
[2025.05.30-15.14.54:347][  2]MaterialEditorStats: Base pass vertex shader: 267 instructions
[2025.05.30-15.14.54:347][  2]MaterialEditorStats: Texture samplers: 4/16
[2025.05.30-15.14.54:952][ 36]LogAssetEditorSubsystem: Opening Asset editor for Material /Game/MyMehes/Electronics/Nut/Screw_metall.Screw_metall
[2025.05.30-15.14.54:953][ 36]LogMaterial: Display: Missing cached shadermap for Screw_metall in PCD3D_SM5, Default, SM5 (DDC key hash: 262C9D1CA5E6D78D0C9A003FA6C49C578502E925), compiling. 
[2025.05.30-15.14.54:994][ 36]LogMaterial: Display: Missing cached shadermap for Screw_metall in PCD3D_SM5, Default, SM5 (DDC key hash: 4A461466230C9DC99A887288AB507755311B5C58), compiling. 
[2025.05.30-15.14.54:997][ 36]LogMaterial: Display: Missing cached shadermap for Screw_metall in PCD3D_SM5, Default, SM5 (DDC key hash: 88F26137AB343E07F4E24BA73C3BC7790B9AFA30), compiling. 
[2025.05.30-15.14.54:998][ 36]LogMaterial: Display: Missing cached shadermap for FMatExpressionPreview MaterialExpressionVectorParameter_0 in PCD3D_SM5, Default, SM5 (DDC key hash: DAC2563832E6B77D4A254A12F4C5AEF184D504B1), compiling. 
[2025.05.30-15.14.55:006][ 36]MaterialEditorStats: Texture samplers: 0/16
[2025.05.30-15.14.55:054][ 37]MaterialEditorStats: Base pass shader: 793 instructions
[2025.05.30-15.14.55:054][ 37]MaterialEditorStats: Base pass shader with Volumetric Lightmap: 860 instructions
[2025.05.30-15.14.55:054][ 37]MaterialEditorStats: Base pass vertex shader: 267 instructions
[2025.05.30-15.14.55:054][ 37]MaterialEditorStats: Texture samplers: 4/16
[2025.05.30-15.15.05:719][571]LogMaterial: Display: Missing cached shadermap for Screw_metall in PCD3D_SM5, Default, SM5 (DDC key hash: E89057D0782B2988F39AC6A951493C1C8188FAC8), compiling. 
[2025.05.30-15.15.05:722][571]MaterialEditorStats: Texture samplers: 0/16
[2025.05.30-15.15.05:740][572]LogShaderCompilers: Display: Submitted 2 shader compile jobs with 'ForceLocal' priority
[2025.05.30-15.15.05:740][572]LogShaderCompilers: Display: Worker (1/21): shaders left to compile 2
[2025.05.30-15.15.05:740][572]LogShaderCompilers: Display: Worker (2/21): shaders left to compile 1
[2025.05.30-15.15.05:740][572]LogShaderCompilers: Display: Started 2 'Local' shader compile jobs with 'ForceLocal' priority
[2025.05.30-15.15.05:740][572]LogShaderCompilers: Display: Submitted 8 shader compile jobs with 'Normal' priority
[2025.05.30-15.15.05:740][572]LogShaderCompilers: Display: Worker (3/21): shaders left to compile 8
[2025.05.30-15.15.05:740][572]LogShaderCompilers: Display: Worker (4/21): shaders left to compile 7
[2025.05.30-15.15.05:740][572]LogShaderCompilers: Display: Worker (5/21): shaders left to compile 6
[2025.05.30-15.15.05:740][572]LogShaderCompilers: Display: Worker (6/21): shaders left to compile 5
[2025.05.30-15.15.05:740][572]LogShaderCompilers: Display: Worker (7/21): shaders left to compile 4
[2025.05.30-15.15.05:740][572]LogShaderCompilers: Display: Worker (8/21): shaders left to compile 3
[2025.05.30-15.15.05:740][572]LogShaderCompilers: Display: Worker (9/21): shaders left to compile 2
[2025.05.30-15.15.05:740][572]LogShaderCompilers: Display: Worker (10/21): shaders left to compile 1
[2025.05.30-15.15.05:740][572]LogShaderCompilers: Display: Started 8 'Local' shader compile jobs with 'Normal' priority
[2025.05.30-15.15.06:156][591]MaterialEditorStats: Texture samplers: 2/16
[2025.05.30-15.15.07:635][677]MaterialEditorStats: Texture samplers: 3/16
[2025.05.30-15.15.07:700][681]MaterialEditorStats: Texture samplers: 4/16
[2025.05.30-15.15.07:792][686]MaterialEditorStats: Base pass shader: 790 instructions
[2025.05.30-15.15.07:792][686]MaterialEditorStats: Base pass shader with Volumetric Lightmap: 858 instructions
[2025.05.30-15.15.07:792][686]MaterialEditorStats: Base pass vertex shader: 267 instructions
[2025.05.30-15.15.07:792][686]MaterialEditorStats: Texture samplers: 4/16
[2025.05.30-15.15.08:863][743]LogContentBrowser: Deferred new asset folder creation: NewFolder
[2025.05.30-15.15.08:901][743]LogContentBrowser: Creating deferred item: NewFolder
[2025.05.30-15.15.10:938][866]LogContentBrowser: Attempting asset rename: NewFolder -> Bake
[2025.05.30-15.15.10:939][866]LogContentBrowser: End creating deferred item NewFolder
[2025.05.30-15.15.29:911][ 22]LogFactory: FactoryCreateFile: Texture with ReimportTextureFactory (0 0 C:\Users\misha\YandexDisk\МИФИ\VR_tms\Blender\Bake\Nut\nut_base_color.png)
[2025.05.30-15.15.29:948][ 22]LogTexture: Display: Building textures: nut_base_color (OODLE_AutoDXT, 2048X2048)
[2025.05.30-15.15.30:013][ 22]LogTextureFormatOodle: Display: non-RDO encode 2048 x 2048 x 1 to format OODLE_AutoDXT (Oodle OodleTex_BC3) lambda=0 effort=20 
[2025.05.30-15.15.30:013][ 22]LogTextureFormatOodle: Display: non-RDO encode 1024 x 1024 x 1 to format OODLE_AutoDXT (Oodle OodleTex_BC3) lambda=0 effort=20 
[2025.05.30-15.15.30:013][ 22]LogFactory: FactoryCreateFile: Texture with ReimportTextureFactory (0 0 C:\Users\misha\YandexDisk\МИФИ\VR_tms\Blender\Bake\Nut\nut_metallic.png)
[2025.05.30-15.15.30:032][ 22]LogTexture: Display: Building textures: nut_metallic (OODLE_AutoDXT, 2048X2048)
[2025.05.30-15.15.30:081][ 22]LogTextureFormatOodle: Display: non-RDO encode 1024 x 1024 x 1 to format OODLE_AutoDXT (Oodle OodleTex_BC3) lambda=0 effort=20 
[2025.05.30-15.15.30:082][ 22]LogTextureFormatOodle: Display: non-RDO encode 2048 x 2048 x 1 to format OODLE_AutoDXT (Oodle OodleTex_BC3) lambda=0 effort=20 
[2025.05.30-15.15.30:082][ 22]LogFactory: FactoryCreateFile: Texture with ReimportTextureFactory (0 0 C:\Users\misha\YandexDisk\МИФИ\VR_tms\Blender\Bake\Nut\nut_roughness.png)
[2025.05.30-15.15.30:130][ 22]LogTexture: Display: Building textures: nut_roughness (OODLE_AutoDXT, 2048X2048)
[2025.05.30-15.15.30:203][ 22]LogTextureFormatOodle: Display: non-RDO encode 1024 x 1024 x 1 to format OODLE_AutoDXT (Oodle OodleTex_BC3) lambda=0 effort=20 
[2025.05.30-15.15.30:203][ 22]LogTextureFormatOodle: Display: non-RDO encode 2048 x 2048 x 1 to format OODLE_AutoDXT (Oodle OodleTex_BC3) lambda=0 effort=20 
[2025.05.30-15.15.36:166][261]LogMaterial: Display: Missing cached shadermap for Screw_metall in PCD3D_SM5, Default, SM5 (DDC key hash: 77C6099966933F9C1A5F1256B3F1804F966EABA2), compiling. 
[2025.05.30-15.15.36:168][261]LogMaterial: Display: Missing cached shadermap for FMatExpressionPreview MaterialExpressionTextureSample_0 in PCD3D_SM5, Default, SM5 (DDC key hash: 37F3DBBCCC414C3931963512C967B2249F3C89BF), compiling. 
[2025.05.30-15.15.36:169][261]LogMaterial: Display: Missing cached shadermap for FMatExpressionPreview MaterialExpressionTextureSample_0 in PCD3D_SM5, Default, SM5 (DDC key hash: AD8AD83B392D8BA7A31FFDDC1B809791ECFFCFA7), compiling. 
[2025.05.30-15.15.36:173][261]MaterialEditorStats: Texture samplers: 0/16
[2025.05.30-15.15.36:207][262]MaterialEditorStats: Base pass shader: 790 instructions
[2025.05.30-15.15.36:207][262]MaterialEditorStats: Base pass shader with Volumetric Lightmap: 858 instructions
[2025.05.30-15.15.36:207][262]MaterialEditorStats: Base pass vertex shader: 267 instructions
[2025.05.30-15.15.36:207][262]MaterialEditorStats: Texture samplers: 4/16
[2025.05.30-15.15.39:081][433]LogMaterial: Display: Missing cached shadermap for Screw_metall in PCD3D_SM5, Default, SM5 (DDC key hash: E661374085750EB1D4465D1E1BBDC3B65FBB88C5), compiling. 
[2025.05.30-15.15.39:083][433]LogMaterial: Display: Missing cached shadermap for FMatExpressionPreview MaterialExpressionTextureSample_0 in PCD3D_SM5, Default, SM5 (DDC key hash: BE4C83CB43447415B09F1B50F704A5DC4A66ACDE), compiling. 
[2025.05.30-15.15.39:088][433]MaterialEditorStats: Texture samplers: 0/16
[2025.05.30-15.15.39:088][433]MaterialEditorStats: Texture Lookups (Est.): VS(0), PS(1)
[2025.05.30-15.15.39:088][433]MaterialEditorStats: User interpolators: 2/4 Scalars (1/4 Vectors) (TexCoords: 2, Custom: 0)
[2025.05.30-15.15.39:108][435]LogShaderCompilers: Display: Submitted 2 shader compile jobs with 'ForceLocal' priority
[2025.05.30-15.15.39:109][435]LogShaderCompilers: Display: Worker (1/21): shaders left to compile 2
[2025.05.30-15.15.39:109][435]LogShaderCompilers: Display: Worker (2/21): shaders left to compile 1
[2025.05.30-15.15.39:109][435]LogShaderCompilers: Display: Started 2 'Local' shader compile jobs with 'ForceLocal' priority
[2025.05.30-15.15.39:109][435]LogShaderCompilers: Display: Submitted 8 shader compile jobs with 'Normal' priority
[2025.05.30-15.15.39:142][437]LogShaderCompilers: Display: Worker (3/21): shaders left to compile 8
[2025.05.30-15.15.39:142][437]LogShaderCompilers: Display: Worker (4/21): shaders left to compile 7
[2025.05.30-15.15.39:142][437]LogShaderCompilers: Display: Worker (5/21): shaders left to compile 6
[2025.05.30-15.15.39:142][437]LogShaderCompilers: Display: Worker (6/21): shaders left to compile 5
[2025.05.30-15.15.39:142][437]LogShaderCompilers: Display: Worker (7/21): shaders left to compile 4
[2025.05.30-15.15.39:142][437]LogShaderCompilers: Display: Worker (8/21): shaders left to compile 3
[2025.05.30-15.15.39:142][437]LogShaderCompilers: Display: Worker (9/21): shaders left to compile 2
[2025.05.30-15.15.39:142][437]LogShaderCompilers: Display: Worker (10/21): shaders left to compile 1
[2025.05.30-15.15.39:142][437]LogShaderCompilers: Display: Started 8 'Local' shader compile jobs with 'Normal' priority
[2025.05.30-15.15.39:527][457]MaterialEditorStats: Texture samplers: 2/16
[2025.05.30-15.15.39:528][457]MaterialEditorStats: Texture Lookups (Est.): VS(0), PS(1)
[2025.05.30-15.15.39:528][457]MaterialEditorStats: User interpolators: 2/4 Scalars (1/4 Vectors) (TexCoords: 2, Custom: 0)
[2025.05.30-15.15.40:987][540]MaterialEditorStats: Texture samplers: 5/16
[2025.05.30-15.15.40:987][540]MaterialEditorStats: Texture Lookups (Est.): VS(0), PS(1)
[2025.05.30-15.15.40:987][540]MaterialEditorStats: User interpolators: 2/4 Scalars (1/4 Vectors) (TexCoords: 2, Custom: 0)
[2025.05.30-15.15.41:298][556]MaterialEditorStats: Base pass shader: 794 instructions
[2025.05.30-15.15.41:298][556]MaterialEditorStats: Base pass shader with Volumetric Lightmap: 861 instructions
[2025.05.30-15.15.41:298][556]MaterialEditorStats: Base pass vertex shader: 271 instructions
[2025.05.30-15.15.41:298][556]MaterialEditorStats: Texture samplers: 5/16
[2025.05.30-15.15.41:298][556]MaterialEditorStats: Texture Lookups (Est.): VS(0), PS(1)
[2025.05.30-15.15.41:298][556]MaterialEditorStats: User interpolators: 2/4 Scalars (1/4 Vectors) (TexCoords: 2, Custom: 0)
[2025.05.30-15.15.42:035][600]LogMaterialEditor: Saving and Compiling material Screw_metall
[2025.05.30-15.15.42:235][600]LogMaterial: Display: Missing cached shadermap for Screw_metall in PCD3D_SM5, Default, SM5 (DDC key hash: 09BDA4DBFBB2EBD6EAC4671EDC0934BF76ECC47A), compiling. 
[2025.05.30-15.15.42:249][600]LogMaterial: Display: Missing cached shadermap for Screw_metall in PCD3D_SM5, Default, SM5 (DDC key hash: D9D7F02B3ED6725B5D3219062D8AF7086A66CE67), compiling. 
[2025.05.30-15.15.42:275][600]LogShaderCompilers: Display: Submitted 6 shader compile jobs with 'Normal' priority
[2025.05.30-15.15.42:283][600]LogShaderCompilers: Display: Worker (1/21): shaders left to compile 6
[2025.05.30-15.15.42:283][600]LogShaderCompilers: Display: Worker (2/21): shaders left to compile 5
[2025.05.30-15.15.42:283][600]LogShaderCompilers: Display: Worker (3/21): shaders left to compile 4
[2025.05.30-15.15.42:283][600]LogShaderCompilers: Display: Worker (4/21): shaders left to compile 3
[2025.05.30-15.15.42:283][600]LogShaderCompilers: Display: Worker (5/21): shaders left to compile 2
[2025.05.30-15.15.42:283][600]LogShaderCompilers: Display: Worker (6/21): shaders left to compile 1
[2025.05.30-15.15.42:283][600]LogShaderCompilers: Display: Started 6 'Local' shader compile jobs with 'Normal' priority
[2025.05.30-15.15.42:283][600]LogUObjectHash: Compacting FUObjectHashTables data took   0.66ms
[2025.05.30-15.15.42:528][600]LogUObjectHash: Compacting FUObjectHashTables data took   0.55ms
[2025.05.30-15.15.43:436][600]LogSavePackage: Moving '../../../../../../Users/misha/YandexDisk/МИФИ/VR_tms/FinalProject/EngiPracrice/Saved/Screw_metallC8B6D844439333335511D9B4C15EA218.tmp' to '../../../../../../Users/misha/YandexDisk/МИФИ/VR_tms/FinalProject/EngiPracrice/Content/MyMehes/Electronics/Nut/Screw_metall.uasset'
[2025.05.30-15.15.43:447][600]AssetCheck: New page: Asset Save: Screw_metall
[2025.05.30-15.15.43:447][600]LogContentValidation: Display: Validating Material /Game/MyMehes/Electronics/Nut/Screw_metall.Screw_metall
[2025.05.30-15.15.43:449][600]MaterialEditorStats: Base pass shader: 794 instructions
[2025.05.30-15.15.43:449][600]MaterialEditorStats: Base pass shader with Volumetric Lightmap: 861 instructions
[2025.05.30-15.15.43:449][600]MaterialEditorStats: Base pass vertex shader: 271 instructions
[2025.05.30-15.15.43:449][600]MaterialEditorStats: Texture samplers: 6/16
[2025.05.30-15.15.43:449][600]MaterialEditorStats: Texture Lookups (Est.): VS(0), PS(1)
[2025.05.30-15.15.43:449][600]MaterialEditorStats: User interpolators: 2/4 Scalars (1/4 Vectors) (TexCoords: 2, Custom: 0)
[2025.05.30-15.15.49:862][978]LogMaterial: Display: Missing cached shadermap for Screw_thread in PCD3D_SM5, Default, SM5 (DDC key hash: FE8DDD2BF4EADB6A053C3560C44FB42A1A568AA8), compiling. 
[2025.05.30-15.15.49:864][978]LogMaterial: Display: Missing cached shadermap for FMatExpressionPreview MaterialExpressionTextureSample_0 in PCD3D_SM5, Default, SM5 (DDC key hash: FC2063861E62F96AB296682ADF0876717877DE99), compiling. 
[2025.05.30-15.15.49:865][978]LogMaterial: Display: Missing cached shadermap for FMatExpressionPreview MaterialExpressionTextureSample_0 in PCD3D_SM5, Default, SM5 (DDC key hash: 254FCC2FD4BDCC9C0918C08ADAC1BC4178F7F299), compiling. 
[2025.05.30-15.15.49:874][978]LogMaterial: Display: Missing cached shadermap for Screw_thread in PCD3D_SM5, Default, SM5 (DDC key hash: B48948CCA9C78EFB23BCC019DE05B672CFA991E6), compiling. 
[2025.05.30-15.15.49:875][978]LogMaterial: Display: Missing cached shadermap for FMatExpressionPreview MaterialExpressionTextureSample_1 in PCD3D_SM5, Default, SM5 (DDC key hash: 598FC10104E355A78C6C6A5FAD5E58B45ABAFD2D), compiling. 
[2025.05.30-15.15.49:876][978]LogMaterial: Display: Missing cached shadermap for FMatExpressionPreview MaterialExpressionTextureSample_0 in PCD3D_SM5, Default, SM5 (DDC key hash: DEDE18C30D48B38AECCFEA85762035DB8C59C590), compiling. 
[2025.05.30-15.15.49:877][978]LogMaterial: Display: Missing cached shadermap for FMatExpressionPreview MaterialExpressionTextureSample_1 in PCD3D_SM5, Default, SM5 (DDC key hash: D49B4951BBBF953104C3A07B64D5B4F307C8BE37), compiling. 
[2025.05.30-15.15.49:882][978]LogMaterial: Display: Missing cached shadermap for Screw_thread in PCD3D_SM5, Default, SM5 (DDC key hash: 81DEFEB87764BA21F6D44B61E749BC496ADBAB7C), compiling. 
[2025.05.30-15.15.49:882][978]LogMaterial: Display: Missing cached shadermap for FMatExpressionPreview MaterialExpressionTextureSample_2 in PCD3D_SM5, Default, SM5 (DDC key hash: D77FA3B0854C19670A8BAA1DA5E34E9BB4F07B8F), compiling. 
[2025.05.30-15.15.49:883][978]LogMaterial: Display: Missing cached shadermap for FMatExpressionPreview MaterialExpressionTextureSample_0 in PCD3D_SM5, Default, SM5 (DDC key hash: CB300D40232D4A5B4ECB5D3B5025600469F6813D), compiling. 
[2025.05.30-15.15.49:884][978]LogMaterial: Display: Missing cached shadermap for FMatExpressionPreview MaterialExpressionTextureSample_1 in PCD3D_SM5, Default, SM5 (DDC key hash: 3C2EB9B5B6B07C238DC12B6AF8137A371CD722A4), compiling. 
[2025.05.30-15.15.49:884][978]LogMaterial: Display: Missing cached shadermap for FMatExpressionPreview MaterialExpressionTextureSample_2 in PCD3D_SM5, Default, SM5 (DDC key hash: 0C4A8895DBD70320E7125657A3B88A0345C6BDF1), compiling. 
[2025.05.30-15.15.49:887][978]MaterialEditorStats: Texture samplers: 0/16
[2025.05.30-15.15.49:912][979]MaterialEditorStats: Base pass shader: 790 instructions
[2025.05.30-15.15.49:912][979]MaterialEditorStats: Base pass shader with Volumetric Lightmap: 858 instructions
[2025.05.30-15.15.49:912][979]MaterialEditorStats: Base pass vertex shader: 267 instructions
[2025.05.30-15.15.49:912][979]MaterialEditorStats: Texture samplers: 4/16
[2025.05.30-15.16.00:216][596]LogMaterial: Display: Missing cached shadermap for Screw_thread in PCD3D_SM5, Default, SM5 (DDC key hash: 87CFE235BBE32B022894F3ADADC0EEF7436EFB40), compiling. 
[2025.05.30-15.16.00:218][596]LogMaterial: Display: Missing cached shadermap for FMatExpressionPreview MaterialExpressionTextureSample_2 in PCD3D_SM5, Default, SM5 (DDC key hash: 8FDD6B6487969C40F721D4EAB849DAB264CDD411), compiling. 
[2025.05.30-15.16.00:223][596]MaterialEditorStats: Texture samplers: 0/16
[2025.05.30-15.16.00:223][596]MaterialEditorStats: Texture Lookups (Est.): VS(0), PS(1)
[2025.05.30-15.16.00:223][596]MaterialEditorStats: User interpolators: 2/4 Scalars (1/4 Vectors) (TexCoords: 2, Custom: 0)
[2025.05.30-15.16.00:262][597]LogShaderCompilers: Display: Submitted 2 shader compile jobs with 'ForceLocal' priority
[2025.05.30-15.16.00:262][597]LogShaderCompilers: Display: Worker (1/21): shaders left to compile 2
[2025.05.30-15.16.00:262][597]LogShaderCompilers: Display: Worker (2/21): shaders left to compile 1
[2025.05.30-15.16.00:262][597]LogShaderCompilers: Display: Started 2 'Local' shader compile jobs with 'ForceLocal' priority
[2025.05.30-15.16.00:262][597]LogShaderCompilers: Display: Worker (3/21): shaders left to compile 1
[2025.05.30-15.16.00:262][597]LogShaderCompilers: Display: Submitted 8 shader compile jobs with 'Normal' priority
[2025.05.30-15.16.00:262][597]LogShaderCompilers: Display: Worker (4/21): shaders left to compile 7
[2025.05.30-15.16.00:262][597]LogShaderCompilers: Display: Worker (5/21): shaders left to compile 6
[2025.05.30-15.16.00:262][597]LogShaderCompilers: Display: Worker (6/21): shaders left to compile 5
[2025.05.30-15.16.00:262][597]LogShaderCompilers: Display: Worker (7/21): shaders left to compile 4
[2025.05.30-15.16.00:262][597]LogShaderCompilers: Display: Worker (8/21): shaders left to compile 3
[2025.05.30-15.16.00:262][597]LogShaderCompilers: Display: Worker (9/21): shaders left to compile 2
[2025.05.30-15.16.00:262][597]LogShaderCompilers: Display: Worker (10/21): shaders left to compile 1
[2025.05.30-15.16.00:262][597]LogShaderCompilers: Display: Started 8 'Local' shader compile jobs with 'Normal' priority
[2025.05.30-15.16.00:843][623]MaterialEditorStats: Texture samplers: 2/16
[2025.05.30-15.16.00:843][623]MaterialEditorStats: Texture Lookups (Est.): VS(0), PS(1)
[2025.05.30-15.16.00:843][623]MaterialEditorStats: User interpolators: 2/4 Scalars (1/4 Vectors) (TexCoords: 2, Custom: 0)
[2025.05.30-15.16.02:075][695]MaterialEditorStats: Texture samplers: 4/16
[2025.05.30-15.16.02:075][695]MaterialEditorStats: Texture Lookups (Est.): VS(0), PS(1)
[2025.05.30-15.16.02:075][695]MaterialEditorStats: User interpolators: 2/4 Scalars (1/4 Vectors) (TexCoords: 2, Custom: 0)
[2025.05.30-15.16.02:092][696]MaterialEditorStats: Texture samplers: 5/16
[2025.05.30-15.16.02:093][696]MaterialEditorStats: Texture Lookups (Est.): VS(0), PS(1)
[2025.05.30-15.16.02:093][696]MaterialEditorStats: User interpolators: 2/4 Scalars (1/4 Vectors) (TexCoords: 2, Custom: 0)
[2025.05.30-15.16.02:244][704]MaterialEditorStats: Base pass shader: 794 instructions
[2025.05.30-15.16.02:244][704]MaterialEditorStats: Base pass shader with Volumetric Lightmap: 861 instructions
[2025.05.30-15.16.02:244][704]MaterialEditorStats: Base pass vertex shader: 271 instructions
[2025.05.30-15.16.02:244][704]MaterialEditorStats: Texture samplers: 5/16
[2025.05.30-15.16.02:244][704]MaterialEditorStats: Texture Lookups (Est.): VS(0), PS(1)
[2025.05.30-15.16.02:244][704]MaterialEditorStats: User interpolators: 2/4 Scalars (1/4 Vectors) (TexCoords: 2, Custom: 0)
[2025.05.30-15.16.02:903][743]LogMaterial: Display: Missing cached shadermap for Screw_thread in PCD3D_SM5, Default, SM5 (DDC key hash: F533DDC32D0037C197E03AF89DA8313841B8AB78), compiling. 
[2025.05.30-15.16.02:905][743]LogMaterial: Display: Missing cached shadermap for FMatExpressionPreview MaterialExpressionTextureSample_0 in PCD3D_SM5, Default, SM5 (DDC key hash: 05D598C695AE6F37CED9AEAE7D183E921C75E7AE), compiling. 
[2025.05.30-15.16.02:910][743]MaterialEditorStats: Texture samplers: 0/16
[2025.05.30-15.16.02:910][743]MaterialEditorStats: Texture Lookups (Est.): VS(0), PS(2)
[2025.05.30-15.16.02:910][743]MaterialEditorStats: User interpolators: 2/4 Scalars (1/4 Vectors) (TexCoords: 2, Custom: 0)
[2025.05.30-15.16.02:926][745]LogShaderCompilers: Display: Submitted 2 shader compile jobs with 'ForceLocal' priority
[2025.05.30-15.16.02:926][745]LogShaderCompilers: Display: Worker (1/21): shaders left to compile 2
[2025.05.30-15.16.02:926][745]LogShaderCompilers: Display: Worker (2/21): shaders left to compile 1
[2025.05.30-15.16.02:926][745]LogShaderCompilers: Display: Started 2 'Local' shader compile jobs with 'ForceLocal' priority
[2025.05.30-15.16.02:926][745]LogShaderCompilers: Display: Submitted 8 shader compile jobs with 'Normal' priority
[2025.05.30-15.16.02:926][745]LogShaderCompilers: Display: Worker (3/21): shaders left to compile 8
[2025.05.30-15.16.02:926][745]LogShaderCompilers: Display: Worker (4/21): shaders left to compile 7
[2025.05.30-15.16.02:926][745]LogShaderCompilers: Display: Worker (5/21): shaders left to compile 6
[2025.05.30-15.16.02:926][745]LogShaderCompilers: Display: Worker (6/21): shaders left to compile 5
[2025.05.30-15.16.02:926][745]LogShaderCompilers: Display: Worker (7/21): shaders left to compile 4
[2025.05.30-15.16.02:926][745]LogShaderCompilers: Display: Worker (8/21): shaders left to compile 3
[2025.05.30-15.16.02:926][745]LogShaderCompilers: Display: Worker (9/21): shaders left to compile 2
[2025.05.30-15.16.02:926][745]LogShaderCompilers: Display: Worker (10/21): shaders left to compile 1
[2025.05.30-15.16.02:926][745]LogShaderCompilers: Display: Started 8 'Local' shader compile jobs with 'Normal' priority
[2025.05.30-15.16.03:391][764]MaterialEditorStats: Texture samplers: 2/16
[2025.05.30-15.16.03:391][764]MaterialEditorStats: Texture Lookups (Est.): VS(0), PS(2)
[2025.05.30-15.16.03:391][764]MaterialEditorStats: User interpolators: 2/4 Scalars (1/4 Vectors) (TexCoords: 2, Custom: 0)
[2025.05.30-15.16.05:701][899]LogMaterial: Display: Missing cached shadermap for Screw_thread in PCD3D_SM5, Default, SM5 (DDC key hash: 83C5BE4C2C555E58DDB08623640486A0E18F2E4F), compiling. 
[2025.05.30-15.16.05:703][899]LogMaterial: Display: Missing cached shadermap for FMatExpressionPreview MaterialExpressionTextureSample_1 in PCD3D_SM5, Default, SM5 (DDC key hash: 8360724B95DC9ECFC9A477B0F965AA06B5B67250), compiling. 
[2025.05.30-15.16.05:706][899]MaterialEditorStats: Texture samplers: 0/16
[2025.05.30-15.16.05:706][899]MaterialEditorStats: Texture Lookups (Est.): VS(0), PS(3)
[2025.05.30-15.16.05:706][899]MaterialEditorStats: User interpolators: 2/4 Scalars (1/4 Vectors) (TexCoords: 2, Custom: 0)
[2025.05.30-15.16.05:714][900]LogShaderCompilers: Display: Submitted 2 shader compile jobs with 'ForceLocal' priority
[2025.05.30-15.16.05:725][901]LogShaderCompilers: Display: Worker (1/21): shaders left to compile 2
[2025.05.30-15.16.05:725][901]LogShaderCompilers: Display: Worker (2/21): shaders left to compile 1
[2025.05.30-15.16.05:725][901]LogShaderCompilers: Display: Started 2 'Local' shader compile jobs with 'ForceLocal' priority
[2025.05.30-15.16.05:725][901]LogShaderCompilers: Display: Submitted 8 shader compile jobs with 'Normal' priority
[2025.05.30-15.16.05:725][901]LogShaderCompilers: Display: Worker (3/21): shaders left to compile 8
[2025.05.30-15.16.05:725][901]LogShaderCompilers: Display: Worker (4/21): shaders left to compile 7
[2025.05.30-15.16.05:725][901]LogShaderCompilers: Display: Worker (5/21): shaders left to compile 6
[2025.05.30-15.16.05:725][901]LogShaderCompilers: Display: Worker (6/21): shaders left to compile 5
[2025.05.30-15.16.05:725][901]LogShaderCompilers: Display: Worker (7/21): shaders left to compile 4
[2025.05.30-15.16.05:725][901]LogShaderCompilers: Display: Worker (8/21): shaders left to compile 3
[2025.05.30-15.16.05:725][901]LogShaderCompilers: Display: Worker (9/21): shaders left to compile 2
[2025.05.30-15.16.05:725][901]LogShaderCompilers: Display: Worker (10/21): shaders left to compile 1
[2025.05.30-15.16.05:725][901]LogShaderCompilers: Display: Started 8 'Local' shader compile jobs with 'Normal' priority
[2025.05.30-15.16.06:159][919]MaterialEditorStats: Texture samplers: 2/16
[2025.05.30-15.16.06:159][919]MaterialEditorStats: Texture Lookups (Est.): VS(0), PS(3)
[2025.05.30-15.16.06:159][919]MaterialEditorStats: User interpolators: 2/4 Scalars (1/4 Vectors) (TexCoords: 2, Custom: 0)
[2025.05.30-15.16.07:520][994]MaterialEditorStats: Texture samplers: 6/16
[2025.05.30-15.16.07:520][994]MaterialEditorStats: Texture Lookups (Est.): VS(0), PS(3)
[2025.05.30-15.16.07:520][994]MaterialEditorStats: User interpolators: 2/4 Scalars (1/4 Vectors) (TexCoords: 2, Custom: 0)
[2025.05.30-15.16.07:636][  1]MaterialEditorStats: Texture samplers: 7/16
[2025.05.30-15.16.07:636][  1]MaterialEditorStats: Texture Lookups (Est.): VS(0), PS(3)
[2025.05.30-15.16.07:636][  1]MaterialEditorStats: User interpolators: 2/4 Scalars (1/4 Vectors) (TexCoords: 2, Custom: 0)
[2025.05.30-15.16.07:770][  9]MaterialEditorStats: Base pass shader: 798 instructions
[2025.05.30-15.16.07:770][  9]MaterialEditorStats: Base pass shader with Volumetric Lightmap: 865 instructions
[2025.05.30-15.16.07:770][  9]MaterialEditorStats: Base pass vertex shader: 271 instructions
[2025.05.30-15.16.07:770][  9]MaterialEditorStats: Texture samplers: 7/16
[2025.05.30-15.16.07:770][  9]MaterialEditorStats: Texture Lookups (Est.): VS(0), PS(3)
[2025.05.30-15.16.07:770][  9]MaterialEditorStats: User interpolators: 2/4 Scalars (1/4 Vectors) (TexCoords: 2, Custom: 0)
[2025.05.30-15.16.27:229][164]LogAssetEditorSubsystem: Opening Asset editor for StaticMesh /Game/MyMehes/Electronics/Nut/Nut.Nut
[2025.05.30-15.16.42:455][ 47]LogUObjectHash: Compacting FUObjectHashTables data took   0.53ms
[2025.05.30-15.16.43:700][ 47]LogSlate: Window 'Delete Assets' being destroyed
[2025.05.30-15.16.44:121][ 47]LogWorld: UWorld::CleanupWorld for World_12, bSessionEnded=true, bCleanupResources=true
[2025.05.30-15.16.44:121][ 47]LogSlate: InvalidateAllWidgets triggered.  All widgets were invalidated
[2025.05.30-15.16.44:145][ 47]LogWorld: UWorld::CleanupWorld for World_13, bSessionEnded=true, bCleanupResources=true
[2025.05.30-15.16.44:145][ 47]LogSlate: InvalidateAllWidgets triggered.  All widgets were invalidated
[2025.05.30-15.16.44:154][ 47]LogUObjectGlobals: Force Deleting 1 Package(s):
	Asset Name: /Game/MyMehes/Electronics/Nut/Screw_metall.Screw_metall
[2025.05.30-15.16.44:312][ 47]LogUObjectHash: Compacting FUObjectHashTables data took   0.75ms
[2025.05.30-15.16.44:319][ 47]LogUObjectHash: Compacting FUObjectHashTables data took   0.86ms
[2025.05.30-15.16.44:325][ 47]LogUObjectHash: Compacting FUObjectHashTables data took   0.30ms
[2025.05.30-15.16.45:004][ 87]LogUObjectHash: Compacting FUObjectHashTables data took   0.27ms
[2025.05.30-15.16.46:070][ 87]LogSlate: Window 'Delete Assets' being destroyed
[2025.05.30-15.16.48:729][ 87]LogSlate: Window 'Message' being destroyed
[2025.05.30-15.16.48:756][ 87]Message dialog closed, result: Yes, title: Message, text: Would you like to apply the changes of the modified material to the original material?
/Game/MyMehes/Electronics/Nut/Screw_thread.Screw_thread
(Selecting 'No' will cause all changes to be lost!)
[2025.05.30-15.16.48:963][ 87]LogMaterial: Display: Missing cached shadermap for Screw_thread in PCD3D_SM5, Default, SM5 (DDC key hash: 37855920B1FAE442F03000D2662D44936A848B09), compiling. 
[2025.05.30-15.16.48:983][ 87]LogMaterial: Display: Missing cached shadermap for Screw_thread in PCD3D_SM5, Default, SM5 (DDC key hash: 24FC924159B63A70DF9CD3305153D23988D36BC6), compiling. 
[2025.05.30-15.16.48:990][ 87]LogUObjectHash: Compacting FUObjectHashTables data took   0.61ms
[2025.05.30-15.16.48:994][ 87]LogShaderCompilers: Display: Submitted 1 shader compile jobs with 'ForceLocal' priority
[2025.05.30-15.16.49:222][ 87]LogShaderCompilers: Display: Worker (1/21): shaders left to compile 1
[2025.05.30-15.16.49:222][ 87]LogShaderCompilers: Display: Started 1 'Local' shader compile jobs with 'ForceLocal' priority
[2025.05.30-15.16.49:222][ 87]LogShaderCompilers: Display: Worker (2/21): shaders left to compile 3
[2025.05.30-15.16.49:222][ 87]LogShaderCompilers: Display: Submitted 5 shader compile jobs with 'Normal' priority
[2025.05.30-15.16.49:222][ 87]LogShaderCompilers: Display: Worker (3/21): shaders left to compile 4
[2025.05.30-15.16.49:222][ 87]LogShaderCompilers: Display: Worker (4/21): shaders left to compile 3
[2025.05.30-15.16.49:222][ 87]LogShaderCompilers: Display: Worker (5/21): shaders left to compile 2
[2025.05.30-15.16.49:222][ 87]LogShaderCompilers: Display: Worker (6/21): shaders left to compile 1
[2025.05.30-15.16.49:222][ 87]LogShaderCompilers: Display: Started 5 'Local' shader compile jobs with 'Normal' priority
[2025.05.30-15.16.49:239][ 87]LogUObjectHash: Compacting FUObjectHashTables data took   0.28ms
[2025.05.30-15.16.49:246][ 87]LogSlate: Window 'Screw_thread' being destroyed
[2025.05.30-15.16.49:287][ 87]LogWorld: UWorld::CleanupWorld for World_11, bSessionEnded=true, bCleanupResources=true
[2025.05.30-15.16.49:287][ 87]LogSlate: InvalidateAllWidgets triggered.  All widgets were invalidated
[2025.05.30-15.16.49:299][ 87]LogUObjectGlobals: Force Deleting 1 Package(s):
	Asset Name: /Game/MyMehes/Electronics/Nut/Screw_thread.Screw_thread
[2025.05.30-15.16.49:446][ 87]LogUObjectHash: Compacting FUObjectHashTables data took   0.60ms
[2025.05.30-15.16.50:906][166]LogAssetEditorSubsystem: Opening Asset editor for StaticMesh /Game/MyMehes/Electronics/Nut/Nut.Nut
[2025.05.30-15.17.10:190][381]LogSlate: Window 'Save Asset As' being destroyed
[2025.05.30-15.17.13:287][548]LogUObjectHash: Compacting FUObjectHashTables data took   1.10ms
[2025.05.30-15.17.13:303][548]LogSavePackage: Moving '../../../../../../Users/misha/YandexDisk/МИФИ/VR_tms/FinalProject/EngiPracrice/Saved/VRTemplateMap_Auto3BA7278E04BF03E3E15A2989C6D30FDA8.tmp' to '../../../../../../Users/misha/YandexDisk/МИФИ/VR_tms/FinalProject/EngiPracrice/Saved/Autosaves/Game/VRTemplate/Maps/VRTemplateMap_Auto3.umap'
[2025.05.30-15.17.13:304][548]LogFileHelpers: Editor autosave (incl. external actors) for '/Game/VRTemplate/Maps/VRTemplateMap' took 0.024
[2025.05.30-15.17.13:304][548]LogFileHelpers: Editor autosave (incl. sublevels & external actors) for all levels took 0.024
[2025.05.30-15.17.13:305][548]OBJ SavePackage: Generating thumbnails for [1] asset(s) in package [/Game/MyMehes/Electronics/Nut/Nut] ([1] browsable assets)...
[2025.05.30-15.17.13:309][548]OBJ SavePackage:     Rendered thumbnail for [StaticMesh /Game/MyMehes/Electronics/Nut/Nut.Nut]
[2025.05.30-15.17.13:309][548]OBJ SavePackage: Finished generating thumbnails for package [/Game/MyMehes/Electronics/Nut/Nut]
[2025.05.30-15.17.13:314][548]LogSavePackage: Moving '../../../../../../Users/misha/YandexDisk/МИФИ/VR_tms/FinalProject/EngiPracrice/Saved/Nut_Auto3329CACE34FBE3CC1680AEE92133CAB07.tmp' to '../../../../../../Users/misha/YandexDisk/МИФИ/VR_tms/FinalProject/EngiPracrice/Saved/Autosaves/Game/MyMehes/Electronics/Nut/Nut_Auto3.uasset'
[2025.05.30-15.17.13:314][548]OBJ SavePackage: Generating thumbnails for [1] asset(s) in package [/Game/MyMehes/Electronics/Nut/Bake/nut_roughness] ([1] browsable assets)...
[2025.05.30-15.17.13:317][548]OBJ SavePackage:     Rendered thumbnail for [Texture2D /Game/MyMehes/Electronics/Nut/Bake/nut_roughness.nut_roughness]
[2025.05.30-15.17.13:317][548]OBJ SavePackage: Finished generating thumbnails for package [/Game/MyMehes/Electronics/Nut/Bake/nut_roughness]
[2025.05.30-15.17.13:324][548]LogSavePackage: Moving '../../../../../../Users/misha/YandexDisk/МИФИ/VR_tms/FinalProject/EngiPracrice/Saved/nut_roughness_Auto39E9BC9844611C9EB9963CC8A5AD452FD.tmp' to '../../../../../../Users/misha/YandexDisk/МИФИ/VR_tms/FinalProject/EngiPracrice/Saved/Autosaves/Game/MyMehes/Electronics/Nut/Bake/nut_roughness_Auto3.uasset'
[2025.05.30-15.17.13:324][548]OBJ SavePackage: Generating thumbnails for [1] asset(s) in package [/Game/MyMehes/Electronics/Nut/Bake/nut_metallic] ([1] browsable assets)...
[2025.05.30-15.17.13:327][548]OBJ SavePackage:     Rendered thumbnail for [Texture2D /Game/MyMehes/Electronics/Nut/Bake/nut_metallic.nut_metallic]
[2025.05.30-15.17.13:327][548]OBJ SavePackage: Finished generating thumbnails for package [/Game/MyMehes/Electronics/Nut/Bake/nut_metallic]
[2025.05.30-15.17.13:332][548]LogSavePackage: Moving '../../../../../../Users/misha/YandexDisk/МИФИ/VR_tms/FinalProject/EngiPracrice/Saved/nut_metallic_Auto3CEFB72BC458214303D0E50AE4EFC6969.tmp' to '../../../../../../Users/misha/YandexDisk/МИФИ/VR_tms/FinalProject/EngiPracrice/Saved/Autosaves/Game/MyMehes/Electronics/Nut/Bake/nut_metallic_Auto3.uasset'
[2025.05.30-15.17.13:333][548]OBJ SavePackage: Generating thumbnails for [1] asset(s) in package [/Game/MyMehes/Electronics/Nut/Bake/nut_base_color] ([1] browsable assets)...
[2025.05.30-15.17.13:335][548]OBJ SavePackage:     Rendered thumbnail for [Texture2D /Game/MyMehes/Electronics/Nut/Bake/nut_base_color.nut_base_color]
[2025.05.30-15.17.13:335][548]OBJ SavePackage: Finished generating thumbnails for package [/Game/MyMehes/Electronics/Nut/Bake/nut_base_color]
[2025.05.30-15.17.13:342][548]LogSavePackage: Moving '../../../../../../Users/misha/YandexDisk/МИФИ/VR_tms/FinalProject/EngiPracrice/Saved/nut_base_color_Auto3C8A86902463BE40FD39062BD957A76F3.tmp' to '../../../../../../Users/misha/YandexDisk/МИФИ/VR_tms/FinalProject/EngiPracrice/Saved/Autosaves/Game/MyMehes/Electronics/Nut/Bake/nut_base_color_Auto3.uasset'
[2025.05.30-15.17.13:352][548]LogFileHelpers: Auto-saving content packages took 0.048
[2025.05.30-15.17.32:490][685]LogAssetEditorSubsystem: Opening Asset editor for Material /Game/MyMehes/Electronics/Nut/Nut_Material.Nut_Material
[2025.05.30-15.17.32:491][685]LogMaterial: Display: Missing cached shadermap for Nut_Material in PCD3D_SM5, Default, SM5 (DDC key hash: 43284E631342B2461FF1CBD394A94D3B289EFD02), compiling. 
[2025.05.30-15.17.32:500][685]LogShaderCompilers: Display: Submitted 10 shader compile jobs with 'Normal' priority
[2025.05.30-15.17.32:537][685]LogMaterial: Display: Missing cached shadermap for Nut_Material in PCD3D_SM5, Default, SM5 (DDC key hash: 7424265820C202F7E7F12399C95A5A1A901A7B4E), compiling. 
[2025.05.30-15.17.32:539][685]LogMaterial: Display: Missing cached shadermap for Nut_Material in PCD3D_SM5, Default, SM5 (DDC key hash: 9914DF4FFC85B5D31E7BBACD14760096F8ADA7E4), compiling. 
[2025.05.30-15.17.32:545][685]MaterialEditorStats: Texture samplers: 0/16
[2025.05.30-15.17.32:581][686]LogShaderCompilers: Display: Submitted 2 shader compile jobs with 'ForceLocal' priority
[2025.05.30-15.17.32:581][686]LogShaderCompilers: Display: Worker (1/21): shaders left to compile 2
[2025.05.30-15.17.32:581][686]LogShaderCompilers: Display: Worker (2/21): shaders left to compile 1
[2025.05.30-15.17.32:581][686]LogShaderCompilers: Display: Started 2 'Local' shader compile jobs with 'ForceLocal' priority
[2025.05.30-15.17.32:581][686]LogShaderCompilers: Display: Submitted 8 shader compile jobs with 'Normal' priority
[2025.05.30-15.17.32:610][688]LogShaderCompilers: Display: Worker (3/21): shaders left to compile 8
[2025.05.30-15.17.32:610][688]LogShaderCompilers: Display: Worker (4/21): shaders left to compile 7
[2025.05.30-15.17.32:610][688]LogShaderCompilers: Display: Worker (5/21): shaders left to compile 6
[2025.05.30-15.17.32:610][688]LogShaderCompilers: Display: Worker (6/21): shaders left to compile 5
[2025.05.30-15.17.32:610][688]LogShaderCompilers: Display: Worker (7/21): shaders left to compile 4
[2025.05.30-15.17.32:610][688]LogShaderCompilers: Display: Worker (8/21): shaders left to compile 3
[2025.05.30-15.17.32:610][688]LogShaderCompilers: Display: Worker (9/21): shaders left to compile 2
[2025.05.30-15.17.32:610][688]LogShaderCompilers: Display: Worker (10/21): shaders left to compile 1
[2025.05.30-15.17.32:610][688]LogShaderCompilers: Display: Started 8 'Local' shader compile jobs with 'Normal' priority
[2025.05.30-15.17.32:982][706]LogShaderCompilers: Display: === FShaderJobCache stats ===
[2025.05.30-15.17.32:982][706]LogShaderCompilers: Display: Total job queries 2056, among them cache hits 881 (42.85%)
[2025.05.30-15.17.32:982][706]LogShaderCompilers: Display: Tracking 1154 distinct input hashes that result in 136 distinct outputs (11.79%)
[2025.05.30-15.17.32:982][706]LogShaderCompilers: Display: RAM used: 2.55 MB (0.00 GB) of 1638.40 MB (1.60 GB) budget. Usage: 0.16%
[2025.05.30-15.17.32:982][706]LogShaderCompilers: Display: ================================================
[2025.05.30-15.17.33:031][708]MaterialEditorStats: Texture samplers: 2/16
[2025.05.30-15.17.34:647][794]MaterialEditorStats: Texture samplers: 3/16
[2025.05.30-15.17.34:696][797]MaterialEditorStats: Texture samplers: 4/16
[2025.05.30-15.17.34:845][803]MaterialEditorStats: Base pass shader: 790 instructions
[2025.05.30-15.17.34:845][803]MaterialEditorStats: Base pass shader with Volumetric Lightmap: 858 instructions
[2025.05.30-15.17.34:845][803]MaterialEditorStats: Base pass vertex shader: 267 instructions
[2025.05.30-15.17.34:845][803]MaterialEditorStats: Texture samplers: 4/16
[2025.05.30-15.17.35:950][867]LogMaterial: Display: Missing cached shadermap for Nut_Material in PCD3D_SM5, Default, SM5 (DDC key hash: 036EEFC4896AF691C4042904CC2AE14E4B96E5CD), compiling. 
[2025.05.30-15.17.35:952][867]LogMaterial: Display: Missing cached shadermap for FMatExpressionPreview MaterialExpressionTextureSample_0 in PCD3D_SM5, Default, SM5 (DDC key hash: B556893822B7C7DD6B739C36A407DFB203887765), compiling. 
[2025.05.30-15.17.35:953][867]LogMaterial: Display: Missing cached shadermap for FMatExpressionPreview MaterialExpressionTextureSample_0 in PCD3D_SM5, Default, SM5 (DDC key hash: 09E03B3088B9EF7BBA287F9073800C831DF45111), compiling. 
[2025.05.30-15.17.35:960][867]LogMaterial: Display: Missing cached shadermap for Nut_Material in PCD3D_SM5, Default, SM5 (DDC key hash: 4DF48BAA7939968BE8D31549F30E22206C2EE497), compiling. 
[2025.05.30-15.17.35:961][867]LogMaterial: Display: Missing cached shadermap for FMatExpressionPreview MaterialExpressionTextureSample_1 in PCD3D_SM5, Default, SM5 (DDC key hash: 557A21D59883B9CB591478F5D26A541A568C7BD7), compiling. 
[2025.05.30-15.17.35:962][867]LogMaterial: Display: Missing cached shadermap for FMatExpressionPreview MaterialExpressionTextureSample_0 in PCD3D_SM5, Default, SM5 (DDC key hash: D8B073C669EBEE9BF10405C3D4A94AD18C1957C3), compiling. 
[2025.05.30-15.17.35:963][867]LogMaterial: Display: Missing cached shadermap for FMatExpressionPreview MaterialExpressionTextureSample_1 in PCD3D_SM5, Default, SM5 (DDC key hash: E819C8FF980D968E5FD7296C31BCA02EA4043FA4), compiling. 
[2025.05.30-15.17.35:970][867]LogMaterial: Display: Missing cached shadermap for Nut_Material in PCD3D_SM5, Default, SM5 (DDC key hash: 3F2890AE4D19E6A13DF4746F0F22F88C3DAE2970), compiling. 
[2025.05.30-15.17.35:970][867]LogMaterial: Display: Missing cached shadermap for FMatExpressionPreview MaterialExpressionTextureSample_2 in PCD3D_SM5, Default, SM5 (DDC key hash: 17FE8E621DB5660C5DF4AD7F990CEB64BEB458BF), compiling. 
[2025.05.30-15.17.35:971][867]LogMaterial: Display: Missing cached shadermap for FMatExpressionPreview MaterialExpressionTextureSample_0 in PCD3D_SM5, Default, SM5 (DDC key hash: 64ED24594DBA148B2255257F69BAA1DDCC12D37A), compiling. 
[2025.05.30-15.17.35:972][867]LogMaterial: Display: Missing cached shadermap for FMatExpressionPreview MaterialExpressionTextureSample_1 in PCD3D_SM5, Default, SM5 (DDC key hash: C8337C38294E7017AC52C5E86F495EA003475EDF), compiling. 
[2025.05.30-15.17.35:973][867]LogMaterial: Display: Missing cached shadermap for FMatExpressionPreview MaterialExpressionTextureSample_2 in PCD3D_SM5, Default, SM5 (DDC key hash: AB2E37CBAEF1FBCCA8D2150C329822A8B1D5BC69), compiling. 
[2025.05.30-15.17.35:976][867]MaterialEditorStats: Texture samplers: 0/16
[2025.05.30-15.17.36:010][868]MaterialEditorStats: Base pass shader: 790 instructions
[2025.05.30-15.17.36:010][868]MaterialEditorStats: Base pass shader with Volumetric Lightmap: 858 instructions
[2025.05.30-15.17.36:010][868]MaterialEditorStats: Base pass vertex shader: 267 instructions
[2025.05.30-15.17.36:010][868]MaterialEditorStats: Texture samplers: 4/16
[2025.05.30-15.17.39:392][ 70]LogMaterial: Display: Missing cached shadermap for Nut_Material in PCD3D_SM5, Default, SM5 (DDC key hash: E169D5EE0B8DB3894076387A2403C5DA21E2F246), compiling. 
[2025.05.30-15.17.39:394][ 70]LogMaterial: Display: Missing cached shadermap for FMatExpressionPreview MaterialExpressionTextureSample_0 in PCD3D_SM5, Default, SM5 (DDC key hash: F2454B52392EE9A30B288C55E0109551AF2F03D4), compiling. 
[2025.05.30-15.17.39:396][ 70]MaterialEditorStats: Texture samplers: 0/16
[2025.05.30-15.17.39:396][ 70]MaterialEditorStats: Texture Lookups (Est.): VS(0), PS(1)
[2025.05.30-15.17.39:396][ 70]MaterialEditorStats: User interpolators: 2/4 Scalars (1/4 Vectors) (TexCoords: 2, Custom: 0)
[2025.05.30-15.17.39:417][ 72]LogShaderCompilers: Display: Submitted 2 shader compile jobs with 'ForceLocal' priority
[2025.05.30-15.17.39:417][ 72]LogShaderCompilers: Display: Worker (1/21): shaders left to compile 2
[2025.05.30-15.17.39:417][ 72]LogShaderCompilers: Display: Worker (2/21): shaders left to compile 1
[2025.05.30-15.17.39:417][ 72]LogShaderCompilers: Display: Started 2 'Local' shader compile jobs with 'ForceLocal' priority
[2025.05.30-15.17.39:417][ 72]LogShaderCompilers: Display: Submitted 8 shader compile jobs with 'Normal' priority
[2025.05.30-15.17.39:417][ 72]LogShaderCompilers: Display: Worker (3/21): shaders left to compile 8
[2025.05.30-15.17.39:417][ 72]LogShaderCompilers: Display: Worker (4/21): shaders left to compile 7
[2025.05.30-15.17.39:417][ 72]LogShaderCompilers: Display: Worker (5/21): shaders left to compile 6
[2025.05.30-15.17.39:417][ 72]LogShaderCompilers: Display: Worker (6/21): shaders left to compile 5
[2025.05.30-15.17.39:417][ 72]LogShaderCompilers: Display: Worker (7/21): shaders left to compile 4
[2025.05.30-15.17.39:417][ 72]LogShaderCompilers: Display: Worker (8/21): shaders left to compile 3
[2025.05.30-15.17.39:417][ 72]LogShaderCompilers: Display: Worker (9/21): shaders left to compile 2
[2025.05.30-15.17.39:417][ 72]LogShaderCompilers: Display: Worker (10/21): shaders left to compile 1
[2025.05.30-15.17.39:417][ 72]LogShaderCompilers: Display: Started 8 'Local' shader compile jobs with 'Normal' priority
[2025.05.30-15.17.39:901][ 91]MaterialEditorStats: Texture samplers: 2/16
[2025.05.30-15.17.39:901][ 91]MaterialEditorStats: Texture Lookups (Est.): VS(0), PS(1)
[2025.05.30-15.17.39:901][ 91]MaterialEditorStats: User interpolators: 2/4 Scalars (1/4 Vectors) (TexCoords: 2, Custom: 0)
[2025.05.30-15.17.41:249][169]MaterialEditorStats: Texture samplers: 4/16
[2025.05.30-15.17.41:249][169]MaterialEditorStats: Texture Lookups (Est.): VS(0), PS(1)
[2025.05.30-15.17.41:249][169]MaterialEditorStats: User interpolators: 2/4 Scalars (1/4 Vectors) (TexCoords: 2, Custom: 0)
[2025.05.30-15.17.41:381][177]MaterialEditorStats: Texture samplers: 5/16
[2025.05.30-15.17.41:381][177]MaterialEditorStats: Texture Lookups (Est.): VS(0), PS(1)
[2025.05.30-15.17.41:381][177]MaterialEditorStats: User interpolators: 2/4 Scalars (1/4 Vectors) (TexCoords: 2, Custom: 0)
[2025.05.30-15.17.41:414][179]MaterialEditorStats: Base pass shader: 794 instructions
[2025.05.30-15.17.41:414][179]MaterialEditorStats: Base pass shader with Volumetric Lightmap: 861 instructions
[2025.05.30-15.17.41:414][179]MaterialEditorStats: Base pass vertex shader: 271 instructions
[2025.05.30-15.17.41:414][179]MaterialEditorStats: Texture samplers: 5/16
[2025.05.30-15.17.41:414][179]MaterialEditorStats: Texture Lookups (Est.): VS(0), PS(1)
[2025.05.30-15.17.41:414][179]MaterialEditorStats: User interpolators: 2/4 Scalars (1/4 Vectors) (TexCoords: 2, Custom: 0)
[2025.05.30-15.17.43:034][275]LogMaterial: Display: Missing cached shadermap for Nut_Material in PCD3D_SM5, Default, SM5 (DDC key hash: 4B3C7921B52BFD8C53A102DE79521018B6B4D0BE), compiling. 
[2025.05.30-15.17.43:037][275]LogMaterial: Display: Missing cached shadermap for FMatExpressionPreview MaterialExpressionTextureSample_1 in PCD3D_SM5, Default, SM5 (DDC key hash: C67CD06DCA18FD0866EF38FBBF4F79A1C92DC56A), compiling. 
[2025.05.30-15.17.43:039][275]MaterialEditorStats: Texture samplers: 0/16
[2025.05.30-15.17.43:039][275]MaterialEditorStats: Texture Lookups (Est.): VS(0), PS(2)
[2025.05.30-15.17.43:039][275]MaterialEditorStats: User interpolators: 2/4 Scalars (1/4 Vectors) (TexCoords: 2, Custom: 0)
[2025.05.30-15.17.43:061][277]LogShaderCompilers: Display: Submitted 2 shader compile jobs with 'ForceLocal' priority
[2025.05.30-15.17.43:061][277]LogShaderCompilers: Display: Submitted 8 shader compile jobs with 'Normal' priority
[2025.05.30-15.17.43:061][277]LogShaderCompilers: Display: Worker (1/21): shaders left to compile 2
[2025.05.30-15.17.43:061][277]LogShaderCompilers: Display: Worker (2/21): shaders left to compile 1
[2025.05.30-15.17.43:061][277]LogShaderCompilers: Display: Worker (3/21): shaders left to compile 8
[2025.05.30-15.17.43:061][277]LogShaderCompilers: Display: Worker (4/21): shaders left to compile 7
[2025.05.30-15.17.43:061][277]LogShaderCompilers: Display: Worker (5/21): shaders left to compile 6
[2025.05.30-15.17.43:061][277]LogShaderCompilers: Display: Worker (6/21): shaders left to compile 5
[2025.05.30-15.17.43:061][277]LogShaderCompilers: Display: Worker (7/21): shaders left to compile 4
[2025.05.30-15.17.43:061][277]LogShaderCompilers: Display: Worker (8/21): shaders left to compile 3
[2025.05.30-15.17.43:061][277]LogShaderCompilers: Display: Worker (9/21): shaders left to compile 2
[2025.05.30-15.17.43:061][277]LogShaderCompilers: Display: Worker (10/21): shaders left to compile 1
[2025.05.30-15.17.43:061][277]LogShaderCompilers: Display: Started 8 'Local' shader compile jobs with 'Normal' priority
[2025.05.30-15.17.43:061][277]LogShaderCompilers: Display: Started 2 'Local' shader compile jobs with 'ForceLocal' priority
[2025.05.30-15.17.43:533][296]MaterialEditorStats: Texture samplers: 2/16
[2025.05.30-15.17.43:533][296]MaterialEditorStats: Texture Lookups (Est.): VS(0), PS(2)
[2025.05.30-15.17.43:533][296]MaterialEditorStats: User interpolators: 2/4 Scalars (1/4 Vectors) (TexCoords: 2, Custom: 0)
[2025.05.30-15.17.44:726][364]LogMaterial: Display: Missing cached shadermap for Nut_Material in PCD3D_SM5, Default, SM5 (DDC key hash: 3F25E61E55AEDEC8AA31ED91A15430E6303722D0), compiling. 
[2025.05.30-15.17.44:728][364]LogMaterial: Display: Missing cached shadermap for FMatExpressionPreview MaterialExpressionTextureSample_2 in PCD3D_SM5, Default, SM5 (DDC key hash: B54E4D4EC0630A76D2172DF58A8660320BA8C79F), compiling. 
[2025.05.30-15.17.44:731][364]MaterialEditorStats: Texture samplers: 0/16
[2025.05.30-15.17.44:731][364]MaterialEditorStats: Texture Lookups (Est.): VS(0), PS(3)
[2025.05.30-15.17.44:731][364]MaterialEditorStats: User interpolators: 2/4 Scalars (1/4 Vectors) (TexCoords: 2, Custom: 0)
[2025.05.30-15.17.44:742][365]LogShaderCompilers: Display: Submitted 2 shader compile jobs with 'ForceLocal' priority
[2025.05.30-15.17.44:742][365]LogShaderCompilers: Display: Worker (2/21): shaders left to compile 2
[2025.05.30-15.17.44:742][365]LogShaderCompilers: Display: Worker (3/21): shaders left to compile 1
[2025.05.30-15.17.44:742][365]LogShaderCompilers: Display: Started 2 'Local' shader compile jobs with 'ForceLocal' priority
[2025.05.30-15.17.44:754][366]LogShaderCompilers: Display: Submitted 8 shader compile jobs with 'Normal' priority
[2025.05.30-15.17.44:754][366]LogShaderCompilers: Display: Worker (5/21): shaders left to compile 8
[2025.05.30-15.17.44:754][366]LogShaderCompilers: Display: Worker (8/21): shaders left to compile 7
[2025.05.30-15.17.44:754][366]LogShaderCompilers: Display: Worker (11/21): shaders left to compile 6
[2025.05.30-15.17.44:754][366]LogShaderCompilers: Display: Worker (12/21): shaders left to compile 5
[2025.05.30-15.17.44:754][366]LogShaderCompilers: Display: Worker (13/21): shaders left to compile 4
[2025.05.30-15.17.44:754][366]LogShaderCompilers: Display: Worker (14/21): shaders left to compile 3
[2025.05.30-15.17.44:754][366]LogShaderCompilers: Display: Worker (15/21): shaders left to compile 2
[2025.05.30-15.17.44:754][366]LogShaderCompilers: Display: Worker (16/21): shaders left to compile 1
[2025.05.30-15.17.44:754][366]LogShaderCompilers: Display: Started 8 'Local' shader compile jobs with 'Normal' priority
[2025.05.30-15.17.45:221][384]MaterialEditorStats: Texture samplers: 2/16
[2025.05.30-15.17.45:221][384]MaterialEditorStats: Texture Lookups (Est.): VS(0), PS(3)
[2025.05.30-15.17.45:221][384]MaterialEditorStats: User interpolators: 2/4 Scalars (1/4 Vectors) (TexCoords: 2, Custom: 0)
[2025.05.30-15.17.47:128][492]MaterialEditorStats: Base pass shader: 798 instructions
[2025.05.30-15.17.47:129][492]MaterialEditorStats: Base pass shader with Volumetric Lightmap: 865 instructions
[2025.05.30-15.17.47:129][492]MaterialEditorStats: Base pass vertex shader: 271 instructions
[2025.05.30-15.17.47:129][492]MaterialEditorStats: Texture samplers: 7/16
[2025.05.30-15.17.47:129][492]MaterialEditorStats: Texture Lookups (Est.): VS(0), PS(3)
[2025.05.30-15.17.47:129][492]MaterialEditorStats: User interpolators: 2/4 Scalars (1/4 Vectors) (TexCoords: 2, Custom: 0)
[2025.05.30-15.17.51:135][731]LogMaterialEditor: Applying material Nut_Material
[2025.05.30-15.17.51:334][731]LogMaterial: Display: Missing cached shadermap for Nut_Material in PCD3D_SM5, Default, SM5 (DDC key hash: 965D5828A074311BFA1A368D85963374AC9B05D8), compiling. 
[2025.05.30-15.17.51:347][731]LogMaterial: Display: Missing cached shadermap for Nut_Material in PCD3D_SM5, Default, SM5 (DDC key hash: F9FA675401DBBD0727C5BDF16B42C559B3B99BE6), compiling. 
[2025.05.30-15.17.51:374][731]LogShaderCompilers: Display: Submitted 6 shader compile jobs with 'Normal' priority
[2025.05.30-15.17.51:382][731]LogUObjectHash: Compacting FUObjectHashTables data took   0.69ms
[2025.05.30-15.17.51:614][731]LogShaderCompilers: Display: Worker (1/21): shaders left to compile 6
[2025.05.30-15.17.51:614][731]LogShaderCompilers: Display: Worker (2/21): shaders left to compile 5
[2025.05.30-15.17.51:614][731]LogShaderCompilers: Display: Worker (3/21): shaders left to compile 4
[2025.05.30-15.17.51:614][731]LogShaderCompilers: Display: Worker (4/21): shaders left to compile 3
[2025.05.30-15.17.51:614][731]LogShaderCompilers: Display: Worker (5/21): shaders left to compile 2
[2025.05.30-15.17.51:614][731]LogShaderCompilers: Display: Worker (6/21): shaders left to compile 1
[2025.05.30-15.17.51:614][731]LogShaderCompilers: Display: Started 6 'Local' shader compile jobs with 'Normal' priority
[2025.05.30-15.17.51:628][731]LogUObjectHash: Compacting FUObjectHashTables data took   0.51ms
[2025.05.30-15.17.51:639][731]MaterialEditorStats: Texture samplers: 7/16
[2025.05.30-15.17.51:639][731]MaterialEditorStats: Texture Lookups (Est.): VS(0), PS(3)
[2025.05.30-15.17.51:639][731]MaterialEditorStats: User interpolators: 2/4 Scalars (1/4 Vectors) (TexCoords: 2, Custom: 0)
[2025.05.30-15.17.52:063][755]LogMaterialEditor: Saving and Compiling material Nut_Material
[2025.05.30-15.17.52:604][755]LogSavePackage: Moving '../../../../../../Users/misha/YandexDisk/МИФИ/VR_tms/FinalProject/EngiPracrice/Saved/Nut_Material0C80D8564C2EBA3F26020D92FF0669EF.tmp' to '../../../../../../Users/misha/YandexDisk/МИФИ/VR_tms/FinalProject/EngiPracrice/Content/MyMehes/Electronics/Nut/Nut_Material.uasset'
[2025.05.30-15.17.52:611][755]AssetCheck: New page: Asset Save: Nut_Material
[2025.05.30-15.17.52:611][755]LogContentValidation: Display: Validating Material /Game/MyMehes/Electronics/Nut/Nut_Material.Nut_Material
[2025.05.30-15.17.52:612][755]MaterialEditorStats: Base pass shader: 798 instructions
[2025.05.30-15.17.52:612][755]MaterialEditorStats: Base pass shader with Volumetric Lightmap: 865 instructions
[2025.05.30-15.17.52:612][755]MaterialEditorStats: Base pass vertex shader: 271 instructions
[2025.05.30-15.17.52:612][755]MaterialEditorStats: Texture samplers: 8/16
[2025.05.30-15.17.52:612][755]MaterialEditorStats: Texture Lookups (Est.): VS(0), PS(3)
[2025.05.30-15.17.52:612][755]MaterialEditorStats: User interpolators: 2/4 Scalars (1/4 Vectors) (TexCoords: 2, Custom: 0)
[2025.05.30-15.17.54:118][843]LogSavePackage: Moving '../../../../../../Users/misha/YandexDisk/МИФИ/VR_tms/FinalProject/EngiPracrice/Saved/Nut0F406F644A9EF11182B567BD7B5B5F52.tmp' to '../../../../../../Users/misha/YandexDisk/МИФИ/VR_tms/FinalProject/EngiPracrice/Content/MyMehes/Electronics/Nut/Nut.uasset'
[2025.05.30-15.17.54:126][843]AssetCheck: New page: Asset Save: Nut
[2025.05.30-15.17.54:126][843]LogContentValidation: Display: Validating StaticMesh /Game/MyMehes/Electronics/Nut/Nut.Nut
[2025.05.30-15.18.14:411][ 57]LogUObjectHash: Compacting FUObjectHashTables data took   0.20ms
[2025.05.30-15.18.14:427][ 57]LogSavePackage: Moving '../../../../../../Users/misha/YandexDisk/МИФИ/VR_tms/FinalProject/EngiPracrice/Saved/VRTemplateMap79F37F1248E5060E5DBB03B6695BDE16.tmp' to '../../../../../../Users/misha/YandexDisk/МИФИ/VR_tms/FinalProject/EngiPracrice/Content/VRTemplate/Maps/VRTemplateMap.umap'
[2025.05.30-15.18.14:487][ 57]LogSavePackage: Moving '../../../../../../Users/misha/YandexDisk/МИФИ/VR_tms/FinalProject/EngiPracrice/Saved/VRTemplateMap_BuiltDataA7AAF6F9405C63C296C55D9FC92F17C0.tmp' to '../../../../../../Users/misha/YandexDisk/МИФИ/VR_tms/FinalProject/EngiPracrice/Content/VRTemplate/Maps/VRTemplateMap_BuiltData.uasset'
[2025.05.30-15.18.14:500][ 57]AssetCheck: New page: Asset Save: multiple assets
[2025.05.30-15.18.14:500][ 57]LogContentValidation: Display: Validating MapBuildDataRegistry /Game/VRTemplate/Maps/VRTemplateMap_BuiltData.VRTemplateMap_BuiltData
[2025.05.30-15.18.14:500][ 57]LogContentValidation: Display: Validating World /Game/VRTemplate/Maps/VRTemplateMap.VRTemplateMap
[2025.05.30-15.18.15:200][ 98]LogUObjectHash: Compacting FUObjectHashTables data took   0.50ms
[2025.05.30-15.18.16:724][ 98]LogSlate: Window 'Save Content' being destroyed
[2025.05.30-15.18.16:768][ 98]LogSavePackage: Moving '../../../../../../Users/misha/YandexDisk/МИФИ/VR_tms/FinalProject/EngiPracrice/Saved/_________________006E4010C194B721016D881C6985011AAFD.tmp' to '../../../../../../Users/misha/YandexDisk/МИФИ/VR_tms/FinalProject/EngiPracrice/Content/MyMehes/Sketchfab/_________________006.uasset'
[2025.05.30-15.18.16:771][ 98]LogSavePackage: Moving '../../../../../../Users/misha/YandexDisk/МИФИ/VR_tms/FinalProject/EngiPracrice/Saved/_________________010168FD102451430E90EF9648C1D02B561.tmp' to '../../../../../../Users/misha/YandexDisk/МИФИ/VR_tms/FinalProject/EngiPracrice/Content/MyMehes/Sketchfab/_________________010.uasset'
[2025.05.30-15.18.16:823][ 98]LogSavePackage: Moving '../../../../../../Users/misha/YandexDisk/МИФИ/VR_tms/FinalProject/EngiPracrice/Saved/battery_base_color7AB991AB4B07D2C88275CAA48EC63616.tmp' to '../../../../../../Users/misha/YandexDisk/МИФИ/VR_tms/FinalProject/EngiPracrice/Content/MyMehes/Electronics/Battery/Bake/battery_base_color.uasset'
[2025.05.30-15.18.16:864][ 98]LogSavePackage: Moving '../../../../../../Users/misha/YandexDisk/МИФИ/VR_tms/FinalProject/EngiPracrice/Saved/battery_metallicCCBECD5049EF5546A5F7C49A54FC4C1A.tmp' to '../../../../../../Users/misha/YandexDisk/МИФИ/VR_tms/FinalProject/EngiPracrice/Content/MyMehes/Electronics/Battery/Bake/battery_metallic.uasset'
[2025.05.30-15.18.16:903][ 98]LogSavePackage: Moving '../../../../../../Users/misha/YandexDisk/МИФИ/VR_tms/FinalProject/EngiPracrice/Saved/battery_roughnessE62568094B44E33CF38181B76C7AC0B0.tmp' to '../../../../../../Users/misha/YandexDisk/МИФИ/VR_tms/FinalProject/EngiPracrice/Content/MyMehes/Electronics/Battery/Bake/battery_roughness.uasset'
[2025.05.30-15.18.16:903][ 98]Cmd: OBJ SAVEPACKAGE PACKAGE="/Game/MyMehes/Laptop/bezel" FILE="../../../../../../Users/misha/YandexDisk/МИФИ/VR_tms/FinalProject/EngiPracrice/Content/MyMehes/Laptop/bezel.uasset" SILENT=true
[2025.05.30-15.18.16:904][ 98]LogSavePackage: Moving '../../../../../../Users/misha/YandexDisk/МИФИ/VR_tms/FinalProject/EngiPracrice/Saved/bezel8CAA3BEE4DB25A5706059AAB9425DBD1.tmp' to '../../../../../../Users/misha/YandexDisk/МИФИ/VR_tms/FinalProject/EngiPracrice/Content/MyMehes/Laptop/bezel.uasset'
[2025.05.30-15.18.16:905][ 98]LogSavePackage: Moving '../../../../../../Users/misha/YandexDisk/МИФИ/VR_tms/FinalProject/EngiPracrice/Saved/BMD_BeechWood4A7F270D4BA9FA4DEB7D8E8EC3EF342B.tmp' to '../../../../../../Users/misha/YandexDisk/МИФИ/VR_tms/FinalProject/EngiPracrice/Content/MyMehes/LaptopTable/BMD_BeechWood.uasset'
[2025.05.30-15.18.16:906][ 98]LogSavePackage: Moving '../../../../../../Users/misha/YandexDisk/МИФИ/VR_tms/FinalProject/EngiPracrice/Saved/BMD_Chrome_0019F9A1F57A4A5F83AAF9389C9BA14FFB8A.tmp' to '../../../../../../Users/misha/YandexDisk/МИФИ/VR_tms/FinalProject/EngiPracrice/Content/MyMehes/LaptopTable/BMD_Chrome_0019.uasset'
[2025.05.30-15.18.16:907][ 98]Cmd: OBJ SAVEPACKAGE PACKAGE="/Game/MyMehes/Laptop/case" FILE="../../../../../../Users/misha/YandexDisk/МИФИ/VR_tms/FinalProject/EngiPracrice/Content/MyMehes/Laptop/case.uasset" SILENT=true
[2025.05.30-15.18.16:907][ 98]LogSavePackage: Moving '../../../../../../Users/misha/YandexDisk/МИФИ/VR_tms/FinalProject/EngiPracrice/Saved/case928532B9414ED913FDE622A53EF33255.tmp' to '../../../../../../Users/misha/YandexDisk/МИФИ/VR_tms/FinalProject/EngiPracrice/Content/MyMehes/Laptop/case.uasset'
[2025.05.30-15.18.16:909][ 98]LogSavePackage: Moving '../../../../../../Users/misha/YandexDisk/МИФИ/VR_tms/FinalProject/EngiPracrice/Saved/Dark_Gray975B89E644118FBFFC7BEBAA9C3C2B8A.tmp' to '../../../../../../Users/misha/YandexDisk/МИФИ/VR_tms/FinalProject/EngiPracrice/Content/MyMehes/LaptopTable/Dark_Gray.uasset'
[2025.05.30-15.18.16:909][ 98]Cmd: OBJ SAVEPACKAGE PACKAGE="/Game/MyMehes/Laptop/display" FILE="../../../../../../Users/misha/YandexDisk/МИФИ/VR_tms/FinalProject/EngiPracrice/Content/MyMehes/Laptop/display.uasset" SILENT=true
[2025.05.30-15.18.16:910][ 98]LogSavePackage: Moving '../../../../../../Users/misha/YandexDisk/МИФИ/VR_tms/FinalProject/EngiPracrice/Saved/display42BEB12C427E9E96A816D0A04D83CF99.tmp' to '../../../../../../Users/misha/YandexDisk/МИФИ/VR_tms/FinalProject/EngiPracrice/Content/MyMehes/Laptop/display.uasset'
[2025.05.30-15.18.16:924][ 98]LogSavePackage: Moving '../../../../../../Users/misha/YandexDisk/МИФИ/VR_tms/FinalProject/EngiPracrice/Saved/DuracelD3075F61439C9960925FB9A0C05E3E30.tmp' to '../../../../../../Users/misha/YandexDisk/МИФИ/VR_tms/FinalProject/EngiPracrice/Content/MyMehes/Electronics/Battery/Duracel.uasset'
[2025.05.30-15.18.16:925][ 98]LogSavePackage: Moving '../../../../../../Users/misha/YandexDisk/МИФИ/VR_tms/FinalProject/EngiPracrice/Saved/ethernet_port4C71D6AA4327FDAB4EBDAAB8D94A3F2A.tmp' to '../../../../../../Users/misha/YandexDisk/МИФИ/VR_tms/FinalProject/EngiPracrice/Content/MyMehes/Laptop/ethernet_port.uasset'
[2025.05.30-15.18.16:927][ 98]Cmd: OBJ SAVEPACKAGE PACKAGE="/Game/MyMehes/Laptop/holes" FILE="../../../../../../Users/misha/YandexDisk/МИФИ/VR_tms/FinalProject/EngiPracrice/Content/MyMehes/Laptop/holes.uasset" SILENT=true
[2025.05.30-15.18.16:927][ 98]LogSavePackage: Moving '../../../../../../Users/misha/YandexDisk/МИФИ/VR_tms/FinalProject/EngiPracrice/Saved/holesA19D36654FEF9044F4866BBDC7204F4D.tmp' to '../../../../../../Users/misha/YandexDisk/МИФИ/VR_tms/FinalProject/EngiPracrice/Content/MyMehes/Laptop/holes.uasset'
[2025.05.30-15.18.16:928][ 98]Cmd: OBJ SAVEPACKAGE PACKAGE="/Game/MyMehes/Laptop/keyboard" FILE="../../../../../../Users/misha/YandexDisk/МИФИ/VR_tms/FinalProject/EngiPracrice/Content/MyMehes/Laptop/keyboard.uasset" SILENT=true
[2025.05.30-15.18.16:929][ 98]LogSavePackage: Moving '../../../../../../Users/misha/YandexDisk/МИФИ/VR_tms/FinalProject/EngiPracrice/Saved/keyboard65BC99D346B981DCE11062B42A7DBB30.tmp' to '../../../../../../Users/misha/YandexDisk/МИФИ/VR_tms/FinalProject/EngiPracrice/Content/MyMehes/Laptop/keyboard.uasset'
[2025.05.30-15.18.16:930][ 98]LogSavePackage: Moving '../../../../../../Users/misha/YandexDisk/МИФИ/VR_tms/FinalProject/EngiPracrice/Saved/Material_0019D3ACCB94B3E51483DC36DB72BFFDB9B.tmp' to '../../../../../../Users/misha/YandexDisk/МИФИ/VR_tms/FinalProject/EngiPracrice/Content/MyMehes/Worbench/Material_001.uasset'
[2025.05.30-15.18.16:931][ 98]LogSavePackage: Moving '../../../../../../Users/misha/YandexDisk/МИФИ/VR_tms/FinalProject/EngiPracrice/Saved/Material_00249E1107F4A3413087CD030BF5D04600D.tmp' to '../../../../../../Users/misha/YandexDisk/МИФИ/VR_tms/FinalProject/EngiPracrice/Content/MyMehes/Worbench/Material_002.uasset'
[2025.05.30-15.18.16:932][ 98]LogSavePackage: Moving '../../../../../../Users/misha/YandexDisk/МИФИ/VR_tms/FinalProject/EngiPracrice/Saved/Material_0040E7BD8704087D960D15774876488A779.tmp' to '../../../../../../Users/misha/YandexDisk/МИФИ/VR_tms/FinalProject/EngiPracrice/Content/MyMehes/Worbench/Material_004.uasset'
[2025.05.30-15.18.16:976][ 98]LogSavePackage: Moving '../../../../../../Users/misha/YandexDisk/МИФИ/VR_tms/FinalProject/EngiPracrice/Saved/nut_base_color9F1F098D40C388967D0879BD55D6FA71.tmp' to '../../../../../../Users/misha/YandexDisk/МИФИ/VR_tms/FinalProject/EngiPracrice/Content/MyMehes/Electronics/Nut/Bake/nut_base_color.uasset'
[2025.05.30-15.18.17:016][ 98]LogSavePackage: Moving '../../../../../../Users/misha/YandexDisk/МИФИ/VR_tms/FinalProject/EngiPracrice/Saved/nut_metallicE8344D704B0BC755C6A6E6AB63918CBF.tmp' to '../../../../../../Users/misha/YandexDisk/МИФИ/VR_tms/FinalProject/EngiPracrice/Content/MyMehes/Electronics/Nut/Bake/nut_metallic.uasset'
[2025.05.30-15.18.17:094][ 98]LogSavePackage: Moving '../../../../../../Users/misha/YandexDisk/МИФИ/VR_tms/FinalProject/EngiPracrice/Saved/nut_roughnessB079C16047705C9E4D065AA2EFFB2C4C.tmp' to '../../../../../../Users/misha/YandexDisk/МИФИ/VR_tms/FinalProject/EngiPracrice/Content/MyMehes/Electronics/Nut/Bake/nut_roughness.uasset'
[2025.05.30-15.18.17:094][ 98]Cmd: OBJ SAVEPACKAGE PACKAGE="/Game/MyMehes/Laptop/ports" FILE="../../../../../../Users/misha/YandexDisk/МИФИ/VR_tms/FinalProject/EngiPracrice/Content/MyMehes/Laptop/ports.uasset" SILENT=true
[2025.05.30-15.18.17:095][ 98]LogSavePackage: Moving '../../../../../../Users/misha/YandexDisk/МИФИ/VR_tms/FinalProject/EngiPracrice/Saved/ports09FDC09540DAD9DA2E03618D6479A0A4.tmp' to '../../../../../../Users/misha/YandexDisk/МИФИ/VR_tms/FinalProject/EngiPracrice/Content/MyMehes/Laptop/ports.uasset'
[2025.05.30-15.18.17:095][ 98]Cmd: OBJ SAVEPACKAGE PACKAGE="/Game/MyMehes/Worbench/Rojubase" FILE="../../../../../../Users/misha/YandexDisk/МИФИ/VR_tms/FinalProject/EngiPracrice/Content/MyMehes/Worbench/Rojubase.uasset" SILENT=true
[2025.05.30-15.18.17:096][ 98]LogSavePackage: Moving '../../../../../../Users/misha/YandexDisk/МИФИ/VR_tms/FinalProject/EngiPracrice/Saved/RojubaseEF39F27248BD7AAB0959EF9D849F8D58.tmp' to '../../../../../../Users/misha/YandexDisk/МИФИ/VR_tms/FinalProject/EngiPracrice/Content/MyMehes/Worbench/Rojubase.uasset'
[2025.05.30-15.18.17:096][ 98]Cmd: OBJ SAVEPACKAGE PACKAGE="/Game/MyMehes/Laptop/touchpad" FILE="../../../../../../Users/misha/YandexDisk/МИФИ/VR_tms/FinalProject/EngiPracrice/Content/MyMehes/Laptop/touchpad.uasset" SILENT=true
[2025.05.30-15.18.17:097][ 98]LogSavePackage: Moving '../../../../../../Users/misha/YandexDisk/МИФИ/VR_tms/FinalProject/EngiPracrice/Saved/touchpad4185FDC14E6D167EACA6EB87D7218524.tmp' to '../../../../../../Users/misha/YandexDisk/МИФИ/VR_tms/FinalProject/EngiPracrice/Content/MyMehes/Laptop/touchpad.uasset'
[2025.05.30-15.18.17:097][ 98]Cmd: OBJ SAVEPACKAGE PACKAGE="/Game/MyMehes/Sketchfab/Wood_001" FILE="../../../../../../Users/misha/YandexDisk/МИФИ/VR_tms/FinalProject/EngiPracrice/Content/MyMehes/Sketchfab/Wood_001.uasset" SILENT=true
[2025.05.30-15.18.17:098][ 98]LogSavePackage: Moving '../../../../../../Users/misha/YandexDisk/МИФИ/VR_tms/FinalProject/EngiPracrice/Saved/Wood_00163BD35EA49A8516AD96DB8899F118E0E.tmp' to '../../../../../../Users/misha/YandexDisk/МИФИ/VR_tms/FinalProject/EngiPracrice/Content/MyMehes/Sketchfab/Wood_001.uasset'
[2025.05.30-15.18.17:115][ 98]LogWorld: UWorld::CleanupWorld for World_20, bSessionEnded=true, bCleanupResources=true
[2025.05.30-15.18.17:115][ 98]LogSlate: InvalidateAllWidgets triggered.  All widgets were invalidated
[2025.05.30-15.18.17:121][ 98]LogSlate: Window 'Nut' being destroyed
[2025.05.30-15.18.17:135][ 98]LogWorld: UWorld::CleanupWorld for World_14, bSessionEnded=true, bCleanupResources=true
[2025.05.30-15.18.17:135][ 98]LogSlate: InvalidateAllWidgets triggered.  All widgets were invalidated
[2025.05.30-15.18.17:151][ 98]LogSlate: Window 'EngiPracrice - Unreal Editor' being destroyed
[2025.05.30-15.18.17:152][ 98]LogWindowsTextInputMethodSystem: Display: IME system deactivated.
[2025.05.30-15.18.17:289][ 98]AssetCheck: New page: Asset Save: multiple assets
[2025.05.30-15.18.17:289][ 98]LogContentValidation: Display: Validating Texture2D /Game/MyMehes/Electronics/Nut/Bake/nut_roughness.nut_roughness
[2025.05.30-15.18.17:289][ 98]LogContentValidation: Display: Validating Texture2D /Game/MyMehes/Electronics/Nut/Bake/nut_metallic.nut_metallic
[2025.05.30-15.18.17:289][ 98]LogContentValidation: Display: Validating Texture2D /Game/MyMehes/Electronics/Nut/Bake/nut_base_color.nut_base_color
[2025.05.30-15.18.17:289][ 98]LogContentValidation: Display: Validating Texture2D /Game/MyMehes/Electronics/Battery/Bake/battery_roughness.battery_roughness
[2025.05.30-15.18.17:289][ 98]LogContentValidation: Display: Validating Texture2D /Game/MyMehes/Electronics/Battery/Bake/battery_metallic.battery_metallic
[2025.05.30-15.18.17:289][ 98]LogContentValidation: Display: Validating Texture2D /Game/MyMehes/Electronics/Battery/Bake/battery_base_color.battery_base_color
[2025.05.30-15.18.17:289][ 98]LogContentValidation: Display: Validating Texture2D /Game/MyMehes/Electronics/Battery/Duracel.Duracel
[2025.05.30-15.18.17:289][ 98]LogContentValidation: Display: Validating Material /Game/MyMehes/Worbench/Material_001.Material_001
[2025.05.30-15.18.17:289][ 98]LogContentValidation: Display: Validating Material /Game/MyMehes/Laptop/bezel.bezel
[2025.05.30-15.18.17:290][ 98]LogContentValidation: Display: Validating Material /Game/MyMehes/Laptop/case.case
[2025.05.30-15.18.17:290][ 98]LogContentValidation: Display: Validating Material /Game/MyMehes/Laptop/display.display
[2025.05.30-15.18.17:290][ 98]LogContentValidation: Display: Validating Material /Game/MyMehes/Laptop/ethernet_port.ethernet_port
[2025.05.30-15.18.17:290][ 98]LogContentValidation: Display: Validating Material /Game/MyMehes/Laptop/holes.holes
[2025.05.30-15.18.17:290][ 98]LogContentValidation: Display: Validating Material /Game/MyMehes/Laptop/keyboard.keyboard
[2025.05.30-15.18.17:290][ 98]LogContentValidation: Display: Validating Material /Game/MyMehes/Laptop/ports.ports
[2025.05.30-15.18.17:290][ 98]LogContentValidation: Display: Validating Material /Game/MyMehes/Laptop/touchpad.touchpad
[2025.05.30-15.18.17:290][ 98]LogContentValidation: Display: Validating Material /Game/MyMehes/LaptopTable/BMD_BeechWood.BMD_BeechWood
[2025.05.30-15.18.17:290][ 98]LogContentValidation: Display: Validating Material /Game/MyMehes/LaptopTable/BMD_Chrome_0019.BMD_Chrome_0019
[2025.05.30-15.18.17:290][ 98]LogContentValidation: Display: Validating Material /Game/MyMehes/LaptopTable/Dark_Gray.Dark_Gray
[2025.05.30-15.18.17:290][ 98]LogContentValidation: Display: Validating Material /Game/MyMehes/Sketchfab/_________________006._________________006
[2025.05.30-15.18.17:290][ 98]LogContentValidation: Display: Validating Material /Game/MyMehes/Sketchfab/_________________010._________________010
[2025.05.30-15.18.17:290][ 98]LogContentValidation: Display: Validating Material /Game/MyMehes/Sketchfab/Wood_001.Wood_001
[2025.05.30-15.18.17:290][ 98]LogContentValidation: Display: Validating Material /Game/MyMehes/Worbench/Material_002.Material_002
[2025.05.30-15.18.17:290][ 98]LogContentValidation: Display: Validating Material /Game/MyMehes/Worbench/Material_004.Material_004
[2025.05.30-15.18.17:290][ 98]LogContentValidation: Display: Validating Material /Game/MyMehes/Worbench/Rojubase.Rojubase
[2025.05.30-15.18.17:302][ 99]Cmd: QUIT_EDITOR
[2025.05.30-15.18.17:302][ 99]LogCore: Engine exit requested (reason: UUnrealEdEngine::CloseEditor())
[2025.05.30-15.18.17:309][ 99]LogCore: Engine exit requested (reason: EngineExit() was called; note: exit was already requested)
[2025.05.30-15.18.17:315][ 99]LogAudio: Display: Beginning Audio Device Manager Shutdown (Module: AudioMixerXAudio2)...
[2025.05.30-15.18.17:315][ 99]LogAudio: Display: Destroying 1 Remaining Audio Device(s)...
[2025.05.30-15.18.17:315][ 99]LogAudio: Display: Audio Device unregistered from world 'VRTemplateMap'.
[2025.05.30-15.18.17:315][ 99]LogResonanceAudio: Display: Resonance Audio Listener is shutdown
[2025.05.30-15.18.17:315][ 99]LogAudioMixer: FMixerPlatformXAudio2::StopAudioStream() called
[2025.05.30-15.18.17:318][ 99]LogAudioMixer: FMixerPlatformXAudio2::StopAudioStream() called
[2025.05.30-15.18.17:345][ 99]LogAudio: Display: Audio Device Manager Shutdown
[2025.05.30-15.18.17:356][ 99]LogExit: Preparing to exit.
[2025.05.30-15.18.17:385][ 99]LogUObjectHash: Compacting FUObjectHashTables data took   1.92ms
[2025.05.30-15.18.18:072][ 99]LogWorld: UWorld::CleanupWorld for World_15, bSessionEnded=true, bCleanupResources=true
[2025.05.30-15.18.18:072][ 99]LogWorld: UWorld::CleanupWorld for World_16, bSessionEnded=true, bCleanupResources=true
[2025.05.30-15.18.18:072][ 99]LogWorld: UWorld::CleanupWorld for World_17, bSessionEnded=true, bCleanupResources=true
[2025.05.30-15.18.18:072][ 99]LogWorld: UWorld::CleanupWorld for World_18, bSessionEnded=true, bCleanupResources=true
[2025.05.30-15.18.18:072][ 99]LogWorld: UWorld::CleanupWorld for World_19, bSessionEnded=true, bCleanupResources=true
[2025.05.30-15.18.18:073][ 99]LogWorld: UWorld::CleanupWorld for World_1, bSessionEnded=true, bCleanupResources=true
[2025.05.30-15.18.18:073][ 99]LogWorld: UWorld::CleanupWorld for World_0, bSessionEnded=true, bCleanupResources=true
[2025.05.30-15.18.18:105][ 99]LogDemo: Cleaned up 0 splitscreen connections with owner deletion
[2025.05.30-15.18.18:131][ 99]LogWorld: UWorld::CleanupWorld for None, bSessionEnded=true, bCleanupResources=true
[2025.05.30-15.18.18:131][ 99]LogExit: Editor shut down
[2025.05.30-15.18.18:145][ 99]LogExit: Transaction tracking system shut down
[2025.05.30-15.18.18:542][ 99]LogExit: Object subsystem successfully closed.
[2025.05.30-15.18.18:734][ 99]LogShaderCompilers: Display: === FShaderJobCache stats ===
[2025.05.30-15.18.18:734][ 99]LogShaderCompilers: Display: Total job queries 2140, among them cache hits 929 (43.41%)
[2025.05.30-15.18.18:734][ 99]LogShaderCompilers: Display: Tracking 1199 distinct input hashes that result in 136 distinct outputs (11.34%)
[2025.05.30-15.18.18:734][ 99]LogShaderCompilers: Display: RAM used: 2.55 MB (0.00 GB) of 1638.40 MB (1.60 GB) budget. Usage: 0.16%
[2025.05.30-15.18.18:734][ 99]LogShaderCompilers: Display: ================================================
[2025.05.30-15.18.18:754][ 99]LogShaderCompilers: Display: Shaders left to compile 0
[2025.05.30-15.18.18:809][ 99]LogModuleManager: Shutting down and abandoning module TextureEditor (866)
[2025.05.30-15.18.18:809][ 99]LogModuleManager: Shutting down and abandoning module StaticMeshEditor (864)
[2025.05.30-15.18.18:809][ 99]LogModuleManager: Shutting down and abandoning module HierarchicalLODUtilities (862)
[2025.05.30-15.18.18:809][ 99]LogModuleManager: Shutting down and abandoning module HierarchicalLODOutliner (860)
[2025.05.30-15.18.18:809][ 99]LogModuleManager: Shutting down and abandoning module SceneOutliner (858)
[2025.05.30-15.18.18:809][ 99]LogModuleManager: Shutting down and abandoning module AddContentDialog (856)
[2025.05.30-15.18.18:811][ 99]LogModuleManager: Shutting down and abandoning module WidgetCarousel (855)
[2025.05.30-15.18.18:811][ 99]LogModuleManager: Shutting down and abandoning module EditorWidgets (852)
[2025.05.30-15.18.18:811][ 99]LogModuleManager: Shutting down and abandoning module StatsViewer (850)
[2025.05.30-15.18.18:811][ 99]LogModuleManager: Shutting down and abandoning module PIEPreviewDeviceProfileSelector (848)
[2025.05.30-15.18.18:811][ 99]LogModuleManager: Shutting down and abandoning module SequenceRecorderSections (846)
[2025.05.30-15.18.18:811][ 99]LogModuleManager: Shutting down and abandoning module AutomationWorker (844)
[2025.05.30-15.18.18:811][ 99]LogModuleManager: Shutting down and abandoning module TakeRecorderSources (842)
[2025.05.30-15.18.18:811][ 99]LogModuleManager: Shutting down and abandoning module TakeRecorder (841)
[2025.05.30-15.18.18:811][ 99]LogModuleManager: Shutting down and abandoning module TakeTrackRecorders (838)
[2025.05.30-15.18.18:812][ 99]LogModuleManager: Shutting down and abandoning module TakesCore (836)
[2025.05.30-15.18.18:812][ 99]LogModuleManager: Shutting down and abandoning module ResonanceAudioEditor (834)
[2025.05.30-15.18.18:812][ 99]LogModuleManager: Shutting down and abandoning module OpenXRInput (832)
[2025.05.30-15.18.18:813][ 99]LogModuleManager: Shutting down and abandoning module GooglePADEditor (830)
[2025.05.30-15.18.18:813][ 99]LogModuleManager: Shutting down and abandoning module AudioCaptureEditor (828)
[2025.05.30-15.18.18:813][ 99]LogModuleManager: Shutting down and abandoning module PlanarCut (826)
[2025.05.30-15.18.18:813][ 99]LogModuleManager: Shutting down and abandoning module TemplateSequenceEditor (824)
[2025.05.30-15.18.18:813][ 99]LogModuleManager: Shutting down and abandoning module MatineeToLevelSequence (822)
[2025.05.30-15.18.18:813][ 99]LogModuleManager: Shutting down and abandoning module LevelSequenceEditor (820)
[2025.05.30-15.18.18:813][ 99]LogModuleManager: Shutting down and abandoning module ActorSequenceEditor (818)
[2025.05.30-15.18.18:813][ 99]LogModuleManager: Shutting down and abandoning module CharacterAI (816)
[2025.05.30-15.18.18:813][ 99]LogModuleManager: Shutting down and abandoning module WmfMediaFactory (814)
[2025.05.30-15.18.18:813][ 99]LogModuleManager: Shutting down and abandoning module WmfMediaEditor (812)
[2025.05.30-15.18.18:813][ 99]LogModuleManager: Shutting down and abandoning module WebMMediaFactory (810)
[2025.05.30-15.18.18:814][ 99]LogModuleManager: Shutting down and abandoning module WebMMediaEditor (808)
[2025.05.30-15.18.18:814][ 99]LogModuleManager: Shutting down and abandoning module WebMMedia (806)
[2025.05.30-15.18.18:814][ 99]LogModuleManager: Shutting down and abandoning module MediaPlayerEditor (804)
[2025.05.30-15.18.18:814][ 99]LogModuleManager: Shutting down and abandoning module MediaCompositingEditor (802)
[2025.05.30-15.18.18:814][ 99]LogModuleManager: Shutting down and abandoning module SequenceRecorder (801)
[2025.05.30-15.18.18:814][ 99]LogModuleManager: Shutting down and abandoning module OpenExrWrapper (798)
[2025.05.30-15.18.18:814][ 99]LogModuleManager: Shutting down and abandoning module ImgMediaFactory (796)
[2025.05.30-15.18.18:814][ 99]LogModuleManager: Shutting down and abandoning module ImgMediaEditor (794)
[2025.05.30-15.18.18:814][ 99]LogModuleManager: Shutting down and abandoning module AvfMediaFactory (792)
[2025.05.30-15.18.18:814][ 99]LogModuleManager: Shutting down and abandoning module AvfMediaEditor (790)
[2025.05.30-15.18.18:814][ 99]LogModuleManager: Shutting down and abandoning module AndroidMediaFactory (788)
[2025.05.30-15.18.18:814][ 99]LogModuleManager: Shutting down and abandoning module AndroidMediaEditor (786)
[2025.05.30-15.18.18:814][ 99]LogModuleManager: Shutting down and abandoning module MagicLeapMediaCodecFactory (784)
[2025.05.30-15.18.18:814][ 99]LogModuleManager: Shutting down and abandoning module MagicLeapMediaFactory (782)
[2025.05.30-15.18.18:814][ 99]LogModuleManager: Shutting down and abandoning module MagicLeapMediaEditor (780)
[2025.05.30-15.18.18:814][ 99]LogModuleManager: Shutting down and abandoning module TextureAlignMode (778)
[2025.05.30-15.18.18:814][ 99]LogModuleManager: Shutting down and abandoning module BspMode (776)
[2025.05.30-15.18.18:814][ 99]LogModuleManager: Shutting down and abandoning module GeometryMode (774)
[2025.05.30-15.18.18:814][ 99]LogModuleManager: Shutting down and abandoning module CameraShakePreviewer (772)
[2025.05.30-15.18.18:814][ 99]LogModuleManager: Shutting down and abandoning module SmartSnapping (770)
[2025.05.30-15.18.18:814][ 99]LogModuleManager: Shutting down and abandoning module SessionServices (768)
[2025.05.30-15.18.18:814][ 99]LogModuleManager: Shutting down and abandoning module MeshPaint (766)
[2025.05.30-15.18.18:815][ 99]LogModuleManager: Shutting down and abandoning module VirtualTexturingEditor (764)
[2025.05.30-15.18.18:815][ 99]LogModuleManager: Shutting down and abandoning module FoliageEdit (762)
[2025.05.30-15.18.18:815][ 99]LogModuleManager: Shutting down and abandoning module LandscapeEditor (760)
[2025.05.30-15.18.18:815][ 99]LogModuleManager: Shutting down and abandoning module MeshPaintMode (758)
[2025.05.30-15.18.18:815][ 99]LogModuleManager: Shutting down and abandoning module SceneDepthPickerMode (756)
[2025.05.30-15.18.18:815][ 99]LogModuleManager: Shutting down and abandoning module ActorPickerMode (754)
[2025.05.30-15.18.18:815][ 99]LogModuleManager: Shutting down and abandoning module PlacementMode (752)
[2025.05.30-15.18.18:815][ 99]LogModuleManager: Shutting down and abandoning module ViewportSnapping (750)
[2025.05.30-15.18.18:815][ 99]LogModuleManager: Shutting down and abandoning module ViewportInteraction (748)
[2025.05.30-15.18.18:815][ 99]LogModuleManager: Shutting down and abandoning module ClothPainter (746)
[2025.05.30-15.18.18:815][ 99]LogModuleManager: Shutting down and abandoning module SkeletalMeshEditor (745)
[2025.05.30-15.18.18:815][ 99]LogModuleManager: Shutting down and abandoning module LogVisualizer (742)
[2025.05.30-15.18.18:815][ 99]LogModuleManager: Shutting down and abandoning module IntroTutorials (740)
[2025.05.30-15.18.18:816][ 99]LogModuleManager: Shutting down and abandoning module GameProjectGeneration (739)
[2025.05.30-15.18.18:816][ 99]LogModuleManager: Shutting down and abandoning module LuminPlatformEditor (736)
[2025.05.30-15.18.18:816][ 99]LogModuleManager: Shutting down and abandoning module IOSPlatformEditor (734)
[2025.05.30-15.18.18:816][ 99]LogModuleManager: Shutting down and abandoning module AndroidPlatformEditor (732)
[2025.05.30-15.18.18:816][ 99]LogModuleManager: Shutting down and abandoning module AndroidDeviceDetection (731)
[2025.05.30-15.18.20:714][ 99]LogModuleManager: Shutting down and abandoning module WindowsPlatformEditor (728)
[2025.05.30-15.18.20:714][ 99]LogModuleManager: Shutting down and abandoning module LuminRuntimeSettings (726)
[2025.05.30-15.18.20:714][ 99]LogModuleManager: Shutting down and abandoning module IOSRuntimeSettings (724)
[2025.05.30-15.18.20:714][ 99]LogModuleManager: Shutting down and abandoning module AndroidRuntimeSettings (722)
[2025.05.30-15.18.20:714][ 99]LogModuleManager: Shutting down and abandoning module TraceInsights (720)
[2025.05.30-15.18.20:714][ 99]MemoryProfiler: Shutdown
[2025.05.30-15.18.20:714][ 99]NetworkingProfiler: Shutdown
[2025.05.30-15.18.20:714][ 99]LoadingProfiler: Shutdown
[2025.05.30-15.18.20:714][ 99]TimingProfiler: Shutdown
[2025.05.30-15.18.20:714][ 99]LogModuleManager: Shutting down and abandoning module TraceServices (719)
[2025.05.30-15.18.20:714][ 99]LogModuleManager: Shutting down and abandoning module EditorInteractiveToolsFramework (716)
[2025.05.30-15.18.20:714][ 99]LogModuleManager: Shutting down and abandoning module TimeManagementEditor (714)
[2025.05.30-15.18.20:714][ 99]LogModuleManager: Shutting down and abandoning module InputBindingEditor (712)
[2025.05.30-15.18.20:714][ 99]LogModuleManager: Shutting down and abandoning module MergeActors (710)
[2025.05.30-15.18.20:714][ 99]LogModuleManager: Shutting down and abandoning module LocalizationDashboard (708)
[2025.05.30-15.18.20:714][ 99]LogModuleManager: Shutting down and abandoning module LocalizationService (707)
[2025.05.30-15.18.20:714][ 99]LogModuleManager: Shutting down and abandoning module HardwareTargeting (704)
[2025.05.30-15.18.20:714][ 99]LogModuleManager: Shutting down and abandoning module DeviceProfileEditor (702)
[2025.05.30-15.18.20:714][ 99]LogModuleManager: Shutting down and abandoning module UndoHistory (700)
[2025.05.30-15.18.20:715][ 99]LogModuleManager: Shutting down and abandoning module XmlParser (698)
[2025.05.30-15.18.20:715][ 99]LogModuleManager: Shutting down and abandoning module Blutility (696)
[2025.05.30-15.18.20:715][ 99]LogModuleManager: Shutting down and abandoning module ProjectSettingsViewer (694)
[2025.05.30-15.18.20:715][ 99]LogModuleManager: Shutting down and abandoning module ProjectTargetPlatformEditor (693)
[2025.05.30-15.18.20:715][ 99]LogModuleManager: Shutting down and abandoning module EditorSettingsViewer (690)
[2025.05.30-15.18.20:715][ 99]LogModuleManager: Shutting down and abandoning module InternationalizationSettings (689)
[2025.05.30-15.18.20:715][ 99]LogModuleManager: Shutting down and abandoning module SettingsEditor (686)
[2025.05.30-15.18.20:715][ 99]LogModuleManager: Shutting down and abandoning module ProjectLauncher (684)
[2025.05.30-15.18.20:715][ 99]LogModuleManager: Shutting down and abandoning module SessionFrontend (682)
[2025.05.30-15.18.20:715][ 99]LogModuleManager: Shutting down and abandoning module ProfilerClient (680)
[2025.05.30-15.18.20:715][ 99]LogModuleManager: Shutting down and abandoning module DeviceManager (678)
[2025.05.30-15.18.20:715][ 99]LogModuleManager: Shutting down and abandoning module TargetDeviceServices (677)
[2025.05.30-15.18.20:749][ 99]LogModuleManager: Shutting down and abandoning module AutomationController (674)
[2025.05.30-15.18.20:749][ 99]LogModuleManager: Shutting down and abandoning module AutomationWindow (672)
[2025.05.30-15.18.20:750][ 99]LogModuleManager: Shutting down and abandoning module Layers (670)
[2025.05.30-15.18.20:750][ 99]LogModuleManager: Shutting down and abandoning module ComponentVisualizers (668)
[2025.05.30-15.18.20:750][ 99]LogModuleManager: Shutting down and abandoning module DetailCustomizations (666)
[2025.05.30-15.18.20:750][ 99]LogModuleManager: Shutting down and abandoning module PackagesDialog (664)
[2025.05.30-15.18.20:751][ 99]LogModuleManager: Shutting down and abandoning module AnimationBlueprintEditor (662)
[2025.05.30-15.18.20:751][ 99]LogModuleManager: Shutting down and abandoning module Persona (660)
[2025.05.30-15.18.20:751][ 99]LogModuleManager: Shutting down and abandoning module AdvancedPreviewScene (659)
[2025.05.30-15.18.20:752][ 99]LogModuleManager: Shutting down and abandoning module AnimGraph (657)
[2025.05.30-15.18.20:752][ 99]LogModuleManager: Shutting down and abandoning module Kismet (654)
[2025.05.30-15.18.20:756][ 99]LogModuleManager: Shutting down and abandoning module KismetWidgets (653)
[2025.05.30-15.18.20:756][ 99]LogModuleManager: Shutting down and abandoning module GraphEditor (650)
[2025.05.30-15.18.20:756][ 99]LogModuleManager: Shutting down and abandoning module StructViewer (648)
[2025.05.30-15.18.20:757][ 99]LogModuleManager: Shutting down and abandoning module ClassViewer (646)
[2025.05.30-15.18.20:757][ 99]LogModuleManager: Shutting down and abandoning module Toolbox (644)
[2025.05.30-15.18.20:757][ 99]LogModuleManager: Shutting down and abandoning module ModuleUI (642)
[2025.05.30-15.18.20:757][ 99]LogModuleManager: Shutting down and abandoning module OutputLog (640)
[2025.05.30-15.18.20:762][ 99]LogModuleManager: Shutting down and abandoning module GammaUI (638)
[2025.05.30-15.18.20:762][ 99]LogModuleManager: Shutting down and abandoning module Documentation (636)
[2025.05.30-15.18.20:762][ 99]LogModuleManager: Shutting down and abandoning module LiveCoding (634)
[2025.05.30-15.18.20:763][ 99]LogModuleManager: Shutting down and abandoning module LevelSequence (632)
[2025.05.30-15.18.20:763][ 99]LogModuleManager: Shutting down and abandoning module MovieSceneTracks (630)
[2025.05.30-15.18.20:763][ 99]LogModuleManager: Shutting down and abandoning module MovieScene (628)
[2025.05.30-15.18.20:763][ 99]LogModuleManager: Shutting down and abandoning module StreamingPauseRendering (626)
[2025.05.30-15.18.20:763][ 99]LogModuleManager: Shutting down and abandoning module LauncherPlatform (624)
[2025.05.30-15.18.20:763][ 99]LogModuleManager: Shutting down and abandoning module AnalyticsET (622)
[2025.05.30-15.18.20:763][ 99]LogModuleManager: Shutting down and abandoning module PortalServices (620)
[2025.05.30-15.18.20:763][ 99]LogModuleManager: Shutting down and abandoning module PortalRpc (618)
[2025.05.30-15.18.20:763][ 99]LogModuleManager: Shutting down and abandoning module MessagingRpc (616)
[2025.05.30-15.18.20:763][ 99]LogModuleManager: Shutting down and abandoning module AudioMixerXAudio2 (614)
[2025.05.30-15.18.20:763][ 99]LogModuleManager: Shutting down and abandoning module AudioMixerCore (613)
[2025.05.30-15.18.20:763][ 99]LogModuleManager: Shutting down and abandoning module AIModule (610)
[2025.05.30-15.18.20:764][ 99]LogModuleManager: Shutting down and abandoning module GameplayDebugger (609)
[2025.05.30-15.18.20:764][ 99]LogModuleManager: Shutting down and abandoning module AITestSuite (607)
[2025.05.30-15.18.20:764][ 99]LogModuleManager: Shutting down and abandoning module NavigationSystem (605)
[2025.05.30-15.18.20:764][ 99]LogModuleManager: Shutting down and abandoning module ImageWriteQueue (602)
[2025.05.30-15.18.20:815][ 99]LogModuleManager: Shutting down and abandoning module ProfilerService (600)
[2025.05.30-15.18.20:855][ 99]LogModuleManager: Shutting down and abandoning module TaskGraph (598)
[2025.05.30-15.18.20:855][ 99]LogModuleManager: Shutting down and abandoning module AudioSynesthesiaEditor (596)
[2025.05.30-15.18.20:855][ 99]LogModuleManager: Shutting down and abandoning module ContentBrowserFileDataSource (594)
[2025.05.30-15.18.20:855][ 99]LogModuleManager: Shutting down and abandoning module ContentBrowserAssetDataSource (592)
[2025.05.30-15.18.20:855][ 99]LogModuleManager: Shutting down and abandoning module ContentBrowserClassDataSource (590)
[2025.05.30-15.18.20:855][ 99]LogModuleManager: Shutting down and abandoning module CollectionManager (589)
[2025.05.30-15.18.20:856][ 99]LogModuleManager: Shutting down and abandoning module TakeSequencer (586)
[2025.05.30-15.18.20:856][ 99]LogModuleManager: Shutting down and abandoning module TakeMovieScene (584)
[2025.05.30-15.18.20:856][ 99]LogModuleManager: Shutting down and abandoning module SynthesisEditor (582)
[2025.05.30-15.18.20:856][ 99]LogModuleManager: Shutting down and abandoning module Synthesis (580)
[2025.05.30-15.18.20:856][ 99]LogModuleManager: Shutting down and abandoning module ResonanceAudio (578)
[2025.05.30-15.18.20:856][ 99]LogModuleManager: Shutting down and abandoning module ProceduralMeshComponentEditor (576)
[2025.05.30-15.18.20:856][ 99]LogModuleManager: Shutting down and abandoning module ProceduralMeshComponent (574)
[2025.05.30-15.18.20:856][ 99]LogModuleManager: Shutting down and abandoning module ScreenshotTools (572)
[2025.05.30-15.18.20:856][ 99]LogModuleManager: Shutting down and abandoning module OpenXREditor (570)
[2025.05.30-15.18.20:856][ 99]LogModuleManager: Shutting down and abandoning module MobilePatchingUtils (568)
[2025.05.30-15.18.20:856][ 99]LogModuleManager: Shutting down and abandoning module GooglePAD (566)
[2025.05.30-15.18.20:857][ 99]LogModuleManager: Shutting down and abandoning module EditableMesh (564)
[2025.05.30-15.18.20:857][ 99]LogModuleManager: Shutting down and abandoning module CustomMeshComponent (562)
[2025.05.30-15.18.20:857][ 99]LogModuleManager: Shutting down and abandoning module CableComponent (560)
[2025.05.30-15.18.20:857][ 99]LogModuleManager: Shutting down and abandoning module AudioCapture (558)
[2025.05.30-15.18.20:857][ 99]LogModuleManager: Shutting down and abandoning module AudioCaptureRtAudio (557)
[2025.05.30-15.18.20:857][ 99]LogModuleManager: Shutting down and abandoning module AssetTags (554)
[2025.05.30-15.18.20:858][ 99]LogModuleManager: Shutting down and abandoning module ArchVisCharacter (552)
[2025.05.30-15.18.20:858][ 99]LogModuleManager: Shutting down and abandoning module AppleImageUtilsBlueprintSupport (550)
[2025.05.30-15.18.20:858][ 99]LogModuleManager: Shutting down and abandoning module AppleImageUtils (548)
[2025.05.30-15.18.20:858][ 99]LogModuleManager: Shutting down and abandoning module AndroidPermission (546)
[2025.05.30-15.18.20:858][ 99]LogModuleManager: Shutting down and abandoning module ActorLayerUtilitiesEditor (544)
[2025.05.30-15.18.20:858][ 99]LogModuleManager: Shutting down and abandoning module ActorLayerUtilities (542)
[2025.05.30-15.18.20:858][ 99]LogModuleManager: Shutting down and abandoning module OpenImageDenoise (540)
[2025.05.30-15.18.20:858][ 99]LogOpenImageDenoise: OIDN shutting down
[2025.05.30-15.18.20:858][ 99]LogModuleManager: Shutting down and abandoning module MotoSynthEditor (538)
[2025.05.30-15.18.20:858][ 99]LogModuleManager: Shutting down and abandoning module MotoSynth (536)
[2025.05.30-15.18.20:858][ 99]LogModuleManager: Shutting down and abandoning module MeshConversion (534)
[2025.05.30-15.18.20:858][ 99]LogModuleManager: Shutting down and abandoning module DynamicMesh (532)
[2025.05.30-15.18.20:858][ 99]LogModuleManager: Shutting down and abandoning module GeometryAlgorithms (530)
[2025.05.30-15.18.20:858][ 99]LogModuleManager: Shutting down and abandoning module GeometricObjects (528)
[2025.05.30-15.18.20:858][ 99]LogModuleManager: Shutting down and abandoning module TemplateSequence (526)
[2025.05.30-15.18.20:858][ 99]LogModuleManager: Shutting down and abandoning module GeometryCollectionTracks (524)
[2025.05.30-15.18.20:858][ 99]LogModuleManager: Shutting down and abandoning module GeometryCollectionSequencer (523)
[2025.05.30-15.18.20:858][ 99]LogModuleManager: Shutting down and abandoning module GeometryCollectionEditor (520)
[2025.05.30-15.18.20:858][ 99]LogModuleManager: Shutting down and abandoning module GeometryCacheTracks (518)
[2025.05.30-15.18.20:858][ 99]LogModuleManager: Shutting down and abandoning module GeometryCacheStreamer (516)
[2025.05.30-15.18.20:858][ 99]LogModuleManager: Shutting down and abandoning module GeometryCacheSequencer (514)
[2025.05.30-15.18.20:858][ 99]LogModuleManager: Shutting down and abandoning module FractureEditor (512)
[2025.05.30-15.18.20:858][ 99]LogModuleManager: Shutting down and abandoning module ChaosSolverEditor (510)
[2025.05.30-15.18.20:859][ 99]LogModuleManager: Shutting down and abandoning module ChaosNiagara (508)
[2025.05.30-15.18.20:859][ 99]LogModuleManager: Shutting down and abandoning module FieldSystemEngine (507)
[2025.05.30-15.18.20:859][ 99]LogModuleManager: Shutting down and abandoning module ChaosClothEditor (504)
[2025.05.30-15.18.20:859][ 99]LogModuleManager: Shutting down and abandoning module BackChannel (502)
[2025.05.30-15.18.20:859][ 99]LogModuleManager: Shutting down and abandoning module AutomationUtilsEditor (500)
[2025.05.30-15.18.20:859][ 99]LogModuleManager: Shutting down and abandoning module AutomationUtils (498)
[2025.05.30-15.18.20:859][ 99]LogModuleManager: Shutting down and abandoning module AlembicImporter (496)
[2025.05.30-15.18.20:859][ 99]LogModuleManager: Shutting down and abandoning module AlembicLibrary (495)
[2025.05.30-15.18.20:859][ 99]LogModuleManager: Shutting down and abandoning module GeometryCache (494)
[2025.05.30-15.18.20:859][ 99]LogModuleManager: Shutting down and abandoning module GeometryCacheEd (493)
[2025.05.30-15.18.20:859][ 99]LogModuleManager: Shutting down and abandoning module MediaCompositing (488)
[2025.05.30-15.18.20:859][ 99]LogModuleManager: Shutting down and abandoning module ImgMedia (486)
[2025.05.30-15.18.20:859][ 99]LogModuleManager: Shutting down and abandoning module MagicLeapSharedWorld (484)
[2025.05.30-15.18.20:859][ 99]LogModuleManager: Shutting down and abandoning module MagicLeapLightEstimation (482)
[2025.05.30-15.18.20:859][ 99]LogModuleManager: Shutting down and abandoning module MagicLeapHelperVulkan (480)
[2025.05.30-15.18.20:859][ 99]LogModuleManager: Shutting down and abandoning module MagicLeapHelperOpenGL (478)
[2025.05.30-15.18.20:859][ 99]LogModuleManager: Shutting down and abandoning module MagicLeapAudio (476)
[2025.05.30-15.18.20:859][ 99]LogModuleManager: Shutting down and abandoning module NiagaraEditorWidgets (474)
[2025.05.30-15.18.20:859][ 99]LogModuleManager: Shutting down and abandoning module SpeedTreeImporter (472)
[2025.05.30-15.18.20:860][ 99]LogModuleManager: Shutting down and abandoning module PluginBrowser (470)
[2025.05.30-15.18.20:860][ 99]LogModuleManager: Shutting down and abandoning module MobileLauncherProfileWizard (468)
[2025.05.30-15.18.20:860][ 99]LogModuleManager: Shutting down and abandoning module MaterialAnalyzer (466)
[2025.05.30-15.18.20:860][ 99]LogModuleManager: Shutting down and abandoning module VariantManagerContentEditor (464)
[2025.05.30-15.18.20:860][ 99]LogModuleManager: Shutting down and abandoning module CurveEditorTools (462)
[2025.05.30-15.18.20:860][ 99]LogModuleManager: Shutting down and abandoning module CryptoKeysOpenSSL (460)
[2025.05.30-15.18.20:860][ 99]LogModuleManager: Shutting down and abandoning module CryptoKeys (458)
[2025.05.30-15.18.20:860][ 99]LogModuleManager: Shutting down and abandoning module DatasmithContentEditor (456)
[2025.05.30-15.18.20:860][ 99]LogModuleManager: Shutting down and abandoning module VisualStudioSourceCodeAccess (454)
[2025.05.30-15.18.20:861][ 99]LogModuleManager: Shutting down and abandoning module VisualStudioCodeSourceCodeAccess (452)
[2025.05.30-15.18.20:861][ 99]LogModuleManager: Shutting down and abandoning module UObjectPlugin (450)
[2025.05.30-15.18.20:861][ 99]LogModuleManager: Shutting down and abandoning module SubversionSourceControl (448)
[2025.05.30-15.18.20:861][ 99]LogModuleManager: Shutting down and abandoning module RiderSourceCodeAccess (446)
[2025.05.30-15.18.20:861][ 99]LogModuleManager: Shutting down and abandoning module PluginUtils (444)
[2025.05.30-15.18.20:861][ 99]LogModuleManager: Shutting down and abandoning module PlasticSourceControl (442)
[2025.05.30-15.18.20:861][ 99]LogModuleManager: Shutting down and abandoning module PerforceSourceControl (440)
[2025.05.30-15.18.20:862][ 99]LogModuleManager: Shutting down and abandoning module GitSourceControl (438)
[2025.05.30-15.18.20:862][ 99]LogModuleManager: Shutting down and abandoning module SourceControl (437)
[2025.05.30-15.18.20:862][ 99]LogModuleManager: Shutting down and abandoning module AnimationSharingEd (434)
[2025.05.30-15.18.20:862][ 99]LogModuleManager: Shutting down and abandoning module CLionSourceCodeAccess (432)
[2025.05.30-15.18.20:862][ 99]LogModuleManager: Shutting down and abandoning module OodleNetworkHandlerComponent (430)
[2025.05.30-15.18.20:862][ 99]LogModuleManager: Shutting down and abandoning module LiveLinkSequencer (428)
[2025.05.30-15.18.20:863][ 99]LogModuleManager: Shutting down and abandoning module LiveLinkMovieScene (426)
[2025.05.30-15.18.20:863][ 99]LogModuleManager: Shutting down and abandoning module LiveLinkGraphNode (424)
[2025.05.30-15.18.20:863][ 99]LogModuleManager: Shutting down and abandoning module LiveLinkEditor (422)
[2025.05.30-15.18.20:864][ 99]LogModuleManager: Shutting down and abandoning module LiveLinkComponents (420)
[2025.05.30-15.18.20:864][ 99]LogModuleManager: Shutting down and abandoning module LiveLink (418)
[2025.05.30-15.18.21:653][ 99]LogModuleManager: Shutting down and abandoning module LightPropagationVolumeEditor (416)
[2025.05.30-15.18.21:653][ 99]LogModuleManager: Shutting down and abandoning module PaperTiledImporter (414)
[2025.05.30-15.18.21:653][ 99]LogModuleManager: Shutting down and abandoning module PaperSpriteSheetImporter (412)
[2025.05.30-15.18.21:653][ 99]LogModuleManager: Shutting down and abandoning module Paper2DEditor (410)
[2025.05.30-15.18.21:654][ 99]LogModuleManager: Shutting down and abandoning module MeshPaintingToolset (408)
[2025.05.30-15.18.21:654][ 99]LogModuleManager: Shutting down and abandoning module MeshPaintEditorMode (406)
[2025.05.30-15.18.21:654][ 99]LogModuleManager: Shutting down and abandoning module SoundFields (404)
[2025.05.30-15.18.21:654][ 99]LogModuleManager: Shutting down and abandoning module SignificanceManager (402)
[2025.05.30-15.18.21:654][ 99]LogModuleManager: Shutting down and abandoning module RuntimePhysXCooking (400)
[2025.05.30-15.18.21:654][ 99]LogModuleManager: Shutting down and abandoning module PropertyAccessEditor (398)
[2025.05.30-15.18.21:654][ 99]LogModuleManager: Shutting down and abandoning module PhysXVehiclesEditor (396)
[2025.05.30-15.18.21:654][ 99]LogModuleManager: Shutting down and abandoning module LocationServicesBPLibrary (392)
[2025.05.30-15.18.21:654][ 99]LogModuleManager: Shutting down and abandoning module AudioSynesthesia (390)
[2025.05.30-15.18.21:654][ 99]LogModuleManager: Shutting down and abandoning module AudioSynesthesiaCore (388)
[2025.05.30-15.18.21:654][ 99]LogModuleManager: Shutting down and abandoning module PythonScriptPlugin (386)
[2025.05.30-15.18.21:654][ 99]LogModuleManager: Shutting down and abandoning module ActorSequence (384)
[2025.05.30-15.18.21:654][ 99]LogModuleManager: Shutting down and abandoning module TcpMessaging (382)
[2025.05.30-15.18.21:755][ 99]LogModuleManager: Shutting down and abandoning module UdpMessaging (380)
[2025.05.30-15.18.21:856][ 99]LogModuleManager: Shutting down and abandoning module ImgMediaEngine (378)
[2025.05.30-15.18.21:856][ 99]LogModuleManager: Shutting down and abandoning module MagicLeapARPin (376)
[2025.05.30-15.18.21:856][ 99]LogModuleManager: Shutting down and abandoning module MagicLeapHandMeshing (374)
[2025.05.30-15.18.21:856][ 99]LogModuleManager: Shutting down and abandoning module MagicLeapSecureStorage (372)
[2025.05.30-15.18.21:856][ 99]LogModuleManager: Shutting down and abandoning module MagicLeapPrivileges (370)
[2025.05.30-15.18.21:856][ 99]LogModuleManager: Shutting down and abandoning module MagicLeapPlanes (368)
[2025.05.30-15.18.21:856][ 99]LogMagicLeapPlanes: Planes tracker already destroyed.
[2025.05.30-15.18.21:856][ 99]LogModuleManager: Shutting down and abandoning module MagicLeapImageTracker (366)
[2025.05.30-15.18.21:856][ 99]LogModuleManager: Shutting down and abandoning module MagicLeapIdentity (364)
[2025.05.30-15.18.21:856][ 99]LogModuleManager: Shutting down and abandoning module MagicLeapHandTracking (362)
[2025.05.30-15.18.21:856][ 99]LogModuleManager: Shutting down and abandoning module MagicLeapEyeTracker (360)
[2025.05.30-15.18.21:856][ 99]LogModuleManager: Shutting down and abandoning module MagicLeapController (358)
[2025.05.30-15.18.21:856][ 99]LogModuleManager: Shutting down and abandoning module MagicLeapARPinImpl (356)
[2025.05.30-15.18.21:856][ 99]LogModuleManager: Shutting down and abandoning module MagicLeapAR (354)
[2025.05.30-15.18.21:856][ 99]LogModuleManager: Shutting down and abandoning module NiagaraAnimNotifies (352)
[2025.05.30-15.18.21:856][ 99]LogModuleManager: Shutting down and abandoning module Niagara (350)
[2025.05.30-15.18.21:856][ 99]LogModuleManager: Shutting down and abandoning module SignalProcessing (349)
[2025.05.30-15.18.21:856][ 99]LogModuleManager: Shutting down and abandoning module NiagaraEditor (347)
[2025.05.30-15.18.21:857][ 99]LogModuleManager: Shutting down and abandoning module NiagaraCore (344)
[2025.05.30-15.18.21:857][ 99]LogModuleManager: Shutting down and abandoning module GameplayTagsEditor (342)
[2025.05.30-15.18.21:857][ 99]LogModuleManager: Shutting down and abandoning module FacialAnimationEditor (340)
[2025.05.30-15.18.21:857][ 99]LogModuleManager: Shutting down and abandoning module FacialAnimation (338)
[2025.05.30-15.18.21:857][ 99]LogModuleManager: Shutting down and abandoning module DataValidation (336)
[2025.05.30-15.18.21:857][ 99]LogModuleManager: Shutting down and abandoning module AssetManagerEditor (334)
[2025.05.30-15.18.21:857][ 99]LogModuleManager: Shutting down and abandoning module LevelEditor (333)
[2025.05.30-15.18.21:860][ 99]LogModuleManager: Shutting down and abandoning module PixelInspectorModule (332)
[2025.05.30-15.18.21:860][ 99]LogModuleManager: Shutting down and abandoning module CommonMenuExtensions (330)
[2025.05.30-15.18.21:860][ 99]LogModuleManager: Shutting down and abandoning module MainFrame (328)
[2025.05.30-15.18.21:860][ 99]LogModuleManager: Shutting down and abandoning module HotReload (327)
[2025.05.30-15.18.21:861][ 99]LogModuleManager: Shutting down and abandoning module ToolMenus (323)
[2025.05.30-15.18.21:861][ 99]LogModuleManager: Shutting down and abandoning module ContentBrowser (321)
[2025.05.30-15.18.21:861][ 99]LogModuleManager: Shutting down and abandoning module ContentBrowserData (320)
[2025.05.30-15.18.21:861][ 99]LogModuleManager: Shutting down and abandoning module TreeMap (317)
[2025.05.30-15.18.21:861][ 99]LogModuleManager: Shutting down and abandoning module PropertyAccessNode (314)
[2025.05.30-15.18.21:861][ 99]LogModuleManager: Shutting down and abandoning module AnimationSharing (312)
[2025.05.30-15.18.21:861][ 99]LogModuleManager: Shutting down and abandoning module GameplayCameras (310)
[2025.05.30-15.18.21:861][ 99]LogModuleManager: Shutting down and abandoning module LightPropagationVolumeRuntime (308)
[2025.05.30-15.18.21:862][ 99]LogModuleManager: Shutting down and abandoning module EnvironmentQueryEditor (306)
[2025.05.30-15.18.21:862][ 99]LogModuleManager: Shutting down and abandoning module Paper2D (304)
[2025.05.30-15.18.21:862][ 99]LogModuleManager: Shutting down and abandoning module WindowsMoviePlayer (302)
[2025.05.30-15.18.21:876][ 99]LogModuleManager: Shutting down and abandoning module WebMMoviePlayer (300)
[2025.05.30-15.18.21:876][ 99]LogModuleManager: Shutting down and abandoning module NetworkReplayStreaming (298)
[2025.05.30-15.18.21:876][ 99]LogModuleManager: Shutting down and abandoning module PacketHandler (296)
[2025.05.30-15.18.21:876][ 99]LogModuleManager: Shutting down and abandoning module ClothingSystemEditor (294)
[2025.05.30-15.18.21:876][ 99]LogModuleManager: Shutting down and abandoning module ClothingSystemRuntimeNv (292)
[2025.05.30-15.18.21:876][ 99]LogModuleManager: Shutting down and abandoning module MediaAssets (290)
[2025.05.30-15.18.21:876][ 99]LogModuleManager: Shutting down and abandoning module Overlay (288)
[2025.05.30-15.18.21:876][ 99]LogModuleManager: Shutting down and abandoning module OverlayEditor (287)
[2025.05.30-15.18.21:876][ 99]LogModuleManager: Shutting down and abandoning module VREditor (284)
[2025.05.30-15.18.21:876][ 99]LogModuleManager: Shutting down and abandoning module StringTableEditor (282)
[2025.05.30-15.18.21:876][ 99]LogModuleManager: Shutting down and abandoning module GameplayTasksEditor (280)
[2025.05.30-15.18.21:876][ 99]LogModuleManager: Shutting down and abandoning module BehaviorTreeEditor (278)
[2025.05.30-15.18.21:876][ 99]LogModuleManager: Shutting down and abandoning module FunctionalTesting (276)
[2025.05.30-15.18.21:876][ 99]LogModuleManager: Shutting down and abandoning module CollisionAnalyzer (274)
[2025.05.30-15.18.21:876][ 99]LogModuleManager: Shutting down and abandoning module WorkspaceMenuStructure (273)
[2025.05.30-15.18.21:876][ 99]LogModuleManager: Shutting down and abandoning module UMG (270)
[2025.05.30-15.18.21:876][ 99]LogModuleManager: Shutting down and abandoning module UMGEditor (269)
[2025.05.30-15.18.21:877][ 99]LogModuleManager: Shutting down and abandoning module MessageLog (267)
[2025.05.30-15.18.21:877][ 99]LogModuleManager: Shutting down and abandoning module SlateReflector (262)
[2025.05.30-15.18.21:877][ 99]LogModuleManager: Shutting down and abandoning module Slate (260)
[2025.05.30-15.18.21:877][ 99]LogModuleManager: Shutting down and abandoning module SlateCore (258)
[2025.05.30-15.18.21:879][ 99]LogModuleManager: Shutting down and abandoning module LandscapeEditorUtilities (256)
[2025.05.30-15.18.21:879][ 99]LogModuleManager: Shutting down and abandoning module UnrealEd (254)
[2025.05.30-15.18.21:879][ 99]LogModuleManager: Shutting down and abandoning module MRMesh (252)
[2025.05.30-15.18.21:879][ 99]LogModuleManager: Shutting down and abandoning module SourceCodeAccess (250)
[2025.05.30-15.18.21:879][ 99]LogModuleManager: Shutting down and abandoning module HeadMountedDisplay (248)
[2025.05.30-15.18.21:879][ 99]LogModuleManager: Shutting down and abandoning module XAudio2 (246)
[2025.05.30-15.18.21:879][ 99]LogModuleManager: Shutting down and abandoning module Networking (244)
[2025.05.30-15.18.21:879][ 99]LogModuleManager: Shutting down and abandoning module Core (242)
[2025.05.30-15.18.21:879][ 99]LogModuleManager: Shutting down and abandoning module MaterialEditor (240)
[2025.05.30-15.18.21:879][ 99]LogModuleManager: Shutting down and abandoning module MovieSceneTools (238)
[2025.05.30-15.18.21:879][ 99]LogModuleManager: Shutting down and abandoning module CurveEditor (237)
[2025.05.30-15.18.21:880][ 99]LogModuleManager: Shutting down and abandoning module Sequencer (235)
[2025.05.30-15.18.21:880][ 99]LogModuleManager: Shutting down and abandoning module EditorStyle (234)
[2025.05.30-15.18.21:883][ 99]LogModuleManager: Shutting down and abandoning module KismetCompiler (230)
[2025.05.30-15.18.21:883][ 99]LogModuleManager: Shutting down and abandoning module MeshBuilder (228)
[2025.05.30-15.18.21:883][ 99]LogModuleManager: Shutting down and abandoning module MeshUtilities (226)
[2025.05.30-15.18.21:883][ 99]LogModuleManager: Shutting down and abandoning module MeshMergeUtilities (225)
[2025.05.30-15.18.21:883][ 99]LogModuleManager: Shutting down and abandoning module MeshReductionInterface (224)
[2025.05.30-15.18.21:883][ 99]LogModuleManager: Shutting down and abandoning module MeshBoneReduction (223)
[2025.05.30-15.18.21:883][ 99]LogModuleManager: Shutting down and abandoning module SkeletalMeshReduction (221)
[2025.05.30-15.18.21:883][ 99]LogModuleManager: Shutting down and abandoning module ProxyLODMeshReduction (219)
[2025.05.30-15.18.21:883][ 99]LogModuleManager: Shutting down and abandoning module QuadricMeshReduction (217)
[2025.05.30-15.18.21:883][ 99]LogModuleManager: Shutting down and abandoning module MaterialBaking (213)
[2025.05.30-15.18.21:883][ 99]LogModuleManager: Shutting down and abandoning module NullInstallBundleManager (208)
[2025.05.30-15.18.21:883][ 99]LogModuleManager: Shutting down and abandoning module DerivedDataCache (206)
[2025.05.30-15.18.21:883][ 99]LogModuleManager: Shutting down and abandoning module TargetPlatform (204)
[2025.05.30-15.18.21:884][ 99]LogModuleManager: Shutting down and abandoning module VulkanShaderFormat (203)
[2025.05.30-15.18.21:884][ 99]LogModuleManager: Shutting down and abandoning module ShaderFormatVectorVM (201)
[2025.05.30-15.18.21:884][ 99]LogModuleManager: Shutting down and abandoning module ShaderFormatOpenGL (199)
[2025.05.30-15.18.21:884][ 99]LogModuleManager: Shutting down and abandoning module ShaderFormatD3D (197)
[2025.05.30-15.18.21:884][ 99]LogModuleManager: Shutting down and abandoning module MetalShaderFormat (195)
[2025.05.30-15.18.21:884][ 99]LogModuleManager: Shutting down and abandoning module TextureFormatOodle (193)
[2025.05.30-15.18.21:884][ 99]LogModuleManager: Shutting down and abandoning module TextureFormatUncompressed (191)
[2025.05.30-15.18.21:884][ 99]LogModuleManager: Shutting down and abandoning module TextureFormatPVR (189)
[2025.05.30-15.18.21:884][ 99]LogModuleManager: Shutting down and abandoning module TextureFormatETC2 (187)
[2025.05.30-15.18.21:884][ 99]LogModuleManager: Shutting down and abandoning module TextureFormatDXT (185)
[2025.05.30-15.18.21:884][ 99]LogModuleManager: Shutting down and abandoning module TextureFormatIntelISPCTexComp (183)
[2025.05.30-15.18.21:885][ 99]LogModuleManager: Shutting down and abandoning module TextureFormatASTC (181)
[2025.05.30-15.18.21:885][ 99]LogModuleManager: Shutting down and abandoning module ImageWrapper (180)
[2025.05.30-15.18.21:885][ 99]LogModuleManager: Shutting down and abandoning module AudioFormatOpus (177)
[2025.05.30-15.18.21:885][ 99]LogModuleManager: Shutting down and abandoning module AudioFormatOgg (175)
[2025.05.30-15.18.21:885][ 99]LogModuleManager: Shutting down and abandoning module AudioFormatADPCM (173)
[2025.05.30-15.18.21:885][ 99]LogModuleManager: Shutting down and abandoning module WindowsServerTargetPlatform (171)
[2025.05.30-15.18.21:885][ 99]LogModuleManager: Shutting down and abandoning module WindowsClientTargetPlatform (169)
[2025.05.30-15.18.21:885][ 99]LogModuleManager: Shutting down and abandoning module WindowsTargetPlatform (167)
[2025.05.30-15.18.21:885][ 99]LogModuleManager: Shutting down and abandoning module WindowsNoEditorTargetPlatform (165)
[2025.05.30-15.18.21:886][ 99]LogModuleManager: Shutting down and abandoning module TVOSTargetPlatform (163)
[2025.05.30-15.18.21:889][ 99]LogModuleManager: Shutting down and abandoning module MacServerTargetPlatform (161)
[2025.05.30-15.18.21:890][ 99]LogModuleManager: Shutting down and abandoning module MacClientTargetPlatform (159)
[2025.05.30-15.18.21:890][ 99]LogModuleManager: Shutting down and abandoning module MacTargetPlatform (157)
[2025.05.30-15.18.21:890][ 99]LogModuleManager: Shutting down and abandoning module MacNoEditorTargetPlatform (155)
[2025.05.30-15.18.21:890][ 99]LogModuleManager: Shutting down and abandoning module LuminTargetPlatform (153)
[2025.05.30-15.18.21:895][ 99]LogModuleManager: Shutting down and abandoning module LinuxAArch64ServerTargetPlatform (151)
[2025.05.30-15.18.21:895][ 99]LogModuleManager: Shutting down and abandoning module LinuxAArch64ClientTargetPlatform (149)
[2025.05.30-15.18.21:895][ 99]LogModuleManager: Shutting down and abandoning module LinuxAArch64NoEditorTargetPlatform (147)
[2025.05.30-15.18.21:895][ 99]LogModuleManager: Shutting down and abandoning module LinuxServerTargetPlatform (145)
[2025.05.30-15.18.21:895][ 99]LogModuleManager: Shutting down and abandoning module LinuxClientTargetPlatform (143)
[2025.05.30-15.18.21:895][ 99]LogModuleManager: Shutting down and abandoning module LinuxNoEditorTargetPlatform (141)
[2025.05.30-15.18.21:895][ 99]LogModuleManager: Shutting down and abandoning module LinuxTargetPlatform (139)
[2025.05.30-15.18.21:895][ 99]LogModuleManager: Shutting down and abandoning module Messaging (137)
[2025.05.30-15.18.21:895][ 99]LogModuleManager: Shutting down and abandoning module IOSTargetPlatform (135)
[2025.05.30-15.18.21:899][ 99]LogModuleManager: Shutting down and abandoning module AndroidTargetPlatform (133)
[2025.05.30-15.18.21:917][ 99]LogModuleManager: Shutting down and abandoning module AllDesktopTargetPlatform (131)
[2025.05.30-15.18.21:917][ 99]LogModuleManager: Shutting down and abandoning module D3D11RHI (128)
[2025.05.30-15.18.21:917][ 99]LogModuleManager: Shutting down and abandoning module InputCore (126)
[2025.05.30-15.18.21:917][ 99]LogModuleManager: Shutting down and abandoning module Settings (124)
[2025.05.30-15.18.21:917][ 99]LogModuleManager: Shutting down and abandoning module DirectoryWatcher (122)
[2025.05.30-15.18.21:918][ 99]LogModuleManager: Shutting down and abandoning module PhysXCooking (120)
[2025.05.30-15.18.21:918][ 99]LogModuleManager: Shutting down and abandoning module Chaos (118)
[2025.05.30-15.18.21:918][ 99]LogModuleManager: Shutting down and abandoning module WindowsPlatformFeatures (116)
[2025.05.30-15.18.21:918][ 99]LogModuleManager: Shutting down and abandoning module GameplayMediaEncoder (115)
[2025.05.30-15.18.21:918][ 99]LogModuleManager: Shutting down and abandoning module AVEncoder (114)
[2025.05.30-15.18.21:918][ 99]LogModuleManager: Shutting down and abandoning module OculusOpenXRHMD (110)
[2025.05.30-15.18.21:918][ 99]LogModuleManager: Shutting down and abandoning module OpenXRHandTracking (108)
[2025.05.30-15.18.21:919][ 99]LogSlate: Slate User Destroyed.  User Index 0, Is Virtual User: 0
[2025.05.30-15.18.21:920][ 99]LogSlate: Slate User Destroyed.  User Index 8, Is Virtual User: 1
[2025.05.30-15.18.21:920][ 99]LogModuleManager: Shutting down and abandoning module OpenXREyeTracker (106)
[2025.05.30-15.18.21:920][ 99]LogModuleManager: Shutting down and abandoning module OpenXRAR (104)
[2025.05.30-15.18.21:920][ 99]LogModuleManager: Shutting down and abandoning module AugmentedReality (103)
[2025.05.30-15.18.21:920][ 99]LogModuleManager: Shutting down and abandoning module OpenXRHMD (100)
[2025.05.30-15.18.21:933][ 99]LogModuleManager: Shutting down and abandoning module ExampleDeviceProfileSelector (98)
[2025.05.30-15.18.21:933][ 99]LogModuleManager: Shutting down and abandoning module ChunkDownloader (96)
[2025.05.30-15.18.21:933][ 99]LogModuleManager: Shutting down and abandoning module LauncherChunkInstaller (94)
[2025.05.30-15.18.21:933][ 99]LogModuleManager: Shutting down and abandoning module OnlineBlueprintSupport (92)
[2025.05.30-15.18.21:933][ 99]LogModuleManager: Shutting down and abandoning module OnlineSubsystem (88)
[2025.05.30-15.18.21:934][ 99]LogModuleManager: Shutting down and abandoning module XMPP (83)
[2025.05.30-15.18.21:934][ 99]LogModuleManager: Shutting down and abandoning module WebSockets (82)
[2025.05.30-15.18.21:950][ 99]LogModuleManager: Shutting down and abandoning module HTTP (79)
[2025.05.30-15.18.21:950][ 99]LogHttp: Display: Http module shutting down, but needs to wait on 1 outstanding Http requests:
[2025.05.30-15.18.21:950][ 99]LogHttp: Display: 	verb=[POST] url=[https://datarouter.ol.epicgames.com/datarouter/api/v1/public/data?SessionID=%7BA5D70B66-4648-FEC7-59BA-A78C79E21F9B%7D&AppID=UEEditor.Rocket.Release&AppVersion=4.27.2-18319896%2B%2B%2BUE4%2BRelease-4.27&UserID=7c94b82b47ff438d985a2fb2023a6dd1%7C09e1899b03fd49b9988fdfc1775a2234%7C532fb83d-4559-4eb5-bdff-69c8dbe31da0&AppEnvironment=datacollector-binary&UploadType=eteventstream] refs=[1] status=Processing
[2025.05.30-15.18.21:950][ 99]LogHttp: Display: cleaning up 1 outstanding Http requests.
[2025.05.30-15.18.21:984][ 99]LogModuleManager: Shutting down and abandoning module SSL (78)
[2025.05.30-15.18.21:985][ 99]LogModuleManager: Shutting down and abandoning module ChaosCloth (74)
[2025.05.30-15.18.21:985][ 99]LogModuleManager: Shutting down and abandoning module WmfMedia (72)
[2025.05.30-15.18.21:987][ 99]LogModuleManager: Shutting down and abandoning module Media (71)
[2025.05.30-15.18.21:988][ 99]LogModuleManager: Shutting down and abandoning module MediaInfo (70)
[2025.05.30-15.18.21:988][ 99]LogModuleManager: Shutting down and abandoning module ExrReaderGpu (66)
[2025.05.30-15.18.21:988][ 99]LogModuleManager: Shutting down and abandoning module MLSDK (64)
[2025.05.30-15.18.21:988][ 99]LogModuleManager: Shutting down and abandoning module MagicLeap (62)
[2025.05.30-15.18.21:988][ 99]LogModuleManager: Shutting down and abandoning module NiagaraVertexFactories (60)
[2025.05.30-15.18.21:988][ 99]LogModuleManager: Shutting down and abandoning module NiagaraShader (58)
[2025.05.30-15.18.21:988][ 99]LogModuleManager: Shutting down and abandoning module VariantManagerContent (56)
[2025.05.30-15.18.21:988][ 99]LogModuleManager: Shutting down and abandoning module DatasmithContent (54)
[2025.05.30-15.18.21:989][ 99]LogModuleManager: Shutting down and abandoning module PixWinPlugin (52)
[2025.05.30-15.18.21:989][ 99]LogModuleManager: Shutting down and abandoning module AISupportModule (50)
[2025.05.30-15.18.21:989][ 99]LogModuleManager: Shutting down and abandoning module DesktopPlatform (48)
[2025.05.30-15.18.21:989][ 99]LogModuleManager: Shutting down and abandoning module PythonScriptPluginPreload (46)
[2025.05.30-15.18.21:989][ 99]LogModuleManager: Shutting down and abandoning module PlatformCryptoOpenSSL (44)
[2025.05.30-15.18.21:989][ 99]LogModuleManager: Shutting down and abandoning module PlatformCryptoTypes (42)
[2025.05.30-15.18.21:989][ 99]LogModuleManager: Shutting down and abandoning module PlatformCrypto (40)
[2025.05.30-15.18.21:989][ 99]LogModuleManager: Shutting down and abandoning module OodleDataCompressionFormat (38)
[2025.05.30-15.18.21:989][ 99]LogModuleManager: Shutting down and abandoning module XGEController (36)
[2025.05.30-15.18.21:989][ 99]LogModuleManager: Shutting down and abandoning module AnimationModifiers (34)
[2025.05.30-15.18.21:989][ 99]LogModuleManager: Shutting down and abandoning module AudioEditor (32)
[2025.05.30-15.18.21:989][ 99]LogModuleManager: Shutting down and abandoning module PropertyEditor (31)
[2025.05.30-15.18.21:990][ 99]LogModuleManager: Shutting down and abandoning module TextureCompressor (28)
[2025.05.30-15.18.21:990][ 99]LogModuleManager: Shutting down and abandoning module RenderCore (26)
[2025.05.30-15.18.21:990][ 99]LogModuleManager: Shutting down and abandoning module Landscape (24)
[2025.05.30-15.18.21:990][ 99]LogModuleManager: Shutting down and abandoning module SlateRHIRenderer (22)
[2025.05.30-15.18.21:991][ 99]LogModuleManager: Shutting down and abandoning module AnimGraphRuntime (20)
[2025.05.30-15.18.21:991][ 99]LogModuleManager: Shutting down and abandoning module Renderer (18)
[2025.05.30-15.18.21:991][ 99]LogModuleManager: Shutting down and abandoning module Engine (16)
[2025.05.30-15.18.21:991][ 99]LogModuleManager: Shutting down and abandoning module CoreUObject (14)
[2025.05.30-15.18.21:991][ 99]LogModuleManager: Shutting down and abandoning module NetworkFile (12)
[2025.05.30-15.18.21:991][ 99]LogModuleManager: Shutting down and abandoning module CookedIterativeFile (10)
[2025.05.30-15.18.21:991][ 99]LogModuleManager: Shutting down and abandoning module StreamingFile (8)
[2025.05.30-15.18.21:991][ 99]LogModuleManager: Shutting down and abandoning module SandboxFile (6)
[2025.05.30-15.18.21:991][ 99]LogModuleManager: Shutting down and abandoning module PakFile (4)
[2025.05.30-15.18.21:991][ 99]LogModuleManager: Shutting down and abandoning module RSA (3)
[2025.05.30-15.18.21:991][ 99]LogContentStreaming: Display: There are 1 unreleased StreamingManagers
[2025.05.30-15.18.22:049][ 99]LogD3D11RHI: Shutdown
[2025.05.30-15.18.22:049][ 99]LogD3D11RHI: CleanupD3DDevice
[2025.05.30-15.18.22:052][ 99]LogExit: Exiting.
[2025.05.30-15.18.22:062][ 99]Log file closed, 05/30/25 18:18:22
